step,type,amount,nameOrig,oldbalanceOrg,newbalanceOrig,nameDest,oldbalanceDest,newbalanceDest,isFraud,isFlaggedFraud
1,CASH_OUT,772.07,C000174,2095.71,1323.64,M000028,1613.82,2385.9,0,0
1,PAYMENT,158.99,C000114,4019.83,3860.84,M000089,9563.62,9722.62,0,0
1,PAYMENT,620.62,C000183,3192.86,2572.25,M000097,667.99,1288.61,0,0
1,PAYMENT,587.0,C000008,2880.36,2293.36,M000103,6414.32,7001.32,0,0
1,CASH_OUT,2844.24,C000239,737.2,0.0,M000120,41462.55,44306.79,0,0
1,PAYMENT,474.34,C000020,5315.19,4840.85,M000029,3272.28,3746.62,0,0
1,PAYMENT,1275.34,C000204,22643.09,21367.75,M000155,2861.0,4136.35,0,0
1,CASH_OUT,1187.95,C000260,1224.81,36.85,M000073,10061.81,11249.77,0,0
1,CASH_OUT,116.7,C000222,3047.95,2931.25,M000014,3878.8,3995.49,0,0
1,PAYMENT,1270.63,C000056,5044.09,3773.46,M000128,8870.41,10141.04,0,0
1,CASH_IN,1149.92,C000102,8961.29,7811.36,M000193,11336.57,12486.49,0,0
1,TRANSFER,406.54,C000170,14395.97,13989.43,M000096,7396.14,7802.68,0,0
1,PAYMENT,1196.26,C000061,7381.79,6185.53,M000086,9702.61,10898.86,0,0
1,PAYMENT,1832.72,C000275,42594.95,40762.23,M000061,8032.69,9865.41,0,0
1,CASH_IN,881.91,C000187,3660.12,2778.2,M000101,3463.59,4345.5,0,0
1,CASH_OUT,102.08,C000059,6337.07,6235.0,M000083,16302.67,16404.75,0,0
1,TRANSFER,915.6,C000147,961.58,45.98,M000126,3336.19,4251.79,0,0
1,TRANSFER,248.73,C000042,13723.7,13474.97,M000076,6368.48,6617.21,0,0
1,PAYMENT,644.78,C000237,4144.69,3499.9,M000003,3599.03,4243.81,0,0
1,TRANSFER,149.68,C000128,8396.96,8247.27,M000027,11101.7,11251.38,0,0
1,CASH_IN,193.36,C000150,3260.93,3067.57,M000083,2144.49,2337.85,0,0
1,CASH_OUT,67.69,C000153,4698.84,4631.16,M000176,6754.47,6822.16,0,0
1,PAYMENT,362.12,C000193,39928.8,39566.68,M000116,4470.94,4833.07,0,0
1,PAYMENT,429.46,C000159,15111.94,14682.48,M000025,15842.65,16272.11,0,0
1,PAYMENT,194.22,C000233,7046.33,6852.1,M000093,6029.26,6223.48,0,0
1,CASH_IN,481.98,C000093,10851.2,10369.22,M000143,4359.61,4841.59,0,0
1,PAYMENT,1914.04,C000178,9922.65,8008.61,M000113,26795.3,28709.34,0,0
1,PAYMENT,730.55,C000027,3511.12,2780.57,M000096,26862.11,27592.66,0,0
1,CASH_IN,94.35,C000207,29794.19,29699.84,M000091,42653.25,42747.6,0,0
1,TRANSFER,296.79,C000267,14504.83,14208.04,M000113,13560.22,13857.02,0,0
1,TRANSFER,765.2,C000057,10440.44,9675.24,M000024,6621.98,7387.18,0,0
1,CASH_OUT,267.95,C000198,60951.16,60683.21,M000160,39769.94,40037.9,0,0
1,PAYMENT,465.08,C000049,13432.66,12967.58,M000070,13196.07,13661.16,0,0
1,PAYMENT,84.13,C000292,3234.9,3150.77,M000007,41031.41,41115.54,0,0
1,TRANSFER,444.76,C000085,1644.51,1199.75,M000152,5409.97,5854.73,0,0
1,TRANSFER,1644.05,C000237,6353.06,4709.01,M000088,10362.19,12006.25,0,0
1,CASH_OUT,58.57,C000234,2310.06,2251.5,M000195,5287.43,5345.99,0,0
1,CASH_IN,101.35,C000240,744.05,642.7,M000110,6892.77,6994.11,0,0
1,CASH_IN,1646.07,C000077,5676.6,4030.54,M000175,2088.53,3734.6,0,0
1,CASH_OUT,1246.09,C000299,9593.5,8347.41,M000155,3382.63,4628.71,0,0
1,PAYMENT,2107.76,C000067,5063.51,2955.75,M000155,7522.11,9629.87,0,0
1,CASH_IN,1356.47,C000202,2946.47,1590.01,M000019,5480.15,6836.61,0,0
1,CASH_IN,1457.11,C000019,5253.74,3796.63,M000164,6692.66,8149.77,0,0
1,TRANSFER,2250.4,C000235,3200.31,949.9,M000184,3782.88,6033.29,0,0
1,PAYMENT,266.3,C000090,4608.79,4342.5,M000016,3835.1,4101.4,0,0
1,TRANSFER,421.22,C000034,1546.87,1125.65,M000019,7220.49,7641.72,0,0
1,TRANSFER,4617.3,C000103,4952.26,334.96,M000161,43241.9,47859.21,0,0
1,TRANSFER,643.23,C000250,4262.06,3618.83,M000028,10318.89,10962.12,0,0
1,TRANSFER,2341.13,C000284,1199.36,0.0,M000094,2948.85,5289.98,0,0
1,CASH_IN,755.91,C000213,1089.07,333.17,M000134,3092.69,3848.6,0,0
1,PAYMENT,2176.42,C000281,6524.96,4348.54,M000157,3182.97,5359.39,0,0
1,DEBIT,1240.05,C000289,2600.64,1360.59,M000142,17428.06,18668.11,0,0
1,PAYMENT,357.94,C000288,10764.23,10406.29,M000183,5166.84,5524.78,0,0
1,CASH_IN,128.63,C000275,12211.24,12082.61,M000036,4714.74,4843.38,0,0
1,TRANSFER,118.52,C000015,18157.14,18038.61,M000057,5639.95,5758.48,0,0
1,TRANSFER,1208.31,C000058,5015.06,3806.75,M000016,4950.76,6159.07,0,0
1,PAYMENT,1259.12,C000016,4693.71,3434.59,M000104,13328.82,14587.94,0,0
1,CASH_OUT,44.0,C000220,4754.13,4710.13,M000018,9009.82,9053.82,0,0
1,CASH_IN,923.99,C000133,5316.87,4392.88,M000041,2525.96,3449.95,0,0
1,PAYMENT,49.34,C000081,9825.4,9776.06,M000085,1314.96,1364.31,0,0
1,PAYMENT,174.18,C000248,9963.98,9789.8,M000183,1169.72,1343.9,0,0
1,PAYMENT,714.05,C000160,6694.73,5980.67,M000020,6526.6,7240.65,0,0
1,CASH_IN,133.64,C000128,10473.41,10339.77,M000178,3817.3,3950.94,0,0
1,PAYMENT,628.68,C000175,3198.02,2569.34,M000023,13867.29,14495.98,0,0
1,PAYMENT,182.34,C000236,2733.57,2551.22,M000190,11091.97,11274.31,0,0
1,PAYMENT,136.45,C000195,21822.42,21685.96,M000051,17790.34,17926.8,0,0
1,TRANSFER,520.72,C000259,3071.07,2550.35,M000157,6883.3,7404.03,0,0
1,CASH_OUT,246.26,C000102,2605.89,2359.63,M000071,8139.52,8385.78,0,0
1,CASH_OUT,609.37,C000173,13176.99,12567.62,M000006,7150.44,7759.81,0,0
1,CASH_OUT,263.22,C000257,2976.56,2713.34,M000149,1171.6,1434.82,0,0
1,PAYMENT,1015.46,C000265,7696.26,6680.8,M000008,15286.03,16301.49,0,0
1,TRANSFER,497.43,C000239,6544.44,6047.01,M000133,2155.39,2652.82,0,0
1,PAYMENT,685.43,C000186,10719.21,10033.79,M000153,2474.7,3160.12,0,0
1,CASH_OUT,470.63,C000209,8142.84,7672.21,M000154,3897.04,4367.67,0,0
1,TRANSFER,149.71,C000216,7356.89,7207.18,M000042,24982.46,25132.18,0,0
1,PAYMENT,191.66,C000038,4019.95,3828.3,M000064,6131.97,6323.63,0,0
2,CASH_OUT,605.53,C000007,12118.1,11512.57,M000177,6430.61,7036.14,0,0
2,TRANSFER,1226.53,C000044,1771.65,545.12,M000022,2795.6,4022.13,0,0
2,CASH_OUT,625.22,C000208,1064.71,439.5,M000103,3642.15,4267.37,0,0
2,PAYMENT,185.43,C000033,2883.38,2697.95,M000108,713.24,898.67,0,0
2,PAYMENT,831.22,C000068,8445.23,7614.0,M000112,12724.16,13555.39,0,0
2,PAYMENT,610.67,C000278,1667.3,1056.64,M000001,6338.8,6949.47,0,0
2,CASH_IN,365.89,C000033,6729.52,6363.62,M000081,3643.23,4009.12,0,0
2,PAYMENT,227.66,C000299,11339.25,11111.59,M000002,4516.33,4744.0,0,0
2,CASH_IN,749.46,C000236,3604.6,2855.14,M000193,4543.46,5292.92,0,0
2,PAYMENT,35.86,C000261,3773.22,3737.35,M000028,2053.42,2089.29,0,0
2,CASH_OUT,110.29,C000199,11490.85,11380.55,M000162,3774.18,3884.47,0,0
2,CASH_OUT,535.15,C000129,9146.12,8610.97,M000114,5685.59,6220.74,0,0
2,CASH_IN,579.72,C000145,3138.83,2559.11,M000023,9234.7,9814.42,0,0
2,CASH_IN,778.69,C000091,5465.5,4686.81,M000020,17978.31,18757.01,0,0
2,PAYMENT,1516.07,C000154,5071.65,3555.58,M000059,12622.39,14138.45,0,0
2,CASH_IN,493.55,C000041,13820.26,13326.71,M000154,4391.52,4885.07,0,0
2,PAYMENT,673.1,C000287,2847.81,2174.71,M000006,2559.08,3232.18,0,0
2,PAYMENT,1309.39,C000094,6699.97,5390.58,M000184,38615.1,39924.49,0,0
2,PAYMENT,926.78,C000280,3655.42,2728.64,M000176,1972.06,2898.83,0,0
2,PAYMENT,399.52,C000005,2572.62,2173.1,M000174,3136.0,3535.53,0,0
2,CASH_IN,204.66,C000114,6396.2,6191.54,M000132,13661.67,13866.33,0,0
2,CASH_OUT,326.59,C000013,567.69,241.1,M000167,2068.31,2394.89,0,0
2,PAYMENT,294.4,C000246,2083.2,1788.8,M000023,1801.44,2095.84,0,0
2,CASH_IN,199.56,C000225,1474.19,1274.63,M000096,9306.85,9506.41,0,0
2,PAYMENT,664.14,C000099,5036.36,4372.22,M000192,6261.33,6925.47,0,0
2,PAYMENT,726.94,C000066,15173.96,14447.02,M000011,2257.56,2984.5,0,0
2,CASH_OUT,1535.18,C000154,651.15,0.0,M000038,15221.2,16756.39,0,0
2,PAYMENT,2072.58,C000131,3853.27,1780.69,M000069,6128.85,8201.43,0,0
2,CASH_OUT,1160.98,C000271,2176.42,1015.44,M000100,20598.88,21759.86,0,0
2,TRANSFER,104.43,C000000,11564.94,11460.52,M000015,3127.63,3232.06,0,0
2,CASH_IN,595.5,C000210,4247.43,3651.93,M000082,12193.43,12788.93,0,0
2,TRANSFER,177.84,C000265,8181.93,8004.09,M000063,14230.81,14408.65,0,0
2,CASH_OUT,156.1,C000152,4986.91,4830.81,M000066,1651.21,1807.32,0,0
2,TRANSFER,307.2,C000204,1583.69,1276.49,M000111,1307.82,1615.03,0,0
2,DEBIT,86.99,C000080,6372.75,6285.76,M000189,1790.5,1877.49,0,0
2,CASH_IN,687.0,C000059,4825.37,4138.38,M000063,21101.97,21788.96,0,0
2,CASH_IN,414.18,C000043,6464.69,6050.51,M000051,5291.44,5705.62,0,0
2,PAYMENT,644.29,C000249,3522.03,2877.74,M000028,4247.05,4891.34,0,0
2,PAYMENT,192.84,C000182,9561.88,9369.04,M000155,17753.46,17946.3,0,0
2,CASH_IN,296.66,C000052,1005.58,708.92,M000104,14120.97,14417.62,0,0
2,CASH_IN,1075.78,C000008,8868.5,7792.73,M000125,8818.83,9894.6,0,0
2,CASH_OUT,900.24,C000299,2241.38,1341.14,M000110,57636.07,58536.31,0,0
2,CASH_OUT,210.62,C000139,5517.46,5306.84,M000095,5421.9,5632.52,0,0
2,PAYMENT,479.04,C000093,16002.81,15523.77,M000137,29218.88,29697.92,0,0
2,CASH_IN,331.4,C000206,21588.82,21257.42,M000112,3927.02,4258.42,0,0
2,PAYMENT,248.88,C000268,2110.86,1861.98,M000141,8157.69,8406.57,0,0
2,PAYMENT,2470.79,C000138,3371.91,901.11,M000189,494.25,2965.04,0,0
2,CASH_OUT,889.64,C000298,19639.44,18749.8,M000051,89981.3,90870.94,0,0
2,CASH_OUT,75.56,C000000,3740.93,3665.36,M000008,15093.63,15169.19,0,0
2,PAYMENT,772.89,C000113,2102.75,1329.86,M000078,1964.73,2737.62,0,0
2,TRANSFER,524.79,C000136,889.53,364.74,M000060,4777.42,5302.21,0,0
2,PAYMENT,466.89,C000109,2070.09,1603.2,M000167,4347.7,4814.58,0,0
2,TRANSFER,96.65,C000196,2604.51,2507.86,M000048,3929.51,4026.17,0,0
2,DEBIT,384.74,C000195,4250.74,3866.0,M000080,1519.7,1904.44,0,0
2,PAYMENT,77.97,C000237,1208.59,1130.61,M000058,1100.88,1178.86,0,0
2,TRANSFER,2316.13,C000098,2736.54,420.41,M000197,2018.31,4334.43,0,0
2,CASH_OUT,639.52,C000017,7696.11,7056.59,M000144,7926.72,8566.23,0,0
2,PAYMENT,244.52,C000075,6850.89,6606.37,M000038,5575.55,5820.07,0,0
2,CASH_OUT,475.37,C000267,2115.04,1639.67,M000150,13177.15,13652.51,0,0
2,TRANSFER,560.79,C000290,4167.66,3606.87,M000172,18457.58,19018.37,0,0
2,PAYMENT,1287.17,C000144,7205.9,5918.73,M000104,3553.63,4840.81,0,0
2,TRANSFER,213.9,C000247,5228.4,5014.5,M000124,1526.88,1740.78,0,0
2,PAYMENT,88.35,C000014,1383.24,1294.89,M000186,6628.21,6716.56,0,0
2,PAYMENT,925.67,C000177,3460.39,2534.71,M000076,6992.73,7918.41,0,0
2,TRANSFER,3197.17,C000218,6221.96,3024.8,M000056,2611.85,5809.01,0,0
2,CASH_OUT,2237.79,C000061,1616.26,0.0,M000006,10113.82,12351.62,0,0
2,PAYMENT,1075.4,C000249,2858.05,1782.65,M000195,16558.15,17633.55,0,0
2,TRANSFER,939.4,C000148,2834.18,1894.78,M000155,3163.06,4102.46,0,0
2,CASH_IN,1214.08,C000235,1535.64,321.55,M000102,1124.06,2338.14,0,0
2,CASH_OUT,3556.39,C000218,6098.7,2542.31,M000122,21425.3,24981.69,0,0
2,CASH_OUT,234.82,C000049,22318.59,22083.77,M000135,8423.01,8657.83,0,0
2,CASH_IN,970.5,C000161,2169.58,1199.08,M000162,48201.7,49172.2,0,0
2,TRANSFER,356.77,C000163,4717.72,4360.95,M000081,17164.44,17521.21,0,0
2,TRANSFER,2064.78,C000206,1633.53,0.0,M000173,3058.62,5123.4,0,0
2,CASH_OUT,793.13,C000293,182.03,0.0,M000112,1202.34,1995.47,0,0
2,PAYMENT,178.31,C000175,3245.38,3067.07,M000069,5027.28,5205.59,0,0
3,PAYMENT,123.27,C000057,4660.75,4537.49,M000192,6567.37,6690.63,0,0
3,PAYMENT,644.84,C000202,15249.88,14605.04,M000017,25890.48,26535.32,0,0
3,CASH_OUT,1433.17,C000038,831.61,0.0,M000166,10344.88,11778.05,0,0
3,TRANSFER,175.42,C000257,22621.69,22446.26,M000199,3149.3,3324.73,0,0
3,CASH_IN,98.97,C000173,6902.75,6803.78,M000143,62789.73,62888.7,0,0
3,PAYMENT,388.56,C000281,29096.37,28707.82,M000114,31839.96,32228.51,0,0
3,CASH_IN,1029.79,C000130,1687.7,657.91,M000057,1614.77,2644.56,0,0
3,DEBIT,213.76,C000037,825.46,611.7,M000037,2048.48,2262.24,0,0
3,CASH_OUT,124.53,C000258,4413.42,4288.89,M000126,4097.84,4222.37,0,0
3,CASH_OUT,4244.87,C000010,4323.42,78.55,M000059,5889.18,10134.06,0,0
3,TRANSFER,180.76,C000231,15314.23,15133.47,M000142,3229.68,3410.44,0,0
3,PAYMENT,294.02,C000224,42084.94,41790.91,M000116,11531.24,11825.27,0,0
3,PAYMENT,136.11,C000026,3355.27,3219.16,M000049,7803.46,7939.57,0,0
3,CASH_OUT,401.38,C000153,6553.79,6152.41,M000134,1555.57,1956.95,0,0
3,CASH_OUT,3380.23,C000217,9581.7,6201.47,M000196,43877.95,47258.17,0,0
3,TRANSFER,435.78,C000069,1339.4,903.62,M000190,2537.66,2973.44,0,0
3,CASH_OUT,3792.3,C000137,7841.71,4049.4,M000085,560.08,4352.38,0,0
3,TRANSFER,1212.16,C000144,3093.13,1880.97,M000005,11112.44,12324.6,0,0
3,DEBIT,1503.78,C000241,921.25,0.0,M000024,11581.26,13085.04,0,0
3,DEBIT,301.0,C000072,28651.44,28350.44,M000139,2221.29,2522.29,0,0
3,PAYMENT,702.19,C000195,2331.37,1629.18,M000065,9057.72,9759.91,0,0
3,CASH_IN,354.27,C000057,6018.41,5664.15,M000038,11000.3,11354.57,0,0
3,CASH_OUT,655.86,C000243,6724.69,6068.83,M000006,1861.43,2517.3,0,0
3,TRANSFER,3827.57,C000073,8951.67,5124.1,M000030,7754.58,11582.15,0,0
3,CASH_OUT,185.6,C000092,4373.05,4187.45,M000044,4168.02,4353.62,0,0
3,DEBIT,174.31,C000028,2827.29,2652.98,M000079,1152.38,1326.69,0,0
3,PAYMENT,390.95,C000079,3168.6,2777.66,M000077,3030.46,3421.41,0,0
3,PAYMENT,1461.01,C000228,3992.06,2531.05,M000151,5858.46,7319.47,0,0
3,PAYMENT,457.14,C000231,9713.84,9256.69,M000092,47258.28,47715.42,0,0
3,CASH_OUT,198.05,C000043,7120.55,6922.5,M000004,3173.81,3371.85,0,0
3,PAYMENT,2554.67,C000187,2604.23,49.56,M000110,36057.13,38611.8,0,0
3,CASH_OUT,685.09,C000249,988.94,303.85,M000066,5253.77,5938.86,0,0
3,PAYMENT,155.88,C000213,11948.99,11793.11,M000035,4733.53,4889.42,0,0
3,PAYMENT,51.9,C000203,26322.11,26270.2,M000193,12640.5,12692.41,0,0
3,CASH_IN,333.09,C000184,5731.37,5398.29,M000090,30473.0,30806.09,0,0
3,CASH_IN,405.44,C000092,3955.85,3550.42,M000086,7303.95,7709.39,0,0
3,PAYMENT,59.22,C000084,7748.21,7688.99,M000069,5439.67,5498.89,0,0
3,PAYMENT,283.21,C000016,3922.1,3638.89,M000028,17906.34,18189.55,0,0
3,PAYMENT,1181.36,C000269,2030.54,849.18,M000057,5685.21,6866.57,0,0
3,TRANSFER,717.78,C000233,7352.1,6634.32,M000141,1322.3,2040.08,0,0
3,CASH_OUT,633.44,C000143,7138.73,6505.29,M000024,9478.02,10111.46,0,0
3,CASH_OUT,1323.76,C000233,4211.48,2887.72,M000003,4674.3,5998.05,0,0
3,PAYMENT,118.47,C000174,1872.69,1754.23,M000174,2832.96,2951.43,0,0
3,PAYMENT,1242.56,C000055,720.31,0.0,M000063,10821.08,12063.64,0,0
3,CASH_IN,692.5,C000192,3553.6,2861.1,M000150,2594.26,3286.76,0,0
3,CASH_IN,332.95,C000232,1880.93,1547.98,M000022,4846.51,5179.46,0,0
3,TRANSFER,289.59,C000230,876.46,586.88,M000192,14257.12,14546.71,0,0
3,CASH_OUT,274.63,C000172,1392.68,1118.04,M000192,1917.08,2191.71,0,0
3,CASH_OUT,4307.13,C000121,17419.13,13112.01,M000058,26253.18,30560.3,0,0
3,PAYMENT,833.62,C000225,1758.86,925.24,M000115,6162.71,6996.33,0,0
3,PAYMENT,44.19,C000143,2996.78,2952.58,M000110,16500.42,16544.61,0,0
3,TRANSFER,367.65,C000015,3152.72,2785.07,M000158,37234.76,37602.41,0,0
3,CASH_OUT,5142.35,C000108,7513.78,2371.43,M000004,7609.26,12751.6,0,0
3,CASH_IN,1335.0,C000165,3256.04,1921.04,M000056,6969.0,8304.0,0,0
3,CASH_OUT,643.41,C000154,1999.56,1356.14,M000094,48691.15,49334.57,0,0
3,CASH_IN,351.71,C000153,1439.64,1087.93,M000011,4518.29,4870.0,0,0
3,TRANSFER,1210.04,C000043,4253.65,3043.61,M000089,1140.73,2350.77,0,0
3,CASH_OUT,95.78,C000202,842.84,747.06,M000154,2628.08,2723.86,0,0
3,PAYMENT,23.41,C000107,731.85,708.44,M000184,2742.4,2765.81,0,0
3,PAYMENT,8.41,C000193,31700.76,31692.35,M000047,4603.81,4612.22,0,0
3,CASH_OUT,4414.09,C000105,7266.65,2852.56,M000143,3781.97,8196.05,0,0
3,CASH_IN,527.61,C000255,5909.99,5382.39,M000176,1129.84,1657.44,0,0
3,CASH_IN,232.95,C000105,8084.44,7851.49,M000115,15525.84,15758.79,0,0
3,CASH_IN,6626.81,C000245,6215.25,0.0,M000106,13335.67,19962.48,0,0
3,CASH_OUT,1286.69,C000242,7951.81,6665.12,M000103,11228.28,12514.96,0,0
3,PAYMENT,659.24,C000211,3831.75,3172.51,M000046,10535.56,11194.8,0,0
3,CASH_IN,1591.2,C000155,13625.55,12034.35,M000020,3490.83,5082.03,0,0
3,PAYMENT,113.65,C000015,1713.04,1599.4,M000185,2852.63,2966.28,0,0
3,CASH_OUT,247.55,C000177,426.94,179.39,M000060,6097.44,6344.99,0,0
3,CASH_IN,3324.87,C000136,2194.08,0.0,M000133,692.0,4016.87,0,0
3,DEBIT,487.82,C000057,7391.61,6903.79,M000177,748.72,1236.54,0,0
3,TRANSFER,4078.71,C000159,3516.73,0.0,M000166,25673.92,29752.64,0,0
3,DEBIT,1705.03,C000219,4154.0,2448.97,M000034,255.07,1960.1,0,0
3,TRANSFER,6643.88,C000169,1489.42,0.0,M000156,1169.57,7813.45,0,0
3,PAYMENT,1379.93,C000227,349.65,0.0,M000179,15460.55,16840.49,0,0
3,PAYMENT,209.93,C000008,15680.94,15471.01,M000028,2745.2,2955.13,0,0
3,CASH_IN,490.77,C000299,11452.55,10961.78,M000002,7108.74,7599.51,0,0
3,CASH_IN,5369.67,C000145,3039.5,0.0,M000019,7181.24,12550.91,0,0
3,CASH_OUT,730.15,C000065,17755.26,17025.11,M000059,6100.46,6830.61,0,0
3,CASH_OUT,4890.97,C000294,12356.82,7465.84,M000163,9743.48,14634.45,0,0
4,TRANSFER,3498.73,C000248,3673.75,175.02,M000095,3253.07,6751.8,0,0
4,PAYMENT,1555.49,C000299,1980.18,424.68,M000066,7686.66,9242.15,0,0
4,PAYMENT,133.66,C000080,4893.87,4760.21,M000113,16409.92,16543.57,0,0
4,TRANSFER,1398.43,C000019,8329.42,6930.99,M000173,17366.47,18764.9,0,0
4,TRANSFER,41.2,C000276,2760.54,2719.34,M000055,925.39,966.58,0,0
4,TRANSFER,153.95,C000284,11204.59,11050.64,M000008,7585.29,7739.24,0,0
4,TRANSFER,248.06,C000261,3973.1,3725.03,M000109,18569.55,18817.62,0,0
4,CASH_OUT,378.71,C000259,412.2,33.49,M000143,9326.56,9705.28,0,0
4,PAYMENT,334.88,C000220,12507.27,12172.4,M000199,1592.58,1927.46,0,0
4,TRANSFER,119.68,C000090,5523.64,5403.96,M000175,7089.3,7208.98,0,0
4,TRANSFER,1294.72,C000115,14501.5,13206.77,M000190,7666.16,8960.89,0,0
4,CASH_OUT,2179.81,C000060,5273.5,3093.7,M000002,4728.38,6908.18,0,0
4,DEBIT,1503.67,C000119,1722.54,218.87,M000159,7952.89,9456.56,0,0
4,TRANSFER,478.71,C000074,8542.51,8063.8,M000162,7094.87,7573.58,0,0
4,CASH_IN,214.3,C000282,5586.24,5371.94,M000055,22168.87,22383.17,0,0
4,PAYMENT,387.42,C000048,17173.34,16785.92,M000188,1260.97,1648.39,0,0
4,CASH_IN,665.02,C000075,13731.55,13066.54,M000051,19380.75,20045.77,0,0
4,TRANSFER,895.53,C000043,4676.34,3780.81,M000187,4353.49,5249.02,0,0
4,TRANSFER,285.67,C000218,5684.45,5398.78,M000170,4927.35,5213.02,0,0
4,CASH_OUT,1637.92,C000193,7489.14,5851.21,M000019,1772.67,3410.6,0,0
4,PAYMENT,425.05,C000268,4158.39,3733.34,M000064,10607.45,11032.5,0,0
4,CASH_OUT,62.8,C000019,1616.14,1553.34,M000081,22187.54,22250.33,0,0
4,PAYMENT,1585.95,C000055,6425.37,4839.42,M000116,7285.77,8871.71,0,0
4,DEBIT,608.29,C000113,3213.06,2604.77,M000019,6822.66,7430.95,0,0
4,PAYMENT,109.53,C000022,2981.7,2872.18,M000076,2472.41,2581.93,0,0
4,TRANSFER,866.52,C000221,1273.89,407.37,M000085,10658.26,11524.78,0,0
4,PAYMENT,424.06,C000245,5851.2,5427.14,M000038,1190.67,1614.72,0,0
4,PAYMENT,1108.62,C000254,22399.62,21291.0,M000087,5370.48,6479.11,0,0
4,PAYMENT,301.2,C000046,19301.24,19000.05,M000152,18679.43,18980.63,0,0
4,CASH_OUT,211.43,C000213,1242.9,1031.47,M000157,27133.93,27345.36,0,0
4,TRANSFER,358.61,C000033,12725.38,12366.77,M000019,2332.84,2691.45,0,0
4,TRANSFER,59.4,C000244,1738.28,1678.88,M000006,27550.33,27609.73,0,0
4,PAYMENT,2264.12,C000147,10448.98,8184.86,M000135,6833.91,9098.03,0,0
4,CASH_OUT,91.41,C000108,472.2,380.79,M000059,15865.07,15956.48,0,0
4,CASH_OUT,823.86,C000146,3114.6,2290.74,M000082,3381.4,4205.26,0,0
4,CASH_IN,476.62,C000044,497.48,20.86,M000139,8550.67,9027.29,0,0
4,PAYMENT,739.9,C000223,3228.67,2488.77,M000005,45592.77,46332.67,0,0
4,CASH_OUT,295.62,C000170,16714.66,16419.04,M000084,24563.0,24858.62,0,0
4,PAYMENT,415.25,C000101,11831.95,11416.7,M000031,5627.84,6043.1,0,0
4,CASH_IN,1368.0,C000223,2507.85,1139.85,M000100,43983.0,45351.0,0,0
4,PAYMENT,725.5,C000251,15319.26,14593.76,M000072,5837.26,6562.77,0,0
4,CASH_IN,456.46,C000210,4644.41,4187.95,M000030,3660.45,4116.91,0,0
4,PAYMENT,77.37,C000057,2026.06,1948.69,M000198,7544.11,7621.48,0,0
4,CASH_IN,768.07,C000114,20973.77,20205.71,M000020,4856.38,5624.44,0,0
4,PAYMENT,1388.35,C000190,27559.94,26171.58,M000174,1465.55,2853.9,0,0
4,PAYMENT,294.47,C000103,3464.05,3169.58,M000029,2695.25,2989.72,0,0
4,PAYMENT,119.01,C000053,7002.83,6883.82,M000125,4940.21,5059.22,0,0
4,TRANSFER,2800.5,C000137,1747.75,0.0,M000041,1857.63,4658.13,0,0
4,PAYMENT,377.73,C000299,6823.14,6445.4,M000198,483.81,861.55,0,0
4,PAYMENT,2564.27,C000010,1889.44,0.0,M000084,4937.16,7501.42,0,0
4,TRANSFER,3756.24,C000167,3216.75,0.0,M000014,6405.44,10161.67,0,0
4,TRANSFER,1131.51,C000216,1958.6,827.09,M000113,6367.72,7499.23,0,0
4,PAYMENT,761.07,C000031,3760.06,2998.99,M000111,1364.83,2125.91,0,0
4,PAYMENT,253.16,C000054,3092.39,2839.24,M000102,1333.48,1586.64,0,0
4,CASH_OUT,580.81,C000269,8178.74,7597.93,M000087,1946.53,2527.34,0,0
4,PAYMENT,305.55,C000275,2173.16,1867.61,M000178,2301.61,2607.16,0,0
4,DEBIT,1846.87,C000169,1854.08,7.21,M000178,2656.65,4503.52,0,0
4,TRANSFER,1199.09,C000241,11792.38,10593.29,M000055,12676.93,13876.01,0,0
4,CASH_OUT,599.95,C000024,9486.24,8886.29,M000021,43849.33,44449.28,1,0
4,PAYMENT,2686.08,C000166,2762.41,76.33,M000114,4554.29,7240.37,0,0
4,PAYMENT,764.13,C000284,5895.65,5131.52,M000076,28216.37,28980.5,0,0
4,CASH_IN,435.71,C000105,1262.67,826.97,M000040,15261.96,15697.67,0,0
4,PAYMENT,348.09,C000079,6687.95,6339.86,M000189,1715.59,2063.68,0,0
4,PAYMENT,709.26,C000166,1846.76,1137.5,M000179,1338.63,2047.89,0,0
4,TRANSFER,580.7,C000199,6319.36,5738.66,M000045,1828.23,2408.93,0,0
4,PAYMENT,243.78,C000267,3097.67,2853.89,M000108,3754.79,3998.58,0,0
4,CASH_IN,546.76,C000269,977.34,430.58,M000181,6914.78,7461.55,0,0
4,CASH_IN,110.36,C000262,1797.54,1687.18,M000072,1284.81,1395.16,0,0
4,TRANSFER,175.94,C000016,12289.54,12113.6,M000001,8654.97,8830.92,0,0
4,TRANSFER,505.66,C000138,3506.6,3000.95,M000030,8654.54,9160.2,0,0
4,CASH_OUT,1397.14,C000100,8036.5,6639.37,M000009,11222.61,12619.75,0,0
4,TRANSFER,924.74,C000211,3632.43,2707.69,M000081,8050.21,8974.96,0,0
4,PAYMENT,123.56,C000279,4420.52,4296.96,M000095,8851.4,8974.96,0,0
4,PAYMENT,1445.15,C000236,5489.13,4043.98,M000140,31279.6,32724.75,0,0
4,CASH_OUT,811.8,C000007,4008.93,3197.13,M000159,4329.78,5141.58,0,0
4,PAYMENT,1063.86,C000008,6805.49,5741.63,M000176,11327.06,12390.93,0,0
4,CASH_OUT,630.59,C000090,58222.62,57592.03,M000134,855.21,1485.8,0,0
4,CASH_OUT,569.18,C000268,6505.11,5935.93,M000127,17216.94,17786.12,0,0
4,CASH_IN,1394.74,C000069,4506.79,3112.05,M000132,25842.3,27237.04,0,0
4,PAYMENT,470.0,C000239,8709.56,8239.56,M000144,4007.92,4477.92,0,0
4,TRANSFER,382.98,C000110,26270.7,25887.72,M000147,4939.95,5322.93,0,0
4,PAYMENT,146.83,C000200,1041.89,895.05,M000146,3892.0,4038.83,0,0
4,TRANSFER,303.16,C000194,5635.37,5332.21,M000059,32338.97,32642.12,0,0
4,CASH_OUT,757.29,C000289,10235.82,9478.52,M000185,2597.29,3354.58,0,0
4,PAYMENT,181.48,C000235,42962.98,42781.5,M000076,1980.1,2161.58,0,0
4,CASH_OUT,116.18,C000004,4779.09,4662.91,M000009,7955.65,8071.83,0,0
4,CASH_IN,1343.07,C000113,2425.6,1082.53,M000007,2691.42,4034.49,0,0
5,CASH_OUT,455.4,C000117,2798.07,2342.68,M000182,21170.67,21626.06,0,0
5,CASH_OUT,834.23,C000182,15011.94,14177.71,M000120,3280.22,4114.45,0,0
5,PAYMENT,2856.05,C000222,11944.42,9088.38,M000111,5474.15,8330.19,0,0
5,PAYMENT,673.94,C000282,9640.59,8966.64,M000137,2092.69,2766.63,0,0
5,TRANSFER,458.4,C000190,6167.28,5708.88,M000147,19115.58,19573.97,0,0
5,PAYMENT,652.56,C000117,2635.6,1983.04,M000062,1170.58,1823.14,0,0
5,PAYMENT,1886.19,C000276,1333.73,0.0,M000126,1718.84,3605.03,0,0
5,TRANSFER,626.68,C000206,12041.14,11414.46,M000199,5757.71,6384.38,0,0
5,PAYMENT,175.37,C000113,4908.35,4732.97,M000175,2795.69,2971.06,0,0
5,PAYMENT,1985.48,C000121,5679.1,3693.62,M000031,17104.34,19089.82,0,0
5,PAYMENT,191.01,C000243,4471.78,4280.77,M000070,22197.49,22388.5,0,0
5,PAYMENT,3425.49,C000166,12712.59,9287.1,M000011,1282.94,4708.43,0,0
5,TRANSFER,115.04,C000171,29080.0,28964.96,M000195,3361.26,3476.3,0,0
5,PAYMENT,155.48,C000096,5433.15,5277.67,M000042,511.88,667.36,0,0
5,PAYMENT,490.73,C000075,12617.47,12126.74,M000132,3639.58,4130.31,0,0
5,PAYMENT,5891.81,C000023,6273.29,381.48,M000156,7628.58,13520.38,0,0
5,PAYMENT,627.78,C000061,2698.72,2070.94,M000044,3651.21,4278.99,0,0
5,PAYMENT,190.12,C000106,1665.95,1475.83,M000120,1747.51,1937.64,0,0
5,TRANSFER,366.74,C000028,17483.3,17116.55,M000005,10491.81,10858.55,0,0
5,TRANSFER,2102.1,C000120,2000.81,0.0,M000053,1456.25,3558.34,0,0
5,CASH_IN,300.01,C000167,1501.45,1201.44,M000147,10856.84,11156.85,0,0
5,CASH_OUT,389.75,C000216,12801.43,12411.68,M000077,4649.99,5039.74,0,0
5,CASH_IN,986.79,C000084,17932.81,16946.03,M000189,15507.65,16494.44,0,0
5,CASH_IN,149.27,C000130,16818.67,16669.4,M000167,5760.35,5909.62,0,0
5,PAYMENT,365.49,C000102,76341.93,75976.43,M000162,21115.53,21481.02,0,0
5,CASH_OUT,104.67,C000236,32129.28,32024.61,M000017,2413.17,2517.83,0,0
5,PAYMENT,880.76,C000207,1845.61,964.85,M000128,21098.35,21979.1,0,0
5,PAYMENT,1513.87,C000209,7522.31,6008.44,M000103,21667.21,23181.09,0,0
5,PAYMENT,1305.56,C000108,8524.97,7219.4,M000146,4286.41,5591.98,0,0
5,PAYMENT,32.75,C000034,2834.04,2801.29,M000171,8971.93,9004.68,0,0
5,CASH_IN,171.78,C000139,1436.08,1264.3,M000196,1981.8,2153.59,0,0
5,TRANSFER,1121.25,C000077,3663.27,2542.02,M000147,634.51,1755.76,0,0
5,CASH_OUT,392.02,C000163,17012.31,16620.29,M000035,7150.33,7542.35,0,0
5,CASH_IN,1868.24,C000170,21960.28,20092.04,M000021,21377.98,23246.22,0,0
5,CASH_OUT,3286.36,C000126,8485.03,5198.66,M000097,6587.57,9873.93,0,0
5,TRANSFER,515.5,C000045,2827.23,2311.73,M000093,8749.51,9265.01,0,0
5,PAYMENT,192.81,C000185,24942.1,24749.3,M000166,17714.69,17907.5,0,0
5,PAYMENT,782.58,C000015,6386.54,5603.96,M000032,5952.88,6735.47,0,0
5,TRANSFER,403.52,C000075,10501.56,10098.05,M000037,2850.51,3254.03,0,0
5,PAYMENT,209.59,C000047,12665.14,12455.55,M000114,14116.82,14326.41,0,0
5,PAYMENT,1821.06,C000061,2528.75,707.69,M000080,2430.23,4251.29,0,0
5,TRANSFER,80.79,C000118,11900.79,11820.0,M000009,8715.04,8795.83,0,0
5,CASH_OUT,190.21,C000242,837.97,647.77,M000131,5732.27,5922.48,0,0
5,CASH_OUT,351.47,C000114,12508.56,12157.08,M000114,1504.58,1856.05,0,0
5,PAYMENT,449.35,C000181,16086.22,15636.87,M000048,7775.43,8224.77,0,0
5,CASH_IN,137.57,C000012,8926.95,8789.38,M000177,2239.64,2377.21,0,0
5,TRANSFER,344.59,C000252,15370.49,15025.9,M000106,1139.07,1483.66,0,0
5,CASH_OUT,346.25,C000170,50629.05,50282.79,M000003,18073.79,18420.05,0,0
5,TRANSFER,473.63,C000254,2195.08,1721.45,M000046,326.56,800.19,0,0
5,PAYMENT,358.27,C000006,3311.17,2952.9,M000078,2531.22,2889.49,0,0
5,PAYMENT,97.84,C000053,4967.66,4869.83,M000072,8066.92,8164.76,0,0
5,PAYMENT,1020.78,C000108,787.61,0.0,M000187,10991.36,12012.14,0,0
5,TRANSFER,291.49,C000108,1203.74,912.26,M000008,10238.37,10529.86,0,0
5,PAYMENT,843.19,C000125,2906.64,2063.45,M000171,4677.08,5520.27,0,0
5,PAYMENT,685.46,C000177,8676.06,7990.6,M000178,19820.56,20506.02,0,0
5,CASH_OUT,523.19,C000005,1945.06,1421.87,M000038,6398.96,6922.15,0,0
5,DEBIT,122.84,C000073,1473.59,1350.75,M000042,10950.22,11073.06,0,0
5,TRANSFER,271.98,C000215,10930.67,10658.7,M000065,2194.61,2466.58,0,0
5,CASH_OUT,5326.14,C000023,20853.36,15527.22,M000013,25358.6,30684.74,0,0
5,CASH_OUT,1602.34,C000146,66525.16,64922.82,M000082,487.88,2090.22,1,0
5,CASH_OUT,27.65,C000100,5117.53,5089.88,M000137,7681.48,7709.12,0,0
5,DEBIT,741.23,C000065,17894.54,17153.31,M000085,9050.84,9792.07,0,0
5,CASH_IN,2245.83,C000054,2039.13,0.0,M000060,1379.99,3625.82,0,0
5,TRANSFER,3494.0,C000154,4115.27,621.27,M000077,4963.99,8457.98,0,0
5,CASH_OUT,4445.47,C000138,4264.64,0.0,M000192,4271.3,8716.78,0,0
5,CASH_OUT,315.05,C000244,18661.61,18346.55,M000082,2121.23,2436.29,0,0
5,TRANSFER,800.16,C000250,5025.38,4225.22,M000021,38911.53,39711.69,0,0
5,CASH_OUT,1215.06,C000180,1781.57,566.51,M000190,4002.05,5217.11,0,0
5,PAYMENT,665.46,C000143,7349.49,6684.03,M000163,9693.74,10359.2,0,0
5,PAYMENT,958.12,C000125,5587.27,4629.16,M000133,4314.72,5272.84,0,0
5,CASH_OUT,2244.2,C000046,5617.26,3373.06,M000031,8381.92,10626.12,0,0
5,CASH_OUT,6244.9,C000173,8250.49,2005.59,M000068,21602.18,27847.08,0,0
5,PAYMENT,658.08,C000232,5315.75,4657.67,M000172,7815.21,8473.29,0,0
5,CASH_OUT,791.34,C000266,6730.53,5939.2,M000165,14773.28,15564.62,0,0
5,CASH_IN,997.69,C000248,4110.12,3112.43,M000172,3211.9,4209.59,0,0
5,PAYMENT,293.08,C000054,3642.25,3349.17,M000153,10076.54,10369.62,0,0
5,PAYMENT,142.48,C000033,5708.13,5565.65,M000161,6240.57,6383.06,0,0
5,TRANSFER,1499.72,C000210,2670.33,1170.61,M000056,4339.49,5839.21,0,0
5,DEBIT,736.0,C000264,16407.92,15671.92,M000161,9448.6,10184.6,0,0
5,TRANSFER,630.49,C000153,10175.65,9545.16,M000088,7263.47,7893.96,0,0
5,PAYMENT,713.21,C000243,23207.0,22493.79,M000020,22278.41,22991.62,0,0
5,DEBIT,1811.9,C000057,20673.07,18861.17,M000021,253.28,2065.18,0,0
5,TRANSFER,93.63,C000053,4965.69,4872.06,M000172,10026.26,10119.89,0,0
5,PAYMENT,419.53,C000032,63289.63,62870.1,M000172,3802.91,4222.43,0,0
6,CASH_OUT,619.94,C000094,14867.89,14247.95,M000067,11272.22,11892.16,0,0
6,TRANSFER,191.08,C000054,2928.62,2737.54,M000075,6223.67,6414.75,0,0
6,PAYMENT,635.48,C000093,2152.19,1516.71,M000056,2530.22,3165.69,0,0
6,TRANSFER,65.44,C000261,1516.16,1450.72,M000039,4193.72,4259.17,0,0
6,PAYMENT,116.38,C000043,14725.59,14609.2,M000152,22772.51,22888.9,0,0
6,TRANSFER,3347.26,C000238,1315.29,0.0,M000032,4681.2,8028.45,0,0
6,PAYMENT,2640.52,C000216,1395.92,0.0,M000163,8194.3,10834.82,0,0
6,CASH_IN,353.54,C000262,1627.41,1273.87,M000147,720.15,1073.69,0,0
6,TRANSFER,664.42,C000173,4205.17,3540.75,M000145,8211.11,8875.53,0,0
6,PAYMENT,1329.29,C000177,2285.23,955.94,M000000,5357.23,6686.53,0,0
6,CASH_OUT,1168.9,C000005,6362.44,5193.54,M000028,5824.48,6993.38,0,0
6,CASH_IN,4407.7,C000011,6048.65,1640.95,M000088,10679.43,15087.13,0,0
6,PAYMENT,1293.07,C000209,2574.76,1281.69,M000039,30816.09,32109.16,0,0
6,CASH_OUT,1941.08,C000202,11898.67,9957.59,M000053,9185.02,11126.1,0,0
6,TRANSFER,603.76,C000046,1356.39,752.63,M000082,11951.07,12554.83,0,0
6,PAYMENT,327.81,C000281,5791.22,5463.41,M000090,5979.89,6307.7,0,0
6,PAYMENT,58.13,C000162,4058.48,4000.35,M000133,8348.37,8406.5,0,0
6,PAYMENT,302.52,C000015,981.1,678.58,M000119,5416.73,5719.25,0,0
6,CASH_IN,530.11,C000013,3701.86,3171.75,M000000,5584.7,6114.81,0,0
6,CASH_OUT,377.14,C000169,7692.27,7315.13,M000100,36251.4,36628.54,0,0
6,PAYMENT,170.72,C000046,7419.47,7248.75,M000088,3312.39,3483.11,0,0
6,PAYMENT,735.73,C000185,10861.26,10125.53,M000163,3918.13,4653.86,0,0
6,PAYMENT,477.83,C000154,4672.11,4194.28,M000174,28056.91,28534.74,0,0
6,CASH_OUT,3012.0,C000006,12506.65,9494.65,M000177,2693.13,5705.13,0,0
6,TRANSFER,213.03,C000212,4904.7,4691.68,M000076,1608.37,1821.4,0,0
6,TRANSFER,1484.97,C000128,6710.91,5225.93,M000186,2020.68,3505.65,0,0
6,PAYMENT,212.19,C000040,31741.51,31529.32,M000191,32895.73,33107.92,0,0
6,CASH_OUT,815.8,C000142,838.81,23.01,M000028,22917.55,23733.35,0,0
6,TRANSFER,330.4,C000232,4343.93,4013.53,M000181,10842.2,11172.6,0,0
6,CASH_IN,716.57,C000235,18940.21,18223.64,M000096,8296.74,9013.31,0,0
6,PAYMENT,238.12,C000052,4710.19,4472.07,M000084,11621.41,11859.53,0,0
6,PAYMENT,3005.37,C000253,1601.71,0.0,M000060,2754.74,5760.11,0,0
6,CASH_OUT,618.08,C000264,5349.19,4731.11,M000104,4182.37,4800.45,0,0
6,PAYMENT,197.74,C000003,10628.91,10431.17,M000003,2090.16,2287.89,0,0
6,DEBIT,2514.85,C000088,19705.02,17190.18,M000124,1073.66,3588.51,0,0
6,PAYMENT,83.76,C000128,3379.0,3295.24,M000075,5548.42,5632.18,0,0
6,CASH_IN,389.78,C000052,1448.69,1058.91,M000125,2957.9,3347.69,0,0
6,PAYMENT,1543.28,C000087,2114.01,570.73,M000007,3769.14,5312.42,0,0
6,CASH_OUT,172.09,C000211,10730.27,10558.18,M000001,10288.33,10460.42,0,0
6,DEBIT,2150.54,C000194,3492.15,1341.61,M000135,17541.16,19691.7,0,0
6,TRANSFER,1074.31,C000036,13154.79,12080.48,M000018,3070.02,4144.32,0,0
6,PAYMENT,192.84,C000007,6743.25,6550.42,M000089,38706.32,38899.16,0,0
6,TRANSFER,7159.9,C000159,2040.86,0.0,M000103,2811.14,9971.04,0,0
6,CASH_IN,203.65,C000166,10015.62,9811.97,M000077,13328.79,13532.44,0,0
6,CASH_OUT,765.28,C000039,969.14,203.86,M000191,3463.43,4228.71,0,0
6,PAYMENT,907.76,C000054,10061.29,9153.53,M000072,105910.94,106818.7,0,0
6,PAYMENT,908.26,C000068,15340.24,14431.98,M000096,10875.76,11784.02,0,0
6,PAYMENT,230.06,C000040,10826.01,10595.95,M000018,10397.59,10627.65,0,0
6,TRANSFER,490.8,C000067,3266.66,2775.87,M000067,4467.23,4958.02,0,0
6,CASH_IN,150.23,C000274,5539.2,5388.98,M000091,45682.08,45832.31,0,0
6,CASH_IN,1669.21,C000297,18110.36,16441.14,M000094,6838.67,8507.88,0,0
6,PAYMENT,417.97,C000175,7750.55,7332.59,M000035,6306.58,6724.55,0,0
6,TRANSFER,684.31,C000257,2160.36,1476.05,M000067,1941.45,2625.76,0,0
6,PAYMENT,1480.31,C000170,20619.06,19138.75,M000178,10365.92,11846.23,0,0
6,CASH_OUT,4412.14,C000087,2590.6,0.0,M000010,5174.91,9587.05,0,0
6,CASH_OUT,164.55,C000224,1503.26,1338.71,M000191,13447.39,13611.94,0,0
6,CASH_OUT,1038.01,C000099,10945.86,9907.86,M000094,17567.48,18605.49,0,0
6,PAYMENT,165.54,C000203,2753.93,2588.39,M000042,4512.69,4678.23,0,0
6,CASH_OUT,153.55,C000270,12637.52,12483.97,M000174,5943.28,6096.83,0,0
6,PAYMENT,287.14,C000170,9876.94,9589.8,M000175,2143.3,2430.44,0,0
6,PAYMENT,119.95,C000280,2967.46,2847.51,M000040,5296.4,5416.35,0,0
6,PAYMENT,621.38,C000187,5651.34,5029.97,M000155,3079.69,3701.07,0,0
6,TRANSFER,342.79,C000292,16188.39,15845.6,M000132,4849.88,5192.66,0,0
6,PAYMENT,2181.22,C000064,5764.43,3583.21,M000186,7789.66,9970.88,0,0
7,CASH_IN,2371.49,C000218,20639.99,18268.5,M000184,5197.82,7569.31,0,0
7,TRANSFER,714.63,C000148,1634.27,919.64,M000055,1133.09,1847.71,0,0
7,CASH_OUT,1142.22,C000002,21629.09,20486.86,M000034,3470.24,4612.46,0,0
7,PAYMENT,165.64,C000066,6944.95,6779.31,M000063,24743.54,24909.18,0,0
7,PAYMENT,311.42,C000211,5858.24,5546.82,M000063,2972.17,3283.59,0,0
7,PAYMENT,277.22,C000081,4946.65,4669.44,M000112,10073.7,10350.92,0,0
7,CASH_OUT,855.84,C000027,528.2,0.0,M000153,13052.66,13908.49,0,0
7,TRANSFER,2832.32,C000116,19413.0,16580.68,M000023,1518.61,4350.94,0,0
7,PAYMENT,377.88,C000243,3990.01,3612.13,M000060,2889.95,3267.83,0,0
7,CASH_IN,324.89,C000072,2325.93,2001.04,M000107,13211.36,13536.25,0,0
7,CASH_OUT,129.21,C000100,11590.85,11461.64,M000109,2720.17,2849.38,0,0
7,TRANSFER,2755.34,C000182,9002.27,6246.93,M000034,30288.73,33044.07,0,0
7,CASH_OUT,16640.39,C000280,7733.38,0.0,M000074,12958.84,29599.23,1,0
7,PAYMENT,224.05,C000126,6626.22,6402.17,M000018,3636.84,3860.89,0,0
7,CASH_OUT,739.85,C000091,2792.17,2052.31,M000089,7461.73,8201.58,1,0
7,TRANSFER,33.37,C000006,887.61,854.23,M000046,3971.25,4004.63,0,0
7,PAYMENT,236.35,C000153,2254.11,2017.76,M000124,33322.21,33558.57,0,0
7,TRANSFER,1511.63,C000166,1800.65,289.02,M000036,4874.07,6385.7,0,0
7,PAYMENT,2561.04,C000060,1978.36,0.0,M000038,11203.91,13764.94,0,0
7,TRANSFER,59.01,C000074,5671.6,5612.59,M000183,3896.31,3955.32,0,0
7,CASH_OUT,244.5,C000053,2431.43,2186.93,M000157,11139.31,11383.81,0,0
7,CASH_IN,83.42,C000159,1379.38,1295.97,M000105,3264.88,3348.3,0,0
7,TRANSFER,476.94,C000086,12331.77,11854.83,M000074,10819.87,11296.81,0,0
7,PAYMENT,420.57,C000040,4245.22,3824.64,M000173,9918.46,10339.04,0,0
7,PAYMENT,172.44,C000108,14144.94,13972.5,M000054,6956.36,7128.8,0,0
7,CASH_OUT,371.06,C000250,7262.83,6891.77,M000140,30014.32,30385.38,0,0
7,CASH_OUT,632.85,C000017,5199.2,4566.35,M000111,1019.9,1652.75,0,0
7,DEBIT,431.82,C000169,7635.83,7204.01,M000027,3777.71,4209.53,0,0
7,PAYMENT,684.88,C000059,6206.6,5521.72,M000178,3640.32,4325.2,0,0
7,CASH_OUT,504.81,C000063,6318.82,5814.01,M000035,7181.84,7686.65,0,0
7,TRANSFER,626.13,C000032,1089.74,463.61,M000041,57660.73,58286.86,0,0
7,TRANSFER,1020.95,C000186,8686.25,7665.31,M000156,2419.23,3440.18,0,0
7,TRANSFER,358.54,C000061,946.24,587.7,M000111,5712.94,6071.48,0,0
7,CASH_OUT,288.19,C000169,21425.09,21136.9,M000131,5054.42,5342.62,0,0
7,PAYMENT,331.88,C000297,1492.04,1160.15,M000173,4509.42,4841.3,0,0
7,TRANSFER,550.24,C000004,14239.12,13688.89,M000195,10289.51,10839.74,0,0
7,PAYMENT,106.33,C000145,2880.0,2773.66,M000069,5431.26,5537.59,0,0
7,CASH_OUT,227.08,C000013,2187.87,1960.79,M000079,37449.69,37676.76,0,0
7,PAYMENT,184.81,C000125,5207.98,5023.17,M000095,3363.48,3548.29,0,0
7,PAYMENT,1816.66,C000044,7856.88,6040.22,M000045,19118.87,20935.53,0,0
7,CASH_IN,394.89,C000063,6270.8,5875.91,M000032,32875.48,33270.38,0,0
7,CASH_OUT,243.22,C000252,5057.17,4813.95,M000196,9245.63,9488.84,0,0
7,CASH_IN,944.19,C000251,9261.57,8317.38,M000133,11840.84,12785.03,0,0
7,PAYMENT,53.05,C000221,1610.67,1557.63,M000086,7277.93,7330.97,0,0
7,CASH_OUT,109.85,C000070,8518.81,8408.96,M000005,2744.87,2854.72,0,0
7,CASH_OUT,227.54,C000201,4452.43,4224.9,M000121,2732.1,2959.63,0,0
7,PAYMENT,146.28,C000033,4294.11,4147.83,M000194,11738.51,11884.79,0,0
7,CASH_OUT,857.91,C000187,22947.33,22089.41,M000180,3064.93,3922.84,0,0
7,PAYMENT,1264.57,C000234,4412.02,3147.45,M000113,1810.33,3074.91,0,0
7,DEBIT,1904.19,C000173,16020.91,14116.72,M000198,16586.94,18491.13,0,0
7,CASH_OUT,245.55,C000216,4169.03,3923.49,M000016,14000.18,14245.73,0,0
7,PAYMENT,1311.45,C000250,7400.47,6089.02,M000147,11779.43,13090.88,0,0
7,PAYMENT,681.52,C000182,1952.78,1271.27,M000187,3975.94,4657.45,0,0
7,CASH_IN,868.06,C000294,23425.63,22557.58,M000012,5138.81,6006.87,0,0
7,CASH_IN,1736.93,C000135,1903.23,166.3,M000107,42368.48,44105.41,0,0
7,PAYMENT,139.8,C000246,4169.15,4029.35,M000062,30513.75,30653.55,0,0
7,TRANSFER,233.26,C000153,3581.12,3347.86,M000021,3791.64,4024.89,0,0
7,CASH_IN,632.76,C000133,7573.07,6940.31,M000181,41951.81,42584.56,0,0
7,PAYMENT,231.7,C000280,8362.19,8130.48,M000192,6204.0,6435.71,0,0
7,PAYMENT,436.72,C000023,2965.87,2529.15,M000157,1579.26,2015.97,0,0
7,PAYMENT,246.73,C000272,9824.32,9577.59,M000062,9266.88,9513.61,0,0
7,TRANSFER,471.24,C000131,6994.59,6523.35,M000027,11839.95,12311.19,0,0
7,DEBIT,1371.72,C000182,16551.95,15180.23,M000145,12367.7,13739.42,0,0
7,CASH_OUT,253.28,C000077,4560.79,4307.51,M000123,34359.41,34612.69,0,0
7,PAYMENT,472.58,C000201,2861.8,2389.22,M000158,2985.98,3458.56,0,0
7,TRANSFER,432.62,C000084,21862.01,21429.38,M000076,3125.75,3558.37,0,0
7,CASH_IN,1851.83,C000025,594.58,0.0,M000180,1767.86,3619.69,0,0
7,PAYMENT,1004.99,C000037,4991.57,3986.59,M000073,988.3,1993.29,0,0
7,CASH_OUT,775.26,C000207,6018.18,5242.92,M000160,3271.25,4046.52,0,0
7,CASH_OUT,236.36,C000271,1666.43,1430.07,M000148,20008.04,20244.4,0,0
7,CASH_OUT,770.16,C000027,4152.4,3382.24,M000064,4631.89,5402.05,0,0
7,PAYMENT,1382.06,C000016,3833.3,2451.24,M000159,15069.07,16451.13,0,0
7,CASH_OUT,836.19,C000086,6341.7,5505.51,M000015,3481.25,4317.45,0,0
7,CASH_IN,146.12,C000085,1513.09,1366.97,M000031,18555.86,18701.98,0,0
7,CASH_OUT,455.8,C000075,14929.96,14474.16,M000107,13610.33,14066.13,0,0
7,DEBIT,550.87,C000170,4137.53,3586.66,M000087,3303.34,3854.21,0,0
7,CASH_IN,640.35,C000127,820.1,179.75,M000195,1994.19,2634.55,0,0
7,PAYMENT,208.56,C000039,4593.96,4385.4,M000075,9542.54,9751.1,0,0
7,PAYMENT,596.14,C000148,2043.68,1447.54,M000161,911.28,1507.41,0,0
7,PAYMENT,125.43,C000278,13509.39,13383.96,M000146,10937.93,11063.37,0,0
7,PAYMENT,4723.86,C000036,17456.9,12733.04,M000188,5205.15,9929.01,0,0
7,PAYMENT,115.08,C000195,1922.37,1807.3,M000131,5509.23,5624.31,0,0
7,CASH_OUT,196.11,C000036,1874.01,1677.89,M000126,4838.89,5035.0,0,0
7,TRANSFER,29.46,C000242,1111.36,1081.9,M000025,28351.64,28381.1,0,0
7,CASH_IN,4260.77,C000114,50078.87,45818.1,M000039,3899.42,8160.19,0,0
7,CASH_IN,71.63,C000024,24626.77,24555.14,M000087,9355.17,9426.79,0,0
7,PAYMENT,1541.4,C000259,5585.98,4044.58,M000093,5030.26,6571.66,0,0
7,PAYMENT,1602.61,C000058,4538.08,2935.46,M000113,7894.25,9496.86,0,0
7,PAYMENT,630.8,C000173,1234.21,603.41,M000123,1429.41,2060.21,0,0
7,CASH_OUT,8528.27,C000003,4557.33,0.0,M000192,5931.81,14460.08,0,0
7,TRANSFER,1288.23,C000286,27849.85,26561.61,M000137,2135.1,3423.34,0,0
7,CASH_OUT,214.32,C000249,807.26,592.94,M000152,15387.02,15601.34,0,0
7,CASH_IN,539.55,C000049,10600.98,10061.43,M000174,29583.67,30123.22,0,0
7,PAYMENT,1004.58,C000299,3443.66,2439.08,M000011,5366.45,6371.04,0,0
7,CASH_OUT,349.66,C000271,2959.51,2609.86,M000111,1362.99,1712.65,0,0
7,CASH_OUT,398.62,C000185,1457.69,1059.07,M000171,3579.72,3978.34,1,0
8,DEBIT,657.23,C000004,2802.85,2145.62,M000033,14497.19,15154.43,0,0
8,PAYMENT,695.18,C000084,2515.38,1820.2,M000016,6776.03,7471.21,0,0
8,PAYMENT,267.75,C000141,2317.72,2049.97,M000141,2961.51,3229.26,0,0
8,TRANSFER,127.91,C000097,6162.22,6034.31,M000004,29282.29,29410.2,0,0
8,CASH_OUT,302.21,C000117,10931.86,10629.65,M000121,14923.8,15226.01,0,0
8,TRANSFER,791.0,C000288,23444.04,22653.04,M000153,5050.74,5841.74,0,0
8,CASH_OUT,195.91,C000270,2678.26,2482.35,M000000,2469.39,2665.3,0,0
8,PAYMENT,271.56,C000023,9704.26,9432.7,M000067,8729.62,9001.19,0,0
8,TRANSFER,731.7,C000031,6599.4,5867.69,M000017,4258.68,4990.38,0,0
8,TRANSFER,190.41,C000024,5441.6,5251.19,M000125,11529.48,11719.89,0,0
8,CASH_OUT,145.73,C000139,4682.42,4536.69,M000079,4488.7,4634.43,0,0
8,PAYMENT,786.79,C000210,1343.13,556.34,M000129,6039.76,6826.55,0,0
8,PAYMENT,402.82,C000119,7797.73,7394.9,M000164,5135.31,5538.13,0,0
8,PAYMENT,158.82,C000067,8015.83,7857.01,M000120,4274.24,4433.06,0,0
8,CASH_OUT,3054.81,C000128,25268.85,22214.04,M000150,4017.31,7072.12,0,0
8,TRANSFER,2031.32,C000007,1753.76,0.0,M000133,2878.62,4909.94,0,0
8,DEBIT,712.03,C000268,8814.43,8102.4,M000098,3275.81,3987.83,0,0
8,TRANSFER,1079.8,C000035,2019.98,940.19,M000104,4451.47,5531.27,0,0
8,TRANSFER,674.6,C000025,7489.32,6814.71,M000146,3354.78,4029.38,0,0
8,PAYMENT,1931.98,C000181,5593.1,3661.12,M000019,5246.04,7178.02,0,0
8,PAYMENT,524.32,C000297,9733.02,9208.71,M000048,40660.84,41185.16,0,0
8,PAYMENT,819.24,C000115,18453.64,17634.4,M000034,28497.88,29317.12,0,0
8,PAYMENT,1938.18,C000223,4844.33,2906.15,M000171,22064.85,24003.03,0,0
8,CASH_IN,864.77,C000208,10785.2,9920.43,M000120,4951.92,5816.7,0,0
8,TRANSFER,720.87,C000017,3560.09,2839.22,M000122,10155.01,10875.88,0,0
8,PAYMENT,1102.44,C000049,5590.65,4488.21,M000030,19784.42,20886.86,0,0
8,CASH_OUT,553.06,C000269,23024.95,22471.9,M000023,11960.93,12513.98,0,0
8,PAYMENT,326.08,C000236,4391.47,4065.39,M000140,20263.48,20589.56,0,0
8,PAYMENT,396.43,C000068,14762.53,14366.1,M000180,13287.73,13684.16,0,0
8,PAYMENT,83.14,C000209,6905.54,6822.4,M000114,11809.96,11893.1,0,0
8,PAYMENT,123.35,C000022,54964.75,54841.4,M000135,11003.93,11127.27,0,0
8,PAYMENT,166.57,C000211,4666.73,4500.16,M000069,6772.41,6938.98,0,0
8,PAYMENT,187.04,C000216,8345.56,8158.52,M000152,44790.88,44977.92,0,0
8,PAYMENT,293.13,C000067,9295.44,9002.31,M000108,9679.11,9972.24,0,0
8,PAYMENT,396.61,C000147,8883.01,8486.4,M000025,16863.73,17260.34,0,0
8,PAYMENT,3783.89,C000041,921.81,0.0,M000011,1545.36,5329.25,0,0
8,CASH_OUT,2995.95,C000147,10868.63,7872.68,M000160,5540.6,8536.55,0,0
8,PAYMENT,427.01,C000074,2228.49,1801.47,M000041,4682.81,5109.82,0,0
8,CASH_OUT,346.95,C000021,7625.08,7278.13,M000075,2796.22,3143.17,0,0
8,TRANSFER,1024.56,C000237,2207.76,1183.21,M000152,4689.0,5713.56,0,0
8,CASH_OUT,114.76,C000294,9624.49,9509.73,M000002,2146.37,2261.13,0,0
8,PAYMENT,768.73,C000074,4273.83,3505.1,M000090,15761.08,16529.82,0,0
8,CASH_IN,862.77,C000140,1034.62,171.85,M000195,1794.73,2657.51,0,0
8,CASH_OUT,987.86,C000127,4733.72,3745.86,M000178,11310.05,12297.91,0,0
8,CASH_OUT,742.37,C000130,2547.6,1805.22,M000099,4446.74,5189.11,0,0
8,PAYMENT,418.27,C000231,9365.36,8947.09,M000023,2033.42,2451.7,0,0
8,DEBIT,550.1,C000168,7338.5,6788.4,M000163,7802.44,8352.54,0,0
8,PAYMENT,922.76,C000230,1465.15,542.39,M000010,2540.38,3463.14,0,0
8,TRANSFER,1479.58,C000224,5303.89,3824.31,M000103,9622.47,11102.04,0,0
8,PAYMENT,107.12,C000018,3070.79,2963.67,M000068,10463.8,10570.93,0,0
8,DEBIT,211.41,C000103,1311.19,1099.79,M000117,9132.82,9344.23,0,0
8,CASH_OUT,1192.14,C000021,6732.33,5540.2,M000046,6778.44,7970.57,0,0
8,CASH_OUT,397.78,C000245,10082.14,9684.36,M000108,2390.54,2788.32,0,0
8,CASH_IN,92.68,C000202,449.79,357.11,M000066,1344.01,1436.69,0,0
8,CASH_OUT,155.26,C000035,3108.38,2953.11,M000135,9833.56,9988.82,0,0
8,PAYMENT,572.59,C000295,280.54,0.0,M000154,10516.36,11088.95,0,0
8,TRANSFER,241.6,C000233,887.61,646.01,M000154,2542.55,2784.15,0,0
8,PAYMENT,730.84,C000110,4035.12,3304.28,M000118,5197.28,5928.13,0,0
8,CASH_IN,1029.6,C000232,42643.27,41613.67,M000000,7368.92,8398.51,0,0
8,PAYMENT,3804.71,C000098,13007.15,9202.44,M000166,7457.84,11262.55,0,0
8,CASH_OUT,252.5,C000006,7744.18,7491.68,M000111,18310.52,18563.02,0,0
8,PAYMENT,179.78,C000234,1902.26,1722.49,M000057,1821.67,2001.44,0,0
8,TRANSFER,416.28,C000110,808.64,392.36,M000108,996.78,1413.06,0,0
8,CASH_OUT,575.66,C000114,1342.86,767.2,M000191,7080.28,7655.94,0,0
8,TRANSFER,1337.35,C000037,9661.91,8324.56,M000082,11925.41,13262.76,0,0
8,PAYMENT,1231.97,C000280,7189.62,5957.65,M000049,9405.72,10637.69,0,0
8,CASH_OUT,537.7,C000258,2781.62,2243.92,M000116,3989.7,4527.41,0,0
8,CASH_OUT,4382.01,C000113,8167.37,3785.35,M000109,10501.57,14883.58,0,0
8,CASH_OUT,268.51,C000263,5743.51,5475.01,M000059,4617.84,4886.35,0,0
8,PAYMENT,2016.09,C000028,11548.24,9532.15,M000169,12042.01,14058.1,0,0
8,CASH_OUT,814.24,C000132,5476.11,4661.88,M000136,23548.74,24362.98,0,0
8,PAYMENT,298.61,C000038,4863.13,4564.52,M000044,6035.09,6333.7,0,0
8,TRANSFER,788.02,C000074,4528.93,3740.91,M000164,2892.46,3680.49,1,0
8,PAYMENT,756.93,C000234,8039.33,7282.39,M000169,5127.3,5884.24,0,0
8,PAYMENT,1648.04,C000001,3378.11,1730.07,M000067,16756.26,18404.3,0,0
8,CASH_OUT,282.35,C000141,2522.99,2240.64,M000086,4904.54,5186.89,0,0
8,PAYMENT,190.71,C000135,691.92,501.21,M000170,3584.39,3775.1,0,0
8,CASH_OUT,196.45,C000224,6739.81,6543.36,M000119,16443.95,16640.4,0,0
8,TRANSFER,463.37,C000087,5224.64,4761.27,M000141,4084.02,4547.39,0,0
8,DEBIT,474.67,C000015,1914.68,1440.01,M000053,6983.85,7458.53,0,0
8,CASH_IN,488.27,C000018,3180.21,2691.94,M000181,2380.35,2868.62,0,0
8,CASH_IN,322.76,C000037,1661.5,1338.74,M000170,964.57,1287.33,0,0
8,CASH_IN,161.43,C000069,15943.46,15782.03,M000062,5278.46,5439.89,0,0
8,CASH_OUT,366.25,C000130,1629.53,1263.28,M000006,8454.75,8821.0,0,0
8,TRANSFER,1386.3,C000219,7693.36,6307.06,M000028,29264.81,30651.1,0,0
8,TRANSFER,2277.54,C000236,28253.74,25976.2,M000148,6508.15,8785.69,0,0
8,CASH_IN,396.48,C000043,6886.58,6490.09,M000069,3971.5,4367.99,0,0
8,TRANSFER,378.02,C000293,3721.77,3343.76,M000131,18501.31,18879.33,0,0
8,CASH_IN,1464.47,C000020,5921.38,4456.91,M000112,18578.37,20042.84,0,0
8,CASH_OUT,111.95,C000215,2303.74,2191.79,M000056,6392.74,6504.69,0,0
8,PAYMENT,381.11,C000159,13697.69,13316.58,M000124,11532.32,11913.42,0,0
8,TRANSFER,254.99,C000288,44337.54,44082.54,M000042,3782.04,4037.04,0,0
8,PAYMENT,1714.36,C000241,8547.13,6832.76,M000030,4106.45,5820.81,0,0
8,CASH_OUT,379.01,C000238,45659.45,45280.44,M000170,943.26,1322.27,0,0
8,TRANSFER,911.96,C000226,29343.21,28431.24,M000011,2503.47,3415.44,0,0
8,PAYMENT,251.65,C000135,5740.66,5489.01,M000185,1118.31,1369.97,0,0
9,PAYMENT,1772.35,C000250,1024.76,0.0,M000101,5532.82,7305.18,0,0
9,PAYMENT,247.13,C000224,1489.31,1242.17,M000036,3981.75,4228.88,0,0
9,PAYMENT,313.3,C000166,11652.58,11339.29,M000173,4595.33,4908.63,0,0
9,TRANSFER,165.92,C000223,2361.38,2195.46,M000059,4227.23,4393.16,0,0
9,PAYMENT,799.61,C000183,6502.28,5702.67,M000130,17830.29,18629.9,0,0
9,CASH_OUT,1015.87,C000156,8416.77,7400.9,M000017,32564.82,33580.69,0,0
9,CASH_OUT,1526.32,C000073,1850.51,324.19,M000066,13178.98,14705.3,0,0
9,TRANSFER,13426.85,C000297,3070.54,0.0,M000068,774.99,14201.84,1,0
9,CASH_OUT,2471.74,C000119,22508.2,20036.45,M000094,5131.66,7603.41,0,0
9,TRANSFER,166.89,C000068,6359.07,6192.18,M000104,8737.11,8904.0,0,0
9,CASH_OUT,260.16,C000272,1421.36,1161.2,M000009,14911.42,15171.59,0,0
9,TRANSFER,425.18,C000134,1592.66,1167.48,M000106,2809.16,3234.34,0,0
9,CASH_OUT,209.58,C000189,7096.33,6886.75,M000034,16671.3,16880.89,0,0
9,PAYMENT,2462.74,C000071,13186.75,10724.01,M000150,5682.75,8145.49,0,0
9,CASH_IN,165.27,C000124,2521.29,2356.02,M000070,14154.78,14320.06,0,0
9,PAYMENT,218.61,C000253,4460.65,4242.03,M000103,7783.16,8001.77,0,0
9,CASH_OUT,1474.51,C000214,5668.77,4194.26,M000011,1682.6,3157.11,0,0
9,PAYMENT,864.86,C000270,19308.37,18443.51,M000189,29407.44,30272.29,0,0
9,PAYMENT,228.08,C000083,1697.69,1469.6,M000019,2343.18,2571.27,0,0
9,CASH_IN,321.47,C000005,16056.77,15735.3,M000043,3106.53,3428.0,0,0
9,CASH_OUT,686.63,C000021,2199.15,1512.52,M000136,36545.07,37231.7,0,0
9,CASH_OUT,45.45,C000025,7645.55,7600.1,M000133,7046.73,7092.18,0,0
9,CASH_IN,1533.96,C000136,7102.28,5568.32,M000069,12661.36,14195.32,0,0
9,PAYMENT,1165.61,C000158,16072.76,14907.15,M000181,2020.79,3186.4,0,0
9,CASH_IN,246.91,C000178,4961.94,4715.03,M000055,4308.47,4555.38,0,0
9,CASH_IN,312.37,C000190,7765.2,7452.83,M000040,11122.85,11435.22,0,0
9,TRANSFER,632.51,C000068,6348.09,5715.58,M000102,5432.66,6065.17,0,0
9,TRANSFER,2103.76,C000202,2906.03,802.27,M000006,2415.25,4519.01,0,0
9,CASH_OUT,145.14,C000053,1848.27,1703.13,M000106,720.44,865.57,0,0
9,DEBIT,134.24,C000067,6825.66,6691.42,M000127,4559.42,4693.66,0,0
9,TRANSFER,378.98,C000097,4323.62,3944.65,M000166,3127.85,3506.83,0,0
9,TRANSFER,503.65,C000081,6141.61,5637.96,M000064,6142.25,6645.9,0,0
9,TRANSFER,544.87,C000292,5284.19,4739.32,M000153,9018.18,9563.05,0,0
9,CASH_OUT,231.59,C000295,27975.1,27743.51,M000165,8455.1,8686.68,0,0
9,CASH_OUT,2458.5,C000160,9276.58,6818.09,M000197,5317.62,7776.11,0,0
9,CASH_IN,1029.24,C000098,6845.61,5816.37,M000171,3475.12,4504.37,0,0
9,TRANSFER,453.1,C000051,12003.01,11549.91,M000096,4455.04,4908.15,0,0
9,CASH_IN,312.56,C000096,28395.58,28083.02,M000036,26214.05,26526.62,0,0
9,CASH_IN,556.4,C000182,6256.18,5699.78,M000185,5828.41,6384.82,0,0
9,PAYMENT,308.25,C000273,2214.65,1906.4,M000081,8828.9,9137.15,0,0
9,CASH_OUT,404.94,C000207,5045.53,4640.59,M000140,686.99,1091.94,0,0
9,CASH_IN,2031.47,C000134,10822.58,8791.11,M000172,10083.88,12115.35,0,0
9,PAYMENT,557.5,C000248,1301.93,744.43,M000144,3364.88,3922.37,0,0
9,PAYMENT,1157.18,C000159,4658.96,3501.77,M000171,1218.12,2375.3,0,0
9,CASH_OUT,3627.25,C000172,2386.72,0.0,M000154,6498.93,10126.18,0,0
9,PAYMENT,157.19,C000139,5390.37,5233.19,M000006,1671.12,1828.31,0,0
9,CASH_OUT,1070.87,C000212,2642.45,1571.58,M000028,5571.32,6642.19,0,0
9,PAYMENT,1004.42,C000028,4638.67,3634.25,M000065,4459.81,5464.24,0,0
9,CASH_OUT,920.29,C000067,17050.82,16130.53,M000034,2481.31,3401.6,0,0
9,CASH_OUT,971.32,C000066,13444.88,12473.56,M000003,1453.67,2424.99,0,0
9,TRANSFER,232.2,C000134,9007.16,8774.96,M000060,11503.25,11735.45,0,0
9,CASH_OUT,142.92,C000209,46987.81,46844.89,M000065,5052.59,5195.51,0,0
9,PAYMENT,353.03,C000116,10977.82,10624.78,M000139,1422.51,1775.55,0,0
9,PAYMENT,120.75,C000190,6049.23,5928.48,M000131,3441.4,3562.14,0,0
9,CASH_OUT,335.95,C000059,14209.71,13873.76,M000158,7883.43,8219.39,0,0
9,CASH_OUT,589.84,C000078,5050.21,4460.37,M000076,15786.22,16376.05,0,0
9,PAYMENT,84.85,C000099,3447.11,3362.26,M000095,5908.7,5993.55,0,0
9,TRANSFER,42.04,C000222,4269.62,4227.59,M000007,4301.84,4343.88,0,0
9,CASH_IN,749.57,C000047,24882.83,24133.26,M000184,3626.82,4376.39,0,0
9,CASH_IN,990.49,C000105,6509.33,5518.84,M000188,9786.48,10776.97,0,0
9,PAYMENT,250.96,C000122,9847.86,9596.9,M000011,3577.43,3828.39,0,0
9,PAYMENT,9495.44,C000220,5310.54,0.0,M000107,2077.69,11573.12,0,0
9,CASH_OUT,570.64,C000127,5313.31,4742.67,M000039,3530.18,4100.82,0,0
9,PAYMENT,202.44,C000266,1380.04,1177.61,M000175,25291.34,25493.78,0,0
9,PAYMENT,51.31,C000135,21769.64,21718.33,M000038,7007.11,7058.42,0,0
9,PAYMENT,573.67,C000232,13627.96,13054.3,M000161,11659.67,12233.33,0,0
9,PAYMENT,192.13,C000040,4234.12,4041.99,M000124,3026.65,3218.78,0,0
9,PAYMENT,1445.18,C000148,6462.33,5017.14,M000065,3352.58,4797.76,0,0
9,DEBIT,2346.07,C000097,9442.08,7096.0,M000194,1019.05,3365.13,0,0
9,CASH_IN,25.91,C000044,17531.55,17505.64,M000038,8713.0,8738.91,0,0
9,PAYMENT,191.35,C000216,1507.02,1315.67,M000184,5092.32,5283.67,0,0
9,TRANSFER,15095.05,C000175,15668.3,573.25,M000129,4522.06,19617.12,1,0
9,CASH_IN,171.01,C000034,35592.42,35421.41,M000138,2005.53,2176.54,0,0
9,PAYMENT,223.85,C000199,7281.32,7057.46,M000020,20535.8,20759.65,0,0
9,TRANSFER,387.19,C000201,2514.37,2127.18,M000183,5381.3,5768.49,0,0
9,CASH_OUT,466.79,C000114,20832.17,20365.39,M000173,9362.78,9829.57,0,0
9,PAYMENT,1967.11,C000013,3451.34,1484.23,M000111,35073.18,37040.28,0,0
9,PAYMENT,585.92,C000202,24835.07,24249.16,M000121,8551.2,9137.12,0,0
9,TRANSFER,149.36,C000173,14500.06,14350.71,M000025,77936.89,78086.24,0,0
9,TRANSFER,921.54,C000153,401.18,0.0,M000083,3795.94,4717.48,0,0
9,CASH_OUT,1109.52,C000267,2866.61,1757.1,M000054,4380.33,5489.85,0,0
9,CASH_OUT,441.51,C000138,22171.41,21729.9,M000053,1384.05,1825.57,0,0
9,PAYMENT,2214.06,C000153,824.24,0.0,M000121,13921.95,16136.0,0,0
9,PAYMENT,783.19,C000105,6388.86,5605.67,M000119,3441.48,4224.67,0,0
9,CASH_OUT,3229.52,C000285,3579.06,349.54,M000005,5892.01,9121.53,0,0
9,CASH_OUT,1490.82,C000113,2783.61,1292.79,M000050,51235.69,52726.52,0,0
9,PAYMENT,104.98,C000148,2734.7,2629.72,M000066,3860.07,3965.05,0,0
10,PAYMENT,3747.09,C000208,15166.88,11419.79,M000152,5555.71,9302.8,0,0
10,CASH_OUT,494.2,C000270,5758.32,5264.12,M000101,24367.57,24861.77,0,0
10,PAYMENT,383.66,C000117,8607.7,8224.04,M000140,5639.73,6023.39,0,0
10,CASH_OUT,302.88,C000009,1786.08,1483.2,M000077,2386.86,2689.74,0,0
10,PAYMENT,414.1,C000204,1157.73,743.63,M000157,66382.57,66796.67,0,0
10,CASH_IN,176.59,C000180,2434.2,2257.61,M000122,18989.69,19166.28,0,0
10,PAYMENT,150.24,C000156,5266.08,5115.84,M000164,2170.25,2320.49,0,0
10,PAYMENT,670.27,C000187,22330.1,21659.83,M000082,4898.31,5568.58,0,0
10,PAYMENT,1492.51,C000294,2831.65,1339.14,M000085,5117.97,6610.48,0,0
10,PAYMENT,44.05,C000264,12701.34,12657.29,M000067,5610.21,5654.27,0,0
10,CASH_OUT,906.83,C000019,1866.81,959.98,M000100,7402.83,8309.66,0,0
10,PAYMENT,375.77,C000110,24015.13,23639.36,M000090,5913.56,6289.33,0,0
10,DEBIT,214.44,C000192,33219.39,33004.94,M000070,1574.31,1788.75,0,0
10,TRANSFER,440.88,C000197,8222.45,7781.57,M000017,3202.79,3643.67,0,0
10,PAYMENT,326.7,C000016,8585.55,8258.86,M000089,4850.28,5176.98,0,0
10,PAYMENT,506.65,C000207,3482.28,2975.62,M000034,1916.18,2422.84,0,0
10,CASH_OUT,136.65,C000221,3015.18,2878.52,M000042,2437.21,2573.86,0,0
10,CASH_IN,389.18,C000038,534.98,145.8,M000108,10357.01,10746.19,0,0
10,CASH_OUT,610.19,C000011,26215.46,25605.27,M000062,1262.19,1872.38,0,0
10,TRANSFER,2379.41,C000210,835.43,0.0,M000018,904.97,3284.38,0,0
10,PAYMENT,226.7,C000047,1030.38,803.68,M000141,1495.38,1722.08,0,0
10,PAYMENT,173.94,C000024,4137.14,3963.2,M000006,8180.92,8354.86,0,0
10,TRANSFER,1289.53,C000174,15913.35,14623.82,M000030,5905.32,7194.86,0,0
10,PAYMENT,733.22,C000083,6455.26,5722.05,M000054,11623.17,12356.39,0,0
10,PAYMENT,2439.2,C000121,7714.05,5274.85,M000046,8129.87,10569.08,0,0
10,PAYMENT,231.57,C000008,5069.98,4838.42,M000138,6906.04,7137.61,0,0
10,CASH_OUT,131.58,C000087,1231.84,1100.26,M000143,571.86,703.45,0,0
10,PAYMENT,75.59,C000290,14055.81,13980.22,M000041,14824.03,14899.62,0,0
10,PAYMENT,160.22,C000210,1498.64,1338.42,M000130,6774.17,6934.39,0,0
10,PAYMENT,491.86,C000232,971.78,479.93,M000047,1009.94,1501.8,0,0
10,CASH_IN,225.3,C000178,3811.08,3585.78,M000097,2469.37,2694.67,0,0
10,TRANSFER,571.69,C000251,6447.69,5876.0,M000110,6373.41,6945.1,0,0
10,CASH_IN,1284.74,C000123,5463.61,4178.87,M000167,3407.52,4692.26,0,0
10,CASH_OUT,946.72,C000195,32496.93,31550.21,M000154,8831.74,9778.46,0,0
10,PAYMENT,383.41,C000042,1359.01,975.6,M000158,3328.09,3711.49,0,0
10,TRANSFER,1043.04,C000060,6664.59,5621.54,M000157,3529.27,4572.31,0,0
10,CASH_IN,321.58,C000101,3240.11,2918.53,M000060,6327.03,6648.61,0,0
10,CASH_OUT,2472.14,C000006,9937.23,7465.09,M000166,4537.35,7009.49,0,0
10,PAYMENT,528.08,C000123,785.8,257.72,M000076,1978.37,2506.45,0,0
10,PAYMENT,2825.18,C000276,29500.82,26675.63,M000001,18205.14,21030.33,0,0
10,PAYMENT,79.42,C000195,1862.2,1782.78,M000072,15732.7,15812.12,0,0
10,TRANSFER,55.67,C000282,6214.93,6159.26,M000108,14045.94,14101.61,0,0
10,CASH_OUT,31.76,C000072,14551.07,14519.31,M000015,6683.4,6715.16,0,0
10,PAYMENT,1385.32,C000083,1254.56,0.0,M000043,14267.71,15653.04,0,0
10,DEBIT,263.01,C000120,23265.35,23002.34,M000022,13570.82,13833.83,0,0
10,TRANSFER,1307.59,C000056,8824.45,7516.85,M000123,4556.09,5863.68,0,0
10,PAYMENT,322.95,C000199,2490.26,2167.31,M000044,12476.42,12799.37,0,0
10,CASH_IN,1032.9,C000092,15492.2,14459.3,M000183,3452.96,4485.86,0,0
10,CASH_OUT,900.9,C000233,733.82,0.0,M000081,23538.07,24438.97,0,0
10,CASH_IN,1155.24,C000130,4543.91,3388.68,M000060,1209.62,2364.86,0,0
10,PAYMENT,165.97,C000137,21016.98,20851.01,M000034,15364.0,15529.97,0,0
10,PAYMENT,336.76,C000143,9941.71,9604.94,M000078,7253.59,7590.35,0,0
10,CASH_OUT,668.31,C000227,38358.5,37690.18,M000062,1853.68,2521.99,0,0
10,CASH_OUT,3357.04,C000092,14382.66,11025.63,M000047,5331.13,8688.17,0,0
10,PAYMENT,260.34,C000031,20722.3,20461.96,M000064,3770.69,4031.03,0,0
10,CASH_IN,1713.87,C000164,4879.37,3165.49,M000073,10620.81,12334.68,0,0
10,TRANSFER,163.62,C000019,17129.66,16966.04,M000014,954.27,1117.89,0,0
10,PAYMENT,1073.71,C000277,3263.25,2189.54,M000030,26070.11,27143.82,0,0
10,CASH_IN,1603.21,C000122,1612.47,9.26,M000190,3338.42,4941.63,1,0
10,PAYMENT,73.04,C000228,4306.21,4233.17,M000010,3649.62,3722.67,0,0
10,CASH_OUT,1873.23,C000296,1059.58,0.0,M000192,2173.6,4046.83,0,0
10,PAYMENT,41.44,C000012,9575.59,9534.16,M000091,10171.05,10212.48,0,0
10,TRANSFER,189.27,C000176,6667.79,6478.52,M000089,7188.65,7377.92,0,0
10,CASH_IN,414.88,C000043,13917.92,13503.04,M000076,18548.66,18963.54,0,0
10,CASH_OUT,99.66,C000227,917.69,818.02,M000039,17094.8,17194.46,0,0
10,PAYMENT,632.21,C000165,3613.97,2981.77,M000171,1211.9,1844.1,0,0
10,PAYMENT,1182.15,C000274,906.11,0.0,M000080,2619.99,3802.14,0,0
10,TRANSFER,1030.8,C000240,7693.68,6662.89,M000067,1059.69,2090.49,0,0
10,PAYMENT,297.67,C000178,31879.85,31582.18,M000022,3012.89,3310.56,0,0
10,DEBIT,818.92,C000156,10435.4,9616.48,M000198,39634.0,40452.92,0,0
10,CASH_OUT,161.78,C000127,7870.77,7708.98,M000002,3255.78,3417.57,0,0
10,TRANSFER,190.89,C000232,8506.64,8315.74,M000062,10811.51,11002.41,0,0
10,CASH_IN,158.85,C000169,5758.26,5599.41,M000121,4222.94,4381.8,0,0
10,DEBIT,1216.79,C000184,4456.18,3239.39,M000033,11280.46,12497.25,0,0
10,TRANSFER,532.79,C000201,2027.84,1495.05,M000157,16445.97,16978.76,0,0
10,CASH_OUT,976.41,C000280,6222.62,5246.21,M000024,3055.87,4032.28,0,0
10,CASH_IN,59.36,C000036,33858.14,33798.78,M000150,22588.1,22647.46,0,0
10,DEBIT,1230.29,C000028,1608.69,378.4,M000048,3957.3,5187.59,0,0
10,CASH_IN,83.87,C000103,4212.49,4128.61,M000088,5881.05,5964.93,0,0
10,TRANSFER,308.05,C000131,3015.99,2707.94,M000188,35325.72,35633.78,0,0
10,CASH_OUT,582.85,C000120,5208.63,4625.78,M000155,3079.68,3662.52,0,0
10,PAYMENT,1304.75,C000124,692.84,0.0,M000006,25179.64,26484.38,0,0
10,PAYMENT,376.29,C000179,1178.78,802.49,M000181,6626.02,7002.31,0,0
10,PAYMENT,1262.95,C000231,1184.81,0.0,M000129,3647.4,4910.35,0,0
10,TRANSFER,1289.46,C000192,9774.64,8485.18,M000030,2198.91,3488.37,0,0
10,PAYMENT,162.58,C000165,1228.86,1066.28,M000198,3632.35,3794.94,0,0
10,PAYMENT,360.57,C000140,3273.32,2912.75,M000073,2781.97,3142.55,0,0
10,PAYMENT,790.56,C000105,2352.87,1562.32,M000037,897.33,1687.89,0,0
10,PAYMENT,891.12,C000207,3474.91,2583.79,M000022,7210.35,8101.47,0,0
10,CASH_IN,1467.5,C000284,10970.59,9503.09,M000001,2533.77,4001.27,0,0
10,PAYMENT,3284.97,C000013,18950.79,15665.82,M000179,12546.45,15831.41,0,0
10,PAYMENT,342.76,C000003,10715.29,10372.54,M000091,7697.22,8039.97,0,0
10,TRANSFER,693.13,C000111,6071.6,5378.47,M000018,2345.65,3038.77,0,0
10,CASH_OUT,423.0,C000282,10533.69,10110.68,M000086,8395.38,8818.38,0,0
10,CASH_OUT,1143.53,C000150,848.89,0.0,M000102,4207.27,5350.8,0,0
10,TRANSFER,246.94,C000275,5771.58,5524.64,M000198,16306.5,16553.44,0,0
11,PAYMENT,2003.3,C000006,1617.79,0.0,M000068,8232.15,10235.45,0,0
11,PAYMENT,95.81,C000198,4737.2,4641.39,M000100,741.8,837.61,0,0
11,CASH_OUT,97.91,C000183,5148.3,5050.39,M000132,6392.89,6490.8,0,0
11,CASH_OUT,206.36,C000032,2153.91,1947.54,M000145,1335.79,1542.16,0,0
11,TRANSFER,207.27,C000117,13695.18,13487.91,M000045,96681.11,96888.38,0,0
11,TRANSFER,781.49,C000173,2754.92,1973.43,M000155,11812.65,12594.14,0,0
11,PAYMENT,320.22,C000146,569.17,248.95,M000049,8808.19,9128.41,0,0
11,PAYMENT,263.58,C000105,6256.18,5992.6,M000181,32666.62,32930.21,0,0
11,CASH_IN,267.88,C000236,893.19,625.32,M000072,4696.22,4964.1,0,0
11,CASH_IN,1619.64,C000295,1585.08,0.0,M000083,5954.97,7574.61,0,0
11,PAYMENT,163.78,C000255,3108.61,2944.84,M000040,2890.94,3054.71,0,0
11,CASH_OUT,1233.81,C000255,2157.41,923.6,M000033,14211.28,15445.09,0,0
11,TRANSFER,1487.57,C000065,7360.87,5873.29,M000037,21537.89,23025.47,0,0
11,TRANSFER,626.85,C000120,3511.18,2884.33,M000182,3571.43,4198.28,0,0
11,CASH_IN,418.49,C000007,2485.11,2066.62,M000070,4746.57,5165.05,0,0
11,CASH_OUT,82.65,C000166,1078.81,996.15,M000049,21080.03,21162.68,0,0
11,PAYMENT,340.63,C000283,14315.9,13975.27,M000095,4148.98,4489.61,0,0
11,PAYMENT,5041.4,C000024,3589.14,0.0,M000133,4024.25,9065.65,0,0
11,PAYMENT,206.32,C000009,2865.99,2659.67,M000187,12193.54,12399.87,0,0
11,PAYMENT,108.32,C000000,4132.62,4024.3,M000114,644.48,752.8,0,0
11,PAYMENT,368.61,C000179,1605.98,1237.37,M000086,5024.95,5393.56,0,0
11,PAYMENT,1013.67,C000034,3832.87,2819.2,M000075,7394.16,8407.83,0,0
11,PAYMENT,599.0,C000088,16648.84,16049.83,M000160,9844.49,10443.49,0,0
11,TRANSFER,1930.14,C000086,3305.83,1375.69,M000165,3261.43,5191.57,0,0
11,TRANSFER,88.99,C000086,5421.08,5332.09,M000161,7202.17,7291.16,0,0
11,CASH_IN,462.92,C000011,7305.66,6842.74,M000112,4952.61,5415.52,0,0
11,CASH_OUT,727.9,C000118,2140.15,1412.25,M000057,3100.62,3828.51,0,0
11,CASH_IN,277.77,C000179,6698.53,6420.76,M000171,2299.07,2576.84,0,0
11,CASH_IN,280.38,C000017,568.66,288.28,M000120,2041.56,2321.95,0,0
11,PAYMENT,5986.2,C000260,2539.34,0.0,M000043,10726.58,16712.78,0,0
11,PAYMENT,775.59,C000022,10987.35,10211.76,M000149,10772.64,11548.23,0,0
11,TRANSFER,361.64,C000113,7118.76,6757.12,M000008,13789.2,14150.84,0,0
11,CASH_OUT,236.05,C000196,2337.95,2101.9,M000058,4236.44,4472.5,0,0
11,TRANSFER,141.75,C000206,4965.8,4824.04,M000024,2238.72,2380.47,0,0
11,CASH_OUT,1364.89,C000182,9576.43,8211.55,M000078,3521.54,4886.43,0,0
11,CASH_OUT,87.06,C000010,5741.23,5654.17,M000096,13278.33,13365.39,0,0
11,PAYMENT,1595.26,C000109,18940.14,17344.87,M000099,5840.08,7435.34,0,0
11,PAYMENT,1721.41,C000093,698.65,0.0,M000060,3190.86,4912.27,0,0
11,TRANSFER,254.68,C000111,2425.82,2171.14,M000083,4063.97,4318.65,0,0
11,CASH_OUT,520.52,C000142,1836.12,1315.6,M000147,25725.74,26246.26,0,0
11,PAYMENT,368.39,C000102,4943.25,4574.87,M000131,53044.16,53412.55,0,0
11,PAYMENT,903.74,C000032,5082.01,4178.27,M000057,4977.15,5880.89,0,0
11,PAYMENT,1606.53,C000233,5885.26,4278.73,M000134,4314.57,5921.1,0,0
11,PAYMENT,410.19,C000053,12355.23,11945.04,M000122,29513.07,29923.27,0,0
11,TRANSFER,1712.52,C000017,7080.21,5367.69,M000176,14296.87,16009.39,0,0
11,PAYMENT,722.18,C000296,6161.02,5438.85,M000079,1410.37,2132.55,0,0
11,CASH_IN,180.29,C000284,7161.31,6981.02,M000023,641.83,822.12,0,0
11,DEBIT,482.79,C000208,4742.6,4259.81,M000040,20492.91,20975.7,0,0
11,PAYMENT,5944.52,C000178,33610.16,27665.64,M000083,19954.05,25898.56,0,0
11,TRANSFER,1562.42,C000032,6000.47,4438.05,M000121,7751.12,9313.53,0,0
11,PAYMENT,4453.08,C000074,1574.27,0.0,M000021,3958.55,8411.63,0,0
11,CASH_OUT,1163.87,C000251,15700.87,14537.0,M000187,6877.93,8041.8,0,0
11,TRANSFER,4472.91,C000074,922.42,0.0,M000002,1270.24,5743.16,0,0
11,PAYMENT,1094.9,C000025,3908.27,2813.37,M000066,1228.26,2323.15,0,0
11,PAYMENT,168.8,C000073,623.11,454.31,M000144,1799.71,1968.51,0,0
11,PAYMENT,802.52,C000070,6989.31,6186.79,M000166,4426.32,5228.84,0,0
11,CASH_OUT,72.88,C000279,2521.22,2448.34,M000199,3883.35,3956.24,0,0
11,TRANSFER,173.2,C000180,2223.82,2050.63,M000059,6740.44,6913.63,0,0
11,CASH_IN,1078.32,C000206,5156.84,4078.52,M000096,12996.57,14074.89,0,0
11,CASH_OUT,214.26,C000268,22140.27,21926.01,M000044,3104.15,3318.41,0,0
11,DEBIT,239.51,C000194,8330.97,8091.46,M000195,13809.58,14049.09,0,0
11,PAYMENT,237.73,C000101,17422.27,17184.55,M000191,3451.04,3688.76,0,0
11,PAYMENT,1065.55,C000069,36073.85,35008.3,M000019,3537.76,4603.31,0,0
11,PAYMENT,5255.0,C000110,16123.92,10868.92,M000086,2839.48,8094.48,0,0
11,CASH_OUT,664.42,C000047,829.19,164.77,M000198,5474.87,6139.3,0,0
11,TRANSFER,926.15,C000064,6391.76,5465.61,M000033,3622.55,4548.7,0,0
11,TRANSFER,182.41,C000286,8721.26,8538.85,M000111,314.96,497.37,0,0
11,CASH_OUT,1481.98,C000259,14973.19,13491.22,M000063,24047.89,25529.87,0,0
11,TRANSFER,117.65,C000280,8140.06,8022.41,M000088,531.76,649.41,0,0
11,TRANSFER,163.72,C000032,17268.04,17104.33,M000090,3490.0,3653.71,0,0
11,PAYMENT,45.81,C000019,9387.54,9341.73,M000086,1248.27,1294.08,0,0
11,PAYMENT,195.44,C000137,2736.27,2540.83,M000141,1919.9,2115.35,0,0
11,PAYMENT,2167.5,C000241,785.38,0.0,M000197,19817.68,21985.18,0,0
11,PAYMENT,49.14,C000045,2631.76,2582.63,M000090,31750.37,31799.51,0,0
11,PAYMENT,4601.64,C000295,5089.27,487.63,M000122,2760.12,7361.76,0,0
11,CASH_OUT,293.04,C000237,883.21,590.17,M000125,2060.52,2353.56,0,0
11,DEBIT,357.51,C000107,1178.5,820.99,M000119,11937.24,12294.75,0,0
11,DEBIT,508.57,C000030,309.33,0.0,M000169,1383.68,1892.25,0,0
11,TRANSFER,228.7,C000057,5875.19,5646.48,M000023,4614.9,4843.6,0,0
11,DEBIT,373.94,C000260,1548.37,1174.43,M000187,11795.83,12169.77,0,0
11,CASH_OUT,83.98,C000263,435.32,351.34,M000000,6207.56,6291.54,0,0
11,PAYMENT,3059.68,C000054,1469.67,0.0,M000130,4881.08,7940.77,0,0
11,PAYMENT,462.23,C000145,6273.47,5811.24,M000199,5128.03,5590.26,0,0
11,TRANSFER,965.53,C000137,1078.83,113.29,M000018,5332.79,6298.32,0,0
11,CASH_OUT,132.49,C000255,2574.02,2441.52,M000081,5154.92,5287.41,0,0
11,CASH_OUT,131.79,C000059,7427.17,7295.38,M000072,6184.03,6315.82,0,0
11,CASH_IN,546.85,C000256,6600.12,6053.28,M000151,8686.05,9232.9,0,0
11,PAYMENT,550.03,C000024,6765.04,6215.01,M000091,12577.28,13127.31,0,0
11,TRANSFER,124.76,C000013,12440.29,12315.53,M000001,3961.43,4086.18,0,0
12,PAYMENT,160.38,C000155,26950.98,26790.6,M000196,10724.5,10884.88,0,0
12,CASH_OUT,1274.12,C000064,8937.44,7663.31,M000137,4588.74,5862.87,0,0
12,PAYMENT,133.05,C000062,5691.69,5558.64,M000135,454485.25,454618.31,0,0
12,PAYMENT,772.8,C000157,12207.84,11435.04,M000014,31107.24,31880.04,0,0
12,CASH_OUT,255.71,C000285,3161.97,2906.26,M000052,19386.02,19641.72,0,0
12,CASH_OUT,2731.7,C000015,7281.83,4550.13,M000010,1752.17,4483.87,0,0
12,TRANSFER,229.8,C000270,29514.32,29284.52,M000190,11362.3,11592.11,0,0
12,CASH_OUT,84.69,C000230,5155.8,5071.11,M000135,10466.82,10551.51,0,0
12,PAYMENT,83.15,C000214,3342.87,3259.72,M000020,1968.94,2052.09,0,0
12,TRANSFER,173.21,C000064,13718.24,13545.03,M000036,29570.12,29743.33,0,0
12,TRANSFER,264.48,C000201,13392.2,13127.72,M000171,16777.21,17041.69,0,0
12,TRANSFER,324.39,C000128,6754.0,6429.61,M000166,14407.91,14732.31,0,0
12,PAYMENT,497.38,C000172,8389.53,7892.16,M000036,23936.56,24433.94,0,0
12,CASH_OUT,1109.78,C000121,1076.35,0.0,M000022,39334.28,40444.06,0,0
12,TRANSFER,249.01,C000284,5978.84,5729.83,M000128,15106.77,15355.78,0,0
12,PAYMENT,3868.88,C000278,4698.24,829.36,M000055,1844.92,5713.81,0,0
12,TRANSFER,520.81,C000070,1409.43,888.61,M000108,1471.38,1992.2,0,0
12,TRANSFER,1210.96,C000212,1580.51,369.55,M000170,12081.5,13292.46,0,0
12,CASH_OUT,485.45,C000293,4030.48,3545.03,M000139,1074.88,1560.33,0,0
12,CASH_OUT,1298.04,C000297,5475.19,4177.15,M000125,2725.23,4023.26,0,0
12,CASH_OUT,276.27,C000197,4825.96,4549.7,M000003,19897.33,20173.59,0,0
12,DEBIT,363.42,C000086,41725.55,41362.13,M000009,1907.92,2271.34,0,0
12,PAYMENT,29.93,C000178,2005.41,1975.49,M000153,7342.88,7372.81,0,0
12,TRANSFER,291.51,C000125,2923.42,2631.91,M000190,37290.02,37581.53,0,0
12,TRANSFER,16651.69,C000144,7008.0,0.0,M000087,5389.57,22041.26,0,0
12,PAYMENT,282.48,C000011,2949.87,2667.39,M000178,516.07,798.55,0,0
12,CASH_OUT,1672.71,C000028,42610.0,40937.3,M000189,13055.94,14728.65,0,0
12,PAYMENT,641.65,C000199,4237.61,3595.95,M000126,10505.99,11147.65,0,0
12,PAYMENT,3879.03,C000145,10325.36,6446.33,M000106,1642.91,5521.94,0,0
12,PAYMENT,1375.34,C000186,2291.75,916.41,M000040,23204.25,24579.59,0,0
12,CASH_IN,3148.84,C000260,7273.8,4124.96,M000142,1536.98,4685.83,0,0
12,CASH_OUT,170.8,C000174,3482.31,3311.51,M000119,16526.56,16697.36,0,0
12,DEBIT,761.22,C000098,1624.2,862.98,M000007,4313.03,5074.25,0,0
12,TRANSFER,3991.3,C000069,4655.16,663.86,M000076,3382.86,7374.15,0,0
12,PAYMENT,546.1,C000113,2706.59,2160.5,M000164,14500.45,15046.55,0,0
12,DEBIT,766.78,C000124,3896.2,3129.43,M000140,10849.9,11616.68,0,0
12,CASH_IN,704.3,C000161,3657.96,2953.66,M000030,2665.83,3370.14,0,0
12,CASH_IN,675.94,C000112,5587.82,4911.89,M000021,15817.03,16492.97,0,0
12,CASH_IN,762.6,C000005,3691.08,2928.48,M000131,3677.16,4439.75,0,0
12,CASH_OUT,691.32,C000011,3763.8,3072.48,M000177,19238.29,19929.61,0,0
12,CASH_OUT,2156.48,C000127,3522.22,1365.73,M000045,7069.96,9226.44,0,0
12,CASH_OUT,954.12,C000266,1666.6,712.48,M000101,1237.54,2191.66,0,0
12,PAYMENT,356.75,C000212,4425.16,4068.41,M000018,2502.07,2858.81,0,0
12,CASH_OUT,355.18,C000132,1225.41,870.24,M000183,5352.45,5707.63,0,0
12,CASH_OUT,279.73,C000148,6075.14,5795.41,M000136,15939.54,16219.27,0,0
12,PAYMENT,205.97,C000028,2492.15,2286.17,M000170,5317.14,5523.12,0,0
12,CASH_IN,315.82,C000076,12337.36,12021.54,M000049,2298.8,2614.62,0,0
12,PAYMENT,613.73,C000261,1648.28,1034.55,M000066,14722.98,15336.71,0,0
12,TRANSFER,2231.65,C000207,18836.1,16604.45,M000175,2407.02,4638.67,0,0
12,TRANSFER,3362.19,C000132,7081.05,3718.86,M000097,3928.53,7290.72,0,0
12,PAYMENT,492.78,C000039,5863.52,5370.74,M000122,5240.6,5733.38,0,0
12,CASH_IN,735.08,C000065,2383.51,1648.43,M000039,2779.79,3514.87,0,0
12,CASH_OUT,1379.09,C000056,6125.58,4746.49,M000173,3159.09,4538.18,0,0
12,CASH_IN,270.43,C000155,4332.32,4061.89,M000026,12202.95,12473.37,0,0
12,PAYMENT,2909.87,C000234,4218.92,1309.05,M000052,10870.69,13780.57,0,0
12,CASH_IN,210.44,C000061,40976.25,40765.81,M000063,2010.27,2220.71,0,0
12,PAYMENT,581.29,C000241,4238.11,3656.82,M000143,4408.15,4989.44,0,0
12,TRANSFER,912.03,C000064,2368.93,1456.9,M000149,28197.55,29109.58,0,0
12,PAYMENT,711.0,C000074,5173.15,4462.15,M000146,927.39,1638.39,0,0
12,CASH_IN,128.09,C000143,9392.06,9263.98,M000101,2002.22,2130.31,0,0
12,CASH_IN,492.69,C000292,3126.79,2634.11,M000112,1850.97,2343.65,0,0
12,CASH_OUT,542.44,C000121,72240.04,71697.61,M000011,14347.47,14889.91,0,0
12,PAYMENT,1943.18,C000108,4018.49,2075.31,M000139,3289.22,5232.4,0,0
12,PAYMENT,223.37,C000069,3333.54,3110.16,M000162,5551.63,5775.01,0,0
12,TRANSFER,176.44,C000170,2398.1,2221.66,M000183,3712.79,3889.23,0,0
12,CASH_IN,954.05,C000243,13321.8,12367.75,M000009,20492.29,21446.34,0,0
12,PAYMENT,318.39,C000069,8918.22,8599.82,M000199,9010.83,9329.22,0,0
12,PAYMENT,482.61,C000082,1043.11,560.5,M000098,6145.46,6628.07,0,0
12,CASH_OUT,808.22,C000278,2968.1,2159.88,M000012,37519.08,38327.31,0,0
12,CASH_OUT,357.89,C000082,2905.01,2547.13,M000128,10567.29,10925.18,0,0
12,PAYMENT,59.33,C000208,1732.74,1673.41,M000169,18776.82,18836.15,0,0
12,TRANSFER,929.19,C000121,2397.55,1468.35,M000062,15725.99,16655.19,0,0
12,TRANSFER,504.96,C000249,10094.51,9589.54,M000028,1955.06,2460.02,0,0
12,CASH_IN,1348.37,C000065,11383.95,10035.58,M000057,1271.91,2620.28,0,0
12,TRANSFER,361.19,C000202,656.6,295.41,M000090,8491.71,8852.9,0,0
12,TRANSFER,2487.46,C000253,12014.72,9527.26,M000140,10012.02,12499.48,0,0
12,CASH_OUT,414.67,C000014,2639.8,2225.13,M000032,22549.11,22963.78,0,0
12,CASH_IN,146.71,C000142,3273.77,3127.06,M000156,1935.54,2082.24,0,0
12,PAYMENT,457.77,C000113,1937.85,1480.08,M000055,6592.19,7049.96,0,0
12,CASH_OUT,1473.15,C000252,6858.32,5385.17,M000001,8274.3,9747.45,0,0
12,PAYMENT,472.52,C000177,506.39,33.87,M000002,1286.31,1758.83,0,0
12,TRANSFER,331.84,C000244,7352.16,7020.32,M000044,4612.98,4944.82,0,0
12,CASH_OUT,761.49,C000219,1156.21,394.72,M000076,2983.05,3744.55,0,0
12,CASH_OUT,251.89,C000063,4252.98,4001.08,M000000,3908.87,4160.76,0,0
12,CASH_OUT,166.72,C000073,9199.83,9033.11,M000035,2028.19,2194.91,0,0
12,TRANSFER,4469.04,C000226,1368.13,0.0,M000034,57474.26,61943.3,0,0
12,PAYMENT,471.72,C000261,777.33,305.61,M000144,23937.86,24409.58,0,0
12,CASH_IN,262.81,C000281,14863.23,14600.42,M000094,10399.88,10662.69,0,0
13,TRANSFER,426.62,C000254,8519.58,8092.97,M000050,9929.71,10356.32,0,0
13,TRANSFER,1248.77,C000130,12577.33,11328.55,M000126,3294.91,4543.68,1,0
13,DEBIT,741.18,C000141,4145.31,3404.12,M000036,6300.87,7042.05,0,0
13,TRANSFER,155.43,C000062,2595.2,2439.77,M000128,1775.1,1930.53,0,0
13,CASH_OUT,1373.61,C000028,13538.39,12164.78,M000103,2419.52,3793.13,0,0
13,CASH_OUT,3732.53,C000120,7334.82,3602.28,M000037,3098.94,6831.48,0,0
13,CASH_OUT,57.09,C000043,9111.01,9053.91,M000029,18881.28,18938.37,0,0
13,CASH_OUT,426.44,C000232,1143.71,717.27,M000032,5038.72,5465.16,0,0
13,PAYMENT,1266.27,C000229,3532.39,2266.12,M000062,1911.39,3177.66,0,0
13,PAYMENT,2314.12,C000227,8690.02,6375.9,M000035,6407.45,8721.56,0,0
13,PAYMENT,81.03,C000297,7825.36,7744.33,M000190,683.83,764.86,0,0
13,TRANSFER,137.42,C000242,4689.09,4551.67,M000152,1005.97,1143.38,0,0
13,PAYMENT,1789.09,C000014,4236.4,2447.31,M000130,1614.5,3403.58,0,0
13,PAYMENT,1920.27,C000175,6018.32,4098.05,M000109,5134.25,7054.52,0,0
13,CASH_OUT,102.46,C000152,2258.07,2155.61,M000100,4872.61,4975.06,0,0
13,DEBIT,55.28,C000255,4544.08,4488.8,M000012,4217.88,4273.15,0,0
13,CASH_IN,434.94,C000200,10830.49,10395.55,M000141,36428.35,36863.3,0,0
13,PAYMENT,473.47,C000279,2625.72,2152.24,M000149,8290.32,8763.8,0,0
13,PAYMENT,2701.09,C000188,8471.63,5770.53,M000125,1501.45,4202.54,0,0
13,PAYMENT,3766.17,C000097,8993.28,5227.11,M000011,1678.16,5444.34,0,0
13,TRANSFER,625.85,C000068,16532.66,15906.81,M000156,76585.7,77211.55,0,0
13,TRANSFER,1100.55,C000065,22808.58,21708.02,M000049,14943.54,16044.1,0,0
13,CASH_IN,1731.51,C000071,3018.65,1287.14,M000005,58771.19,60502.7,0,0
13,PAYMENT,1480.7,C000016,13070.47,11589.77,M000184,4454.64,5935.34,0,0
13,PAYMENT,327.13,C000028,11659.36,11332.23,M000184,1458.2,1785.33,0,0
13,TRANSFER,1664.15,C000076,4696.67,3032.52,M000142,2737.08,4401.23,0,0
13,CASH_OUT,4175.05,C000241,4542.79,367.74,M000011,2678.63,6853.68,0,0
13,CASH_IN,456.05,C000235,7436.77,6980.71,M000121,34270.77,34726.82,0,0
13,CASH_OUT,2137.13,C000185,20304.6,18167.48,M000176,2638.18,4775.31,1,0
13,CASH_IN,135.32,C000030,17280.71,17145.39,M000035,3353.0,3488.32,0,0
13,PAYMENT,625.69,C000000,9489.79,8864.1,M000136,10782.77,11408.46,0,0
13,PAYMENT,2246.14,C000190,11530.66,9284.53,M000059,10184.63,12430.77,0,0
13,CASH_IN,187.08,C000112,3507.93,3320.85,M000188,6533.72,6720.79,0,0
13,PAYMENT,1673.38,C000038,32895.15,31221.77,M000186,3596.38,5269.76,0,0
13,TRANSFER,500.13,C000131,2167.05,1666.92,M000075,39555.29,40055.42,0,0
13,CASH_OUT,743.99,C000014,8588.87,7844.87,M000036,7621.22,8365.22,0,0
13,PAYMENT,2906.19,C000013,12585.65,9679.46,M000119,1604.49,4510.68,0,0
13,PAYMENT,481.19,C000034,4911.28,4430.09,M000158,5416.44,5897.63,0,0
13,TRANSFER,233.46,C000221,2867.28,2633.82,M000116,10669.17,10902.63,0,0
13,TRANSFER,697.36,C000107,11893.42,11196.06,M000047,1283.02,1980.38,0,0
13,PAYMENT,195.82,C000108,2377.42,2181.6,M000066,9539.85,9735.67,0,0
13,PAYMENT,68.04,C000141,530.09,462.05,M000126,5240.44,5308.48,0,0
13,PAYMENT,362.49,C000040,22960.37,22597.88,M000001,7268.65,7631.14,0,0
13,TRANSFER,440.79,C000191,3178.25,2737.46,M000021,24090.11,24530.9,0,0
13,PAYMENT,2076.41,C000004,961.56,0.0,M000112,7738.87,9815.28,0,0
13,DEBIT,268.38,C000150,6654.78,6386.39,M000039,4725.53,4993.91,0,0
13,PAYMENT,2055.66,C000092,4234.02,2178.36,M000195,4477.03,6532.69,0,0
13,TRANSFER,1124.62,C000130,15428.67,14304.05,M000020,1194.31,2318.93,0,0
13,TRANSFER,1414.35,C000278,1170.18,0.0,M000030,6300.05,7714.4,0,0
13,PAYMENT,818.57,C000231,8339.64,7521.07,M000053,3273.6,4092.17,0,0
13,PAYMENT,453.53,C000045,5350.66,4897.14,M000022,2117.8,2571.33,0,0
13,TRANSFER,235.5,C000172,1794.78,1559.28,M000103,11870.18,12105.68,0,0
13,TRANSFER,512.91,C000141,11480.59,10967.68,M000164,7918.16,8431.07,0,0
13,CASH_OUT,286.48,C000096,3645.65,3359.16,M000019,10842.25,11128.74,0,0
13,PAYMENT,179.7,C000166,3427.08,3247.38,M000011,1206.77,1386.47,0,0
13,CASH_OUT,254.37,C000200,11169.42,10915.05,M000155,6675.99,6930.36,0,0
13,PAYMENT,93.2,C000205,8167.86,8074.66,M000103,24065.93,24159.14,0,0
13,PAYMENT,90.19,C000139,2670.66,2580.47,M000079,12584.68,12674.87,0,0
13,TRANSFER,1012.71,C000205,16799.23,15786.52,M000168,1860.46,2873.16,0,0
13,PAYMENT,170.23,C000282,7711.45,7541.22,M000039,2847.15,3017.38,0,0
13,TRANSFER,1189.12,C000024,1677.81,488.69,M000125,5267.23,6456.35,0,0
13,PAYMENT,701.56,C000288,22929.81,22228.25,M000150,3401.13,4102.69,0,0
13,PAYMENT,118.11,C000178,11260.06,11141.95,M000002,1393.34,1511.45,0,0
13,CASH_OUT,397.45,C000049,12179.17,11781.72,M000182,2615.34,3012.79,0,0
13,PAYMENT,1067.5,C000136,5193.54,4126.04,M000041,7858.29,8925.79,0,0
13,CASH_IN,1320.81,C000182,5619.52,4298.71,M000034,3024.08,4344.89,0,0
13,PAYMENT,109.06,C000212,3929.56,3820.5,M000075,2441.59,2550.65,0,0
13,PAYMENT,5652.86,C000032,10940.47,5287.61,M000099,3987.05,9639.92,0,0
13,PAYMENT,387.62,C000030,9066.27,8678.66,M000005,7833.99,8221.61,0,0
13,CASH_IN,487.81,C000119,6164.89,5677.07,M000031,4494.72,4982.54,0,0
13,PAYMENT,355.98,C000046,1777.56,1421.58,M000050,38676.89,39032.87,0,0
13,CASH_IN,481.28,C000052,17659.11,17177.83,M000096,1319.01,1800.3,0,0
13,TRANSFER,370.98,C000104,27610.49,27239.51,M000123,4434.96,4805.94,0,0
13,CASH_OUT,86.33,C000183,6058.71,5972.38,M000120,5013.81,5100.14,0,0
13,PAYMENT,831.29,C000098,6731.51,5900.22,M000153,15629.28,16460.57,0,0
13,PAYMENT,2659.1,C000204,10973.68,8314.58,M000009,11501.1,14160.2,0,0
13,PAYMENT,1016.41,C000155,7136.21,6119.81,M000064,1907.23,2923.63,0,0
13,CASH_IN,131.16,C000104,18020.78,17889.62,M000007,1801.32,1932.48,0,0
13,PAYMENT,222.49,C000121,3910.9,3688.41,M000197,2749.74,2972.23,0,0
13,PAYMENT,872.92,C000224,8265.13,7392.21,M000133,8314.0,9186.92,0,0
13,CASH_OUT,1114.85,C000091,29632.9,28518.05,M000020,2390.37,3505.22,0,0
13,CASH_OUT,387.99,C000156,3788.88,3400.89,M000059,1166.74,1554.74,0,0
13,CASH_IN,2102.62,C000138,6917.43,4814.81,M000106,2484.84,4587.46,0,0
13,PAYMENT,3466.75,C000246,20845.8,17379.05,M000149,3478.14,6944.89,0,0
13,CASH_IN,4120.36,C000297,2499.82,0.0,M000154,12974.66,17095.02,0,0
13,TRANSFER,129.14,C000297,2318.01,2188.87,M000150,6656.2,6785.34,0,0
13,TRANSFER,2630.3,C000297,10183.33,7553.03,M000000,23979.42,26609.72,0,0
13,PAYMENT,1577.8,C000201,1343.56,0.0,M000057,36188.98,37766.78,0,0
14,PAYMENT,128.47,C000157,18699.53,18571.06,M000122,5513.09,5641.56,0,0
14,DEBIT,584.03,C000086,5429.31,4845.28,M000173,4795.45,5379.48,0,0
14,PAYMENT,566.73,C000208,5562.06,4995.33,M000197,7816.34,8383.07,0,0
14,PAYMENT,1067.93,C000088,12380.29,11312.36,M000107,5912.1,6980.03,0,0
14,PAYMENT,155.9,C000130,20808.14,20652.24,M000122,2697.36,2853.27,0,0
14,CASH_IN,1828.2,C000217,910.78,0.0,M000099,6918.34,8746.55,0,0
14,CASH_IN,2484.48,C000089,4252.47,1767.99,M000045,1416.34,3900.83,0,0
14,TRANSFER,247.02,C000041,9000.31,8753.29,M000175,3398.64,3645.66,0,0
14,PAYMENT,133.04,C000233,20223.9,20090.86,M000012,3215.97,3349.01,0,0
14,CASH_OUT,239.43,C000211,6677.72,6438.28,M000184,5391.43,5630.87,0,0
14,CASH_OUT,2641.11,C000085,6424.63,3783.51,M000063,6775.06,9416.17,0,0
14,DEBIT,122.15,C000232,7953.71,7831.57,M000100,2893.14,3015.29,0,0
14,TRANSFER,146.85,C000079,1847.93,1701.08,M000111,9080.82,9227.67,0,0
14,CASH_OUT,698.31,C000150,2719.77,2021.46,M000069,5132.97,5831.28,0,0
14,CASH_IN,548.53,C000146,1895.33,1346.81,M000051,18348.91,18897.44,0,0
14,CASH_OUT,634.34,C000147,1094.25,459.9,M000110,3095.76,3730.1,0,0
14,TRANSFER,627.77,C000075,4820.26,4192.49,M000021,11827.58,12455.35,0,0
14,CASH_IN,157.0,C000140,1886.3,1729.3,M000198,2901.47,3058.47,0,0
14,TRANSFER,1463.62,C000057,14705.66,13242.05,M000147,1954.49,3418.11,0,0
14,CASH_OUT,179.67,C000067,5336.95,5157.28,M000183,11346.38,11526.05,0,0
14,TRANSFER,429.15,C000207,1518.59,1089.44,M000158,10052.98,10482.13,0,0
14,PAYMENT,355.92,C000059,1229.01,873.1,M000114,5698.21,6054.13,0,0
14,CASH_OUT,414.32,C000037,2827.07,2412.75,M000161,5202.3,5616.62,0,0
14,PAYMENT,1090.56,C000160,3727.91,2637.35,M000163,2810.66,3901.22,0,0
14,PAYMENT,2276.83,C000107,2927.6,650.76,M000025,18108.37,20385.2,0,0
14,PAYMENT,1420.04,C000185,1039.51,0.0,M000145,7221.87,8641.92,0,0
14,TRANSFER,1035.85,C000276,20091.33,19055.48,M000100,5880.14,6915.99,0,0
14,CASH_OUT,2473.17,C000100,7748.68,5275.51,M000134,41868.1,44341.27,0,0
14,PAYMENT,286.53,C000223,1802.7,1516.17,M000105,3219.64,3506.18,0,0
14,TRANSFER,678.59,C000181,10374.29,9695.7,M000022,1933.06,2611.65,0,0
14,CASH_OUT,1252.89,C000149,21658.21,20405.32,M000134,2460.64,3713.53,0,0
14,CASH_OUT,830.96,C000192,942.55,111.58,M000130,518.95,1349.92,0,0
14,CASH_OUT,505.93,C000062,4071.98,3566.05,M000015,4730.99,5236.93,0,0
14,DEBIT,2305.31,C000131,12484.95,10179.64,M000025,12238.59,14543.9,0,0
14,CASH_OUT,7005.05,C000089,27006.01,20000.96,M000095,1468.52,8473.57,0,0
14,PAYMENT,470.18,C000163,7299.74,6829.56,M000080,2439.7,2909.88,0,0
14,CASH_IN,1380.96,C000223,10616.45,9235.5,M000057,9880.38,11261.33,0,0
14,CASH_IN,986.29,C000171,1008.48,22.19,M000145,9525.66,10511.95,0,0
14,DEBIT,1211.63,C000096,1559.07,347.44,M000059,2754.21,3965.84,0,0
14,TRANSFER,194.39,C000050,41772.48,41578.09,M000004,1652.56,1846.95,0,0
14,CASH_OUT,575.94,C000164,23732.94,23157.0,M000051,36692.47,37268.42,0,0
14,PAYMENT,1296.91,C000123,2405.86,1108.95,M000165,6981.33,8278.24,0,0
14,TRANSFER,304.2,C000018,2391.49,2087.29,M000008,3699.12,4003.32,0,0
14,TRANSFER,201.74,C000068,3793.89,3592.15,M000064,13259.55,13461.29,0,0
14,CASH_IN,754.96,C000019,1623.21,868.25,M000061,4378.53,5133.48,0,0
14,PAYMENT,618.54,C000256,10516.46,9897.91,M000178,6079.08,6697.62,0,0
14,CASH_IN,737.7,C000191,1079.69,341.99,M000046,7984.72,8722.42,0,0
14,PAYMENT,148.6,C000153,10945.71,10797.11,M000151,4705.4,4854.0,0,0
14,TRANSFER,589.67,C000149,2662.44,2072.77,M000165,4152.35,4742.01,0,0
14,PAYMENT,149.6,C000140,1016.84,867.24,M000032,9801.05,9950.65,0,0
14,TRANSFER,398.98,C000013,2228.33,1829.34,M000058,601.99,1000.97,0,0
14,CASH_IN,162.59,C000202,2316.99,2154.4,M000077,4888.51,5051.1,0,0
14,TRANSFER,465.76,C000254,18852.46,18386.7,M000179,5519.29,5985.06,0,0
14,PAYMENT,647.66,C000235,119746.47,119098.81,M000109,2120.56,2768.21,0,0
14,DEBIT,133.06,C000000,5842.45,5709.39,M000166,10553.96,10687.02,0,0
14,CASH_OUT,870.75,C000028,1339.67,468.92,M000163,1125.35,1996.1,0,0
14,CASH_OUT,1228.96,C000169,3758.03,2529.06,M000097,2295.31,3524.27,0,0
14,PAYMENT,835.7,C000239,16698.33,15862.62,M000046,10109.57,10945.27,0,0
14,PAYMENT,200.73,C000011,2817.44,2616.71,M000078,3968.36,4169.09,0,0
14,TRANSFER,251.65,C000018,6265.93,6014.28,M000075,429.37,681.02,0,0
14,CASH_OUT,1534.28,C000156,4113.02,2578.73,M000071,4093.83,5628.11,0,0
14,PAYMENT,756.6,C000023,13126.82,12370.22,M000109,22716.8,23473.4,0,0
14,PAYMENT,341.59,C000252,1042.99,701.4,M000128,14770.3,15111.89,0,0
14,TRANSFER,110.09,C000053,816.56,706.47,M000145,2070.7,2180.78,0,0
14,PAYMENT,1571.92,C000144,8053.58,6481.66,M000190,4216.04,5787.96,0,0
14,CASH_IN,877.34,C000045,547.63,0.0,M000063,5320.01,6197.35,0,0
14,DEBIT,12.0,C000138,5242.97,5230.96,M000121,48565.93,48577.94,0,0
14,TRANSFER,93.02,C000181,25083.35,24990.33,M000036,3082.17,3175.19,0,0
14,PAYMENT,273.24,C000088,5295.98,5022.74,M000083,6301.08,6574.32,0,0
14,CASH_OUT,85.1,C000157,8410.44,8325.34,M000193,5718.11,5803.21,0,0
14,CASH_OUT,334.59,C000214,3852.83,3518.24,M000026,1698.19,2032.77,0,0
14,CASH_OUT,196.6,C000054,3471.29,3274.69,M000187,2319.19,2515.79,0,0
14,PAYMENT,912.7,C000200,5655.89,4743.2,M000197,2754.47,3667.17,0,0
14,TRANSFER,755.29,C000129,34613.28,33857.99,M000150,1518.06,2273.35,0,0
14,CASH_IN,453.37,C000233,2867.36,2413.99,M000086,9303.48,9756.86,0,0
14,CASH_OUT,734.39,C000257,5777.13,5042.74,M000167,6987.04,7721.43,0,0
14,CASH_IN,1341.82,C000205,3719.71,2377.9,M000008,9773.66,11115.48,0,0
14,CASH_OUT,1240.59,C000232,3611.01,2370.42,M000098,4452.08,5692.67,0,0
14,DEBIT,1112.51,C000114,2566.33,1453.82,M000131,4652.27,5764.78,0,0
14,TRANSFER,1600.23,C000220,1423.89,0.0,M000108,5966.42,7566.65,0,0
14,CASH_OUT,604.5,C000050,1552.47,947.97,M000030,3980.5,4585.0,0,0
14,TRANSFER,1948.14,C000045,10181.86,8233.72,M000092,8458.13,10406.27,0,0
14,CASH_OUT,403.36,C000059,6025.81,5622.45,M000115,11581.45,11984.81,0,0
14,PAYMENT,227.64,C000181,993.94,766.3,M000077,24772.13,24999.78,0,0
14,PAYMENT,2762.66,C000242,5175.56,2412.9,M000063,17110.69,19873.35,0,0
14,CASH_OUT,133.3,C000077,5625.73,5492.43,M000189,8142.66,8275.97,0,0
14,CASH_IN,646.7,C000102,1845.81,1199.11,M000021,5036.35,5683.05,0,0
14,PAYMENT,221.32,C000226,7248.93,7027.61,M000015,28627.52,28848.84,0,0
14,CASH_IN,236.46,C000099,26276.98,26040.52,M000192,15034.93,15271.38,0,0
14,PAYMENT,112.6,C000053,4469.25,4356.65,M000173,5847.02,5959.62,0,0
14,CASH_IN,1290.25,C000129,435.97,0.0,M000161,1559.34,2849.59,0,0
15,PAYMENT,306.84,C000198,6493.62,6186.78,M000096,3266.97,3573.8,0,0
15,PAYMENT,705.51,C000026,160.97,0.0,M000100,6203.13,6908.64,0,0
15,CASH_OUT,509.53,C000109,12201.34,11691.81,M000085,7201.01,7710.53,0,0
15,PAYMENT,208.41,C000216,8565.65,8357.25,M000065,16592.54,16800.95,0,0
15,TRANSFER,1166.39,C000040,4532.97,3366.59,M000134,8008.32,9174.71,0,0
15,PAYMENT,321.48,C000139,8597.39,8275.91,M000037,21865.49,22186.97,0,0
15,CASH_OUT,832.33,C000014,12197.74,11365.41,M000127,5311.38,6143.71,0,0
15,PAYMENT,293.31,C000122,2425.56,2132.25,M000156,9126.34,9419.64,0,0
15,PAYMENT,77.69,C000158,11888.7,11811.02,M000127,4327.24,4404.93,0,0
15,PAYMENT,342.08,C000166,3648.93,3306.85,M000100,9249.53,9591.61,0,0
15,CASH_OUT,234.43,C000106,4055.22,3820.79,M000190,15072.06,15306.49,0,0
15,TRANSFER,343.05,C000083,12100.28,11757.24,M000005,4418.3,4761.35,0,0
15,DEBIT,335.94,C000008,9962.31,9626.37,M000063,10529.08,10865.02,0,0
15,PAYMENT,1100.26,C000007,6834.11,5733.85,M000062,6648.45,7748.71,0,0
15,PAYMENT,436.47,C000209,17562.53,17126.05,M000194,950.0,1386.47,0,0
15,CASH_OUT,199.87,C000277,12378.04,12178.16,M000034,13322.49,13522.36,0,0
15,PAYMENT,735.5,C000107,1742.57,1007.07,M000147,1451.28,2186.78,0,0
15,PAYMENT,198.3,C000200,2500.9,2302.59,M000003,24112.29,24310.59,0,0
15,PAYMENT,215.29,C000239,4303.44,4088.16,M000116,11448.86,11664.15,0,0
15,PAYMENT,463.66,C000087,8527.38,8063.73,M000055,1699.15,2162.81,0,0
15,PAYMENT,215.37,C000159,8582.53,8367.16,M000073,5360.43,5575.8,0,0
15,CASH_IN,470.29,C000115,10631.3,10161.02,M000033,4036.45,4506.74,0,0
15,PAYMENT,15.69,C000190,3014.97,2999.28,M000124,19723.17,19738.86,0,0
15,CASH_IN,1602.35,C000116,1311.42,0.0,M000113,9138.92,10741.27,0,0
15,TRANSFER,2356.3,C000207,1766.87,0.0,M000024,10305.73,12662.03,0,0
15,CASH_OUT,3756.44,C000072,14682.23,10925.79,M000107,8745.3,12501.74,0,0
15,CASH_IN,375.67,C000198,3510.27,3134.59,M000191,3946.73,4322.41,0,0
15,PAYMENT,281.2,C000246,1625.1,1343.91,M000022,9416.7,9697.9,0,0
15,PAYMENT,286.11,C000116,6258.97,5972.86,M000045,9952.87,10238.98,0,0
15,PAYMENT,5521.26,C000052,2295.35,0.0,M000014,17202.71,22723.97,0,0
15,TRANSFER,1845.09,C000033,6965.77,5120.69,M000125,2588.66,4433.75,0,0
15,CASH_OUT,174.58,C000229,5609.75,5435.17,M000174,1598.91,1773.49,0,0
15,CASH_OUT,401.1,C000164,4199.16,3798.06,M000138,4394.08,4795.18,0,0
15,TRANSFER,358.44,C000242,2170.59,1812.16,M000126,2032.19,2390.63,0,0
15,PAYMENT,2438.9,C000032,1146.35,0.0,M000121,27301.93,29740.84,0,0
15,CASH_OUT,283.53,C000028,1265.68,982.15,M000118,4302.6,4586.13,0,0
15,TRANSFER,88.92,C000148,4063.86,3974.94,M000064,1958.79,2047.7,0,0
15,PAYMENT,153.05,C000089,2909.56,2756.51,M000165,7868.52,8021.56,0,0
15,PAYMENT,538.25,C000082,3469.23,2930.99,M000012,3723.78,4262.03,0,0
15,CASH_IN,2220.51,C000234,624.06,0.0,M000073,4317.84,6538.35,0,0
15,TRANSFER,550.67,C000285,10821.27,10270.6,M000114,3081.68,3632.35,0,0
15,PAYMENT,258.94,C000120,4721.3,4462.37,M000177,44495.26,44754.2,0,0
15,CASH_OUT,711.69,C000272,1925.23,1213.53,M000066,9904.1,10615.79,0,0
15,PAYMENT,2548.83,C000145,9825.36,7276.53,M000122,5202.83,7751.65,0,0
15,DEBIT,202.78,C000293,2725.86,2523.08,M000029,11164.11,11366.88,0,0
15,TRANSFER,229.96,C000233,12161.82,11931.86,M000082,12627.34,12857.3,0,0
15,PAYMENT,579.09,C000035,5735.15,5156.06,M000023,10899.67,11478.75,0,0
15,CASH_IN,151.17,C000079,10057.87,9906.7,M000104,2847.01,2998.18,0,0
15,CASH_OUT,497.52,C000083,4995.25,4497.73,M000120,10297.03,10794.54,0,0
15,DEBIT,246.91,C000015,3925.04,3678.13,M000165,8257.9,8504.81,0,0
15,CASH_OUT,172.05,C000289,4855.54,4683.49,M000125,7842.42,8014.47,0,0
15,PAYMENT,40.51,C000288,7776.54,7736.03,M000161,5247.17,5287.68,0,0
15,PAYMENT,1097.28,C000102,18567.74,17470.46,M000025,11037.29,12134.57,0,0
15,CASH_OUT,2491.11,C000234,8442.75,5951.64,M000146,4799.03,7290.14,1,0
15,TRANSFER,127.73,C000037,9372.24,9244.51,M000003,4466.64,4594.37,0,0
15,PAYMENT,1811.15,C000144,11258.01,9446.86,M000182,6168.21,7979.36,0,0
15,PAYMENT,712.82,C000203,1200.72,487.91,M000076,13414.62,14127.43,0,0
15,CASH_OUT,1132.04,C000205,2810.39,1678.35,M000021,6327.7,7459.74,0,0
15,CASH_IN,12339.94,C000072,7575.16,0.0,M000173,11750.09,24090.04,0,0
15,DEBIT,948.97,C000258,1334.96,385.99,M000106,5013.69,5962.66,0,0
15,PAYMENT,522.55,C000130,5249.63,4727.08,M000067,13898.91,14421.46,0,0
15,CASH_IN,744.93,C000166,2940.81,2195.89,M000067,3911.29,4656.21,0,0
15,PAYMENT,38.67,C000207,8232.38,8193.7,M000062,2149.57,2188.25,0,0
15,CASH_OUT,868.46,C000013,9855.79,8987.33,M000035,7646.78,8515.24,0,0
15,CASH_IN,2210.39,C000035,2178.56,0.0,M000082,4936.42,7146.8,0,0
15,PAYMENT,3222.11,C000279,21972.98,18750.87,M000049,7490.19,10712.3,0,0
15,CASH_OUT,995.6,C000031,30859.39,29863.79,M000113,1814.07,2809.67,0,0
15,PAYMENT,66.13,C000080,4406.44,4340.31,M000025,26528.57,26594.7,0,0
15,TRANSFER,2039.22,C000230,7931.44,5892.22,M000048,4774.01,6813.23,0,0
15,PAYMENT,2427.14,C000173,2135.97,0.0,M000028,54779.38,57206.53,0,0
15,CASH_OUT,247.51,C000295,1830.46,1582.95,M000062,7562.4,7809.91,0,0
15,CASH_OUT,162.6,C000101,9656.12,9493.52,M000071,3692.8,3855.4,0,0
15,PAYMENT,403.02,C000212,15720.22,15317.2,M000111,6759.88,7162.91,0,0
15,PAYMENT,164.82,C000291,33144.55,32979.73,M000176,2713.2,2878.01,0,0
15,PAYMENT,331.5,C000265,2437.74,2106.24,M000174,11084.12,11415.62,0,0
15,CASH_OUT,216.03,C000085,4471.76,4255.73,M000190,50752.24,50968.27,0,0
15,CASH_IN,971.44,C000086,49731.23,48759.78,M000071,1968.59,2940.03,0,0
15,PAYMENT,329.65,C000257,1315.69,986.05,M000096,2207.13,2536.78,0,0
15,PAYMENT,814.72,C000265,2318.93,1504.22,M000123,27593.29,28408.01,0,0
15,TRANSFER,67.16,C000026,2124.53,2057.37,M000018,16755.31,16822.47,0,0
15,CASH_IN,265.53,C000135,5369.37,5103.84,M000007,4898.15,5163.68,0,0
15,PAYMENT,526.26,C000114,1901.12,1374.85,M000155,8694.08,9220.34,0,0
15,CASH_OUT,344.54,C000076,6901.86,6557.32,M000022,17008.35,17352.89,0,0
15,CASH_OUT,249.75,C000178,4213.59,3963.84,M000039,15453.2,15702.94,0,0
15,PAYMENT,2347.35,C000216,2338.13,0.0,M000099,815.18,3162.53,0,0
15,CASH_OUT,2104.33,C000273,2132.97,28.64,M000002,4868.1,6972.43,0,0
15,CASH_IN,300.11,C000121,4912.74,4612.64,M000022,22420.03,22720.14,0,0
16,PAYMENT,80.31,C000064,3143.99,3063.67,M000141,1239.67,1319.98,0,0
16,TRANSFER,1418.7,C000187,12344.0,10925.3,M000021,4209.22,5627.92,0,0
16,CASH_OUT,71.49,C000098,1131.49,1059.99,M000088,2917.85,2989.34,0,0
16,PAYMENT,1233.83,C000107,7866.41,6632.59,M000129,745.87,1979.7,0,0
16,PAYMENT,142.15,C000080,1459.29,1317.14,M000165,2737.91,2880.06,0,0
16,CASH_IN,1817.26,C000074,2650.79,833.53,M000006,15661.23,17478.49,0,0
16,PAYMENT,4550.2,C000073,1787.35,0.0,M000066,3427.99,7978.19,0,0
16,CASH_OUT,120.33,C000071,11300.05,11179.73,M000130,1705.86,1826.19,0,0
16,PAYMENT,655.27,C000031,8128.42,7473.15,M000186,1106.67,1761.93,0,0
16,PAYMENT,1320.99,C000236,6132.02,4811.03,M000100,16249.67,17570.66,0,0
16,PAYMENT,100.34,C000042,799.76,699.42,M000038,2740.65,2840.99,0,0
16,CASH_OUT,1368.59,C000010,11794.24,10425.65,M000011,2759.48,4128.07,0,0
16,PAYMENT,912.48,C000005,2463.15,1550.67,M000146,57895.61,58808.09,0,0
16,PAYMENT,2767.88,C000217,4691.04,1923.16,M000090,1708.3,4476.18,0,0
16,TRANSFER,784.21,C000080,3646.0,2861.79,M000046,1865.77,2649.97,0,0
16,TRANSFER,264.88,C000029,8022.97,7758.09,M000174,8692.89,8957.78,0,0
16,CASH_OUT,1333.08,C000215,1101.94,0.0,M000133,20958.13,22291.21,0,0
16,PAYMENT,603.64,C000158,14058.32,13454.69,M000091,16189.29,16792.93,0,0
16,PAYMENT,2683.62,C000234,5645.17,2961.55,M000149,16988.97,19672.6,0,0
16,PAYMENT,50.74,C000046,3240.31,3189.58,M000121,17919.29,17970.03,0,0
16,PAYMENT,626.54,C000073,4462.93,3836.39,M000131,1409.54,2036.08,0,0
16,PAYMENT,223.56,C000209,14974.95,14751.39,M000083,4936.34,5159.9,0,0
16,PAYMENT,48.44,C000112,17510.0,17461.56,M000176,16384.66,16433.11,0,0
16,CASH_IN,501.74,C000237,1584.9,1083.16,M000080,5738.76,6240.5,0,0
16,PAYMENT,195.67,C000016,59636.79,59441.12,M000152,32499.02,32694.69,0,0
16,TRANSFER,3017.76,C000102,8855.82,5838.06,M000054,10172.66,13190.43,0,0
16,PAYMENT,323.63,C000069,9967.18,9643.55,M000066,7492.04,7815.67,0,0
16,CASH_IN,530.57,C000005,24670.93,24140.37,M000054,5275.34,5805.91,0,0
16,CASH_IN,2296.01,C000146,916.7,0.0,M000132,1672.09,3968.1,0,0
16,CASH_OUT,727.04,C000203,1571.31,844.26,M000165,2840.62,3567.66,0,0
16,PAYMENT,507.94,C000287,1953.75,1445.81,M000040,2653.78,3161.72,0,0
16,PAYMENT,904.26,C000181,5954.72,5050.46,M000158,8024.51,8928.77,0,0
16,TRANSFER,548.35,C000113,4333.5,3785.15,M000025,8453.2,9001.56,0,0
16,CASH_OUT,210.05,C000097,1835.22,1625.17,M000175,2914.58,3124.63,0,0
16,PAYMENT,4367.16,C000209,1093.82,0.0,M000190,39506.86,43874.01,0,0
16,TRANSFER,474.94,C000174,11499.56,11024.62,M000074,7976.52,8451.46,0,0
16,CASH_IN,825.26,C000083,10384.67,9559.41,M000047,4603.2,5428.46,0,0
16,TRANSFER,1786.78,C000143,5422.86,3636.08,M000018,1080.88,2867.65,0,0
16,PAYMENT,195.04,C000117,23205.33,23010.29,M000074,3060.62,3255.66,0,0
16,DEBIT,634.26,C000064,2796.6,2162.34,M000054,3732.97,4367.23,0,0
16,PAYMENT,640.02,C000156,3688.67,3048.65,M000052,2985.31,3625.32,0,0
16,PAYMENT,618.75,C000116,6074.15,5455.41,M000018,13564.14,14182.88,0,0
16,CASH_IN,275.47,C000098,5909.22,5633.75,M000147,86418.27,86693.74,0,0
16,CASH_OUT,396.19,C000125,7139.44,6743.26,M000180,10837.14,11233.33,0,0
16,CASH_OUT,193.59,C000189,16639.81,16446.23,M000182,19285.98,19479.57,0,0
16,CASH_OUT,143.41,C000163,3105.66,2962.25,M000040,529.3,672.71,0,0
16,CASH_IN,1348.68,C000088,4553.49,3204.81,M000133,10650.7,11999.38,0,0
16,CASH_OUT,466.22,C000262,11320.22,10854.0,M000112,1382.79,1849.01,0,0
16,CASH_OUT,652.67,C000197,4542.22,3889.55,M000153,2883.91,3536.58,0,0
16,DEBIT,1409.5,C000083,3267.48,1857.98,M000163,3522.36,4931.86,0,0
16,CASH_IN,166.42,C000173,1169.03,1002.62,M000181,2530.63,2697.05,0,0
16,PAYMENT,5639.47,C000112,2925.67,0.0,M000131,14092.06,19731.54,0,0
16,CASH_IN,1149.43,C000037,7341.29,6191.86,M000034,2797.07,3946.5,0,0
16,PAYMENT,555.24,C000199,6830.29,6275.05,M000055,41353.98,41909.23,0,0
16,TRANSFER,2544.64,C000037,3015.62,470.98,M000033,4901.31,7445.94,0,0
16,PAYMENT,267.73,C000297,13207.58,12939.85,M000135,8987.39,9255.12,0,0
16,CASH_OUT,949.05,C000262,3818.49,2869.43,M000153,6214.2,7163.26,0,0
16,PAYMENT,1334.56,C000296,9143.95,7809.4,M000048,25460.64,26795.2,0,0
16,CASH_IN,3524.31,C000170,3303.76,0.0,M000123,3783.37,7307.68,0,0
16,CASH_IN,820.01,C000120,6899.25,6079.24,M000060,10473.07,11293.08,0,0
16,CASH_OUT,871.73,C000257,42831.35,41959.62,M000038,6448.12,7319.84,0,0
16,PAYMENT,587.27,C000132,13355.01,12767.74,M000090,84388.54,84975.82,0,0
16,CASH_OUT,126.91,C000146,6413.63,6286.72,M000157,4125.47,4252.38,0,0
16,CASH_IN,276.83,C000003,5216.01,4939.17,M000146,2207.0,2483.83,0,0
16,CASH_OUT,54.08,C000191,8716.75,8662.67,M000022,8711.52,8765.61,0,0
16,PAYMENT,605.11,C000254,4306.98,3701.87,M000195,2248.57,2853.68,0,0
16,PAYMENT,215.8,C000054,2097.27,1881.47,M000019,4215.17,4430.98,0,0
16,PAYMENT,120.07,C000038,2219.45,2099.38,M000084,40294.01,40414.08,0,0
16,TRANSFER,879.98,C000004,1459.87,579.89,M000034,5400.2,6280.18,0,0
16,CASH_OUT,795.74,C000259,8239.6,7443.86,M000048,8511.35,9307.09,0,0
16,TRANSFER,4241.51,C000113,8787.52,4546.01,M000139,4328.47,8569.98,0,0
16,DEBIT,198.67,C000119,1671.54,1472.87,M000137,4721.85,4920.52,0,0
16,PAYMENT,724.42,C000136,20320.56,19596.13,M000183,4832.57,5556.99,0,0
16,CASH_OUT,278.37,C000237,4263.66,3985.29,M000044,1139.44,1417.81,0,0
17,PAYMENT,182.77,C000253,4743.65,4560.87,M000010,6061.6,6244.37,0,0
17,CASH_OUT,147.04,C000108,7366.96,7219.92,M000144,9344.64,9491.68,0,0
17,CASH_OUT,5614.27,C000203,7195.31,1581.03,M000008,3455.61,9069.89,0,0
17,PAYMENT,274.54,C000025,1286.41,1011.87,M000070,4644.57,4919.11,0,0
17,CASH_IN,428.29,C000203,3908.43,3480.14,M000034,11456.91,11885.2,0,0
17,TRANSFER,116.34,C000297,1947.29,1830.94,M000159,2434.52,2550.86,0,0
17,PAYMENT,454.99,C000252,1345.93,890.94,M000126,12158.51,12613.5,0,0
17,CASH_OUT,125.76,C000008,1087.54,961.78,M000102,8989.29,9115.05,0,0
17,PAYMENT,1106.91,C000247,21284.56,20177.65,M000010,1845.82,2952.72,0,0
17,CASH_IN,60.23,C000142,5165.28,5105.05,M000191,3484.97,3545.21,0,0
17,CASH_IN,259.05,C000015,26872.24,26613.2,M000113,3920.28,4179.32,0,0
17,TRANSFER,834.85,C000076,38871.24,38036.39,M000037,5326.34,6161.19,0,0
17,CASH_IN,1761.12,C000284,2062.05,300.93,M000007,5595.74,7356.86,0,0
17,CASH_IN,268.31,C000236,15614.56,15346.25,M000060,2527.51,2795.81,0,0
17,TRANSFER,700.71,C000041,40402.0,39701.29,M000130,1867.87,2568.58,0,0
17,PAYMENT,232.76,C000153,1344.0,1111.24,M000087,5088.02,5320.78,0,0
17,PAYMENT,165.17,C000245,2780.63,2615.46,M000138,21287.36,21452.53,0,0
17,CASH_IN,1222.45,C000006,23045.0,21822.54,M000081,21627.73,22850.19,0,0
17,CASH_OUT,999.99,C000206,2338.93,1338.94,M000157,1300.79,2300.78,0,0
17,PAYMENT,182.41,C000030,3622.34,3439.93,M000056,1087.69,1270.1,0,0
17,PAYMENT,101.86,C000230,1079.65,977.79,M000142,5200.36,5302.22,0,0
17,PAYMENT,32.22,C000202,3090.39,3058.17,M000133,16480.61,16512.83,0,0
17,CASH_IN,217.35,C000220,9310.71,9093.35,M000186,39133.93,39351.29,0,0
17,CASH_IN,284.36,C000082,617.65,333.29,M000146,10054.04,10338.4,0,0
17,CASH_OUT,956.52,C000274,6234.02,5277.5,M000035,8772.73,9729.25,0,0
17,TRANSFER,154.46,C000131,4580.75,4426.29,M000159,7935.21,8089.66,0,0
17,PAYMENT,2422.68,C000024,2782.52,359.84,M000047,17217.01,19639.69,0,0
17,PAYMENT,129.92,C000077,7045.72,6915.81,M000107,610.65,740.57,0,0
17,CASH_IN,27.87,C000148,5153.03,5125.16,M000032,45726.92,45754.79,0,0
17,PAYMENT,157.13,C000151,25461.47,25304.34,M000053,33196.73,33353.86,0,0
17,PAYMENT,137.59,C000217,4614.19,4476.6,M000087,2089.38,2226.97,0,0
17,PAYMENT,826.7,C000268,5123.48,4296.77,M000013,7561.7,8388.4,0,0
17,PAYMENT,178.8,C000244,6136.21,5957.41,M000029,1674.51,1853.31,0,0
17,CASH_IN,578.43,C000229,71339.89,70761.46,M000089,9833.73,10412.16,0,0
17,PAYMENT,119.37,C000023,16051.89,15932.52,M000090,6415.44,6534.81,0,0
17,PAYMENT,1016.48,C000091,8865.47,7848.99,M000155,3534.48,4550.97,0,0
17,PAYMENT,2715.47,C000158,7724.05,5008.58,M000026,2351.35,5066.82,0,0
17,TRANSFER,728.67,C000059,14716.42,13987.75,M000147,11213.51,11942.18,0,0
17,PAYMENT,325.08,C000193,5139.46,4814.38,M000029,5384.44,5709.52,0,0
17,PAYMENT,526.85,C000203,1997.2,1470.35,M000137,1996.91,2523.77,0,0
17,CASH_OUT,344.86,C000230,1099.15,754.29,M000185,2391.38,2736.24,0,0
17,CASH_OUT,281.69,C000022,11142.37,10860.67,M000087,4514.11,4795.8,0,0
17,CASH_IN,196.26,C000129,18769.14,18572.88,M000039,63841.2,64037.46,0,0
17,CASH_IN,140.55,C000218,1315.15,1174.61,M000114,12278.09,12418.64,0,0
17,CASH_IN,842.75,C000271,22941.28,22098.53,M000183,2359.85,3202.6,0,0
17,PAYMENT,447.03,C000009,9495.92,9048.89,M000185,2986.09,3433.12,0,0
17,PAYMENT,217.8,C000159,28799.78,28581.98,M000033,52046.41,52264.2,0,0
17,CASH_OUT,468.8,C000191,3204.54,2735.74,M000184,7804.96,8273.75,0,0
17,CASH_OUT,3387.62,C000236,26554.05,23166.43,M000119,10630.48,14018.1,0,0
17,TRANSFER,809.58,C000210,3399.25,2589.67,M000133,11309.61,12119.19,0,0
17,CASH_OUT,167.89,C000135,666.86,498.97,M000098,6820.49,6988.38,0,0
17,TRANSFER,140.54,C000087,53855.12,53714.58,M000183,48715.18,48855.72,0,0
17,PAYMENT,409.94,C000065,4570.22,4160.28,M000018,2044.01,2453.95,0,0
17,CASH_OUT,255.45,C000261,13833.79,13578.33,M000072,29101.18,29356.63,0,0
17,CASH_OUT,1058.99,C000253,4164.11,3105.12,M000105,1930.8,2989.78,0,0
17,CASH_OUT,271.44,C000129,4592.01,4320.57,M000105,9543.21,9814.64,0,0
17,PAYMENT,263.14,C000272,3514.52,3251.38,M000101,15206.79,15469.93,0,0
17,CASH_IN,131.78,C000282,4214.01,4082.23,M000067,6283.63,6415.41,0,0
17,TRANSFER,15051.25,C000066,2505.67,0.0,M000050,4812.42,19863.67,0,0
17,TRANSFER,707.82,C000012,2040.6,1332.78,M000114,18984.96,19692.78,0,0
17,PAYMENT,444.85,C000057,7230.97,6786.11,M000084,6570.92,7015.78,0,0
17,CASH_OUT,1548.86,C000230,3148.83,1599.98,M000171,7611.0,9159.85,0,0
17,CASH_OUT,327.04,C000187,9051.57,8724.53,M000134,3728.63,4055.67,0,0
17,TRANSFER,1073.07,C000279,1016.48,0.0,M000140,7188.16,8261.23,0,0
17,CASH_OUT,1603.76,C000079,4299.62,2695.86,M000110,5322.34,6926.1,0,0
17,CASH_IN,2096.63,C000129,3782.21,1685.58,M000008,7244.24,9340.87,0,0
17,PAYMENT,2048.11,C000090,3020.13,972.02,M000085,4842.93,6891.04,0,0
17,PAYMENT,242.34,C000117,5155.69,4913.35,M000106,3502.41,3744.75,0,0
17,PAYMENT,769.99,C000148,4961.73,4191.74,M000196,8276.38,9046.38,0,0
17,CASH_OUT,335.81,C000284,11294.27,10958.47,M000166,24437.98,24773.79,0,0
17,TRANSFER,55.77,C000298,3264.73,3208.95,M000050,8444.48,8500.26,0,0
17,CASH_IN,1181.74,C000151,1853.38,671.63,M000062,1948.07,3129.81,0,0
17,TRANSFER,432.69,C000059,50289.07,49856.37,M000045,15080.64,15513.34,0,0
17,DEBIT,205.7,C000180,1485.04,1279.34,M000060,12849.2,13054.9,0,0
17,CASH_IN,302.56,C000023,5873.55,5570.99,M000068,15129.98,15432.54,0,0
17,PAYMENT,817.35,C000260,13623.01,12805.66,M000009,1436.54,2253.89,0,0
17,CASH_OUT,707.01,C000005,6344.09,5637.07,M000094,575.43,1282.44,0,0
17,PAYMENT,1273.32,C000230,1296.24,22.92,M000041,18894.82,20168.14,0,0
18,PAYMENT,204.92,C000135,2891.76,2686.84,M000122,9226.87,9431.79,0,0
18,PAYMENT,559.83,C000131,7606.77,7046.94,M000097,2362.12,2921.94,0,0
18,PAYMENT,270.55,C000048,3320.25,3049.69,M000008,4412.39,4682.95,0,0
18,TRANSFER,5515.9,C000087,3998.93,0.0,M000027,19086.6,24602.5,1,0
18,CASH_IN,83.15,C000269,1767.77,1684.62,M000110,2398.1,2481.25,0,0
18,CASH_OUT,439.39,C000233,4524.31,4084.92,M000004,5028.39,5467.78,0,0
18,TRANSFER,1435.17,C000053,3088.19,1653.02,M000055,5406.24,6841.42,0,0
18,CASH_OUT,194.13,C000229,65315.38,65121.25,M000098,593.64,787.77,0,0
18,PAYMENT,621.99,C000167,2508.86,1886.87,M000186,7011.5,7633.49,0,0
18,TRANSFER,4067.03,C000250,3388.73,0.0,M000031,5637.31,9704.35,0,0
18,TRANSFER,375.8,C000233,978.14,602.34,M000186,6540.0,6915.8,0,0
18,CASH_OUT,3442.75,C000168,2274.42,0.0,M000193,2918.12,6360.86,0,0
18,CASH_OUT,878.14,C000074,6698.91,5820.77,M000059,2797.48,3675.62,0,0
18,PAYMENT,636.2,C000033,3247.22,2611.03,M000172,40608.02,41244.21,0,0
18,DEBIT,522.53,C000200,9162.61,8640.08,M000155,35374.82,35897.35,0,0
18,CASH_IN,109.27,C000136,6202.92,6093.65,M000123,1622.16,1731.43,0,0
18,CASH_OUT,1868.52,C000008,6857.98,4989.46,M000114,10501.61,12370.13,0,0
18,TRANSFER,5753.66,C000042,1228.81,0.0,M000067,11968.43,17722.09,0,0
18,PAYMENT,89.34,C000044,2016.4,1927.06,M000146,5229.28,5318.61,0,0
18,CASH_OUT,80.25,C000019,3143.2,3062.95,M000107,4962.13,5042.37,0,0
18,CASH_OUT,720.37,C000127,17565.02,16844.65,M000013,4888.59,5608.96,0,0
18,CASH_OUT,2050.5,C000072,3088.84,1038.34,M000174,11652.37,13702.87,0,0
18,TRANSFER,3971.15,C000096,3565.01,0.0,M000114,3722.38,7693.53,0,0
18,PAYMENT,1869.92,C000016,1052.56,0.0,M000179,7233.56,9103.48,0,0
18,PAYMENT,73.9,C000112,12207.41,12133.51,M000110,6898.63,6972.53,0,0
18,PAYMENT,1881.52,C000226,4362.72,2481.19,M000078,5649.6,7531.12,0,0
18,PAYMENT,934.45,C000141,15884.96,14950.51,M000193,2913.01,3847.46,0,0
18,CASH_IN,404.57,C000003,9496.09,9091.52,M000055,12645.02,13049.59,0,0
18,TRANSFER,491.95,C000001,3546.53,3054.58,M000023,7987.85,8479.81,0,0
18,TRANSFER,263.98,C000095,1554.86,1290.88,M000062,2663.51,2927.49,0,0
18,CASH_OUT,4835.0,C000291,7062.19,2227.19,M000019,37358.06,42193.06,0,0
18,PAYMENT,1189.37,C000010,5055.17,3865.8,M000095,39844.81,41034.18,0,0
18,CASH_IN,349.57,C000298,38536.75,38187.18,M000025,587.58,937.16,0,0
18,TRANSFER,172.26,C000244,3355.79,3183.53,M000047,3298.6,3470.86,0,0
18,PAYMENT,212.76,C000216,714.45,501.69,M000012,2201.52,2414.28,0,0
18,CASH_IN,3358.38,C000211,16247.02,12888.64,M000014,4621.42,7979.81,0,0
18,CASH_IN,1307.46,C000154,2868.63,1561.18,M000087,6306.23,7613.68,0,0
18,TRANSFER,1922.54,C000200,722.57,0.0,M000070,12806.98,14729.52,0,0
18,PAYMENT,272.14,C000086,7866.35,7594.21,M000075,7187.87,7460.02,0,0
18,PAYMENT,260.01,C000087,8783.31,8523.3,M000171,10277.8,10537.81,0,0
18,CASH_OUT,117.61,C000015,3057.05,2939.44,M000061,42544.47,42662.08,0,0
18,CASH_IN,6562.76,C000228,4668.48,0.0,M000015,4301.25,10864.02,0,0
18,TRANSFER,170.18,C000270,443.49,273.31,M000015,11800.16,11970.34,0,0
18,PAYMENT,849.74,C000181,4075.75,3226.0,M000059,816.41,1666.15,0,0
18,PAYMENT,908.36,C000296,904.7,0.0,M000168,24317.5,25225.86,0,0
18,PAYMENT,489.44,C000267,11909.68,11420.24,M000130,3971.59,4461.03,0,0
18,CASH_OUT,80.71,C000253,6273.39,6192.68,M000185,8630.63,8711.34,0,0
18,CASH_OUT,246.65,C000039,7790.88,7544.23,M000020,13831.3,14077.95,0,0
18,PAYMENT,1384.42,C000050,10990.49,9606.07,M000031,3512.7,4897.12,0,0
18,PAYMENT,247.01,C000142,1154.78,907.77,M000195,3460.89,3707.9,0,0
18,CASH_OUT,198.53,C000176,5613.41,5414.88,M000196,2610.08,2808.61,0,0
18,PAYMENT,66.46,C000061,763.74,697.28,M000183,772.53,838.99,0,0
18,PAYMENT,378.41,C000024,3493.17,3114.77,M000035,22015.98,22394.39,0,0
18,CASH_OUT,937.26,C000164,23210.03,22272.77,M000170,4015.13,4952.39,0,0
18,TRANSFER,410.18,C000160,14164.73,13754.56,M000152,35270.56,35680.74,0,0
18,CASH_IN,20.82,C000020,1558.17,1537.34,M000022,7326.59,7347.42,0,0
18,PAYMENT,326.27,C000186,6847.01,6520.74,M000026,8589.55,8915.81,0,0
18,TRANSFER,1035.33,C000208,8596.46,7561.13,M000053,5631.77,6667.1,0,0
18,TRANSFER,411.52,C000282,17971.51,17559.99,M000108,6218.57,6630.09,0,0
18,CASH_IN,290.68,C000296,6209.32,5918.64,M000167,7545.34,7836.02,0,0
18,DEBIT,510.9,C000058,5322.7,4811.8,M000153,5305.32,5816.22,0,0
18,DEBIT,121.78,C000072,19103.45,18981.67,M000116,611.19,732.96,0,0
18,CASH_IN,1655.43,C000202,1260.24,0.0,M000101,15338.18,16993.61,0,0
18,PAYMENT,953.83,C000189,29345.07,28391.24,M000092,5402.55,6356.39,0,0
18,PAYMENT,945.26,C000197,26735.81,25790.56,M000187,6484.16,7429.42,0,0
18,PAYMENT,151.62,C000113,24158.23,24006.61,M000138,6456.52,6608.14,0,0
18,PAYMENT,608.87,C000041,3824.28,3215.41,M000140,1423.95,2032.82,0,0
18,CASH_IN,810.82,C000066,3423.39,2612.56,M000193,1778.12,2588.94,0,0
18,PAYMENT,1479.44,C000230,5351.51,3872.07,M000075,5450.79,6930.23,0,0
18,PAYMENT,1540.68,C000120,7639.11,6098.44,M000074,3510.42,5051.09,0,0
18,CASH_IN,88.39,C000200,687.41,599.02,M000054,12788.85,12877.24,0,0
18,PAYMENT,461.82,C000074,2942.56,2480.74,M000194,6422.9,6884.72,0,0
18,CASH_OUT,2549.68,C000275,5336.83,2787.14,M000008,1445.11,3994.79,0,0
18,CASH_OUT,831.56,C000242,12812.25,11980.68,M000116,35070.64,35902.2,0,0
18,CASH_OUT,490.37,C000288,5142.9,4652.53,M000024,759.87,1250.23,0,0
18,TRANSFER,109.78,C000124,3313.02,3203.24,M000176,18683.38,18793.15,0,0
18,PAYMENT,388.18,C000254,5570.4,5182.22,M000176,7210.16,7598.34,0,0
18,CASH_OUT,448.68,C000010,7346.23,6897.54,M000148,11268.63,11717.31,0,0
18,TRANSFER,1084.94,C000129,6596.89,5511.95,M000003,3785.01,4869.96,0,0
18,TRANSFER,305.32,C000201,4051.26,3745.94,M000093,12832.75,13138.07,0,0
18,DEBIT,928.08,C000048,30834.42,29906.34,M000188,19316.4,20244.48,0,0
18,TRANSFER,60.47,C000060,8329.81,8269.34,M000028,2523.54,2584.01,0,0
18,TRANSFER,714.85,C000116,4451.17,3736.33,M000102,12347.27,13062.11,0,0
18,DEBIT,628.95,C000016,1666.81,1037.86,M000120,1038.42,1667.37,0,0
18,TRANSFER,290.49,C000028,1878.09,1587.59,M000183,17568.25,17858.74,0,0
18,CASH_IN,945.59,C000165,13213.15,12267.56,M000048,2619.05,3564.64,0,0
18,CASH_OUT,99.0,C000202,4603.68,4504.68,M000146,5168.17,5267.17,0,0
18,PAYMENT,409.32,C000200,2356.49,1947.17,M000016,7863.46,8272.78,0,0
18,PAYMENT,1696.57,C000160,1060.16,0.0,M000123,3780.03,5476.6,0,0
18,CASH_IN,132.51,C000001,15015.06,14882.55,M000115,4031.07,4163.58,0,0
18,TRANSFER,497.27,C000238,7257.96,6760.69,M000155,12102.63,12599.9,0,0
18,CASH_OUT,29.84,C000107,11836.78,11806.95,M000155,6058.78,6088.61,0,0
18,PAYMENT,321.58,C000229,6730.75,6409.17,M000175,17898.31,18219.89,0,0
18,TRANSFER,226.1,C000090,23901.42,23675.32,M000165,16030.54,16256.64,0,0
19,TRANSFER,370.38,C000144,26432.14,26061.76,M000083,4746.13,5116.51,0,0
19,PAYMENT,367.34,C000172,3204.2,2836.86,M000038,5086.47,5453.81,0,0
19,PAYMENT,491.16,C000282,1909.41,1418.24,M000196,6300.85,6792.02,0,0
19,CASH_OUT,3501.84,C000215,3473.96,0.0,M000011,19666.96,23168.79,0,0
19,CASH_OUT,343.0,C000007,1322.06,979.06,M000057,17215.68,17558.68,0,0
19,CASH_IN,2402.91,C000197,10169.2,7766.3,M000023,6528.05,8930.96,0,0
19,PAYMENT,1112.93,C000102,1712.36,599.43,M000131,445.16,1558.09,0,0
19,CASH_OUT,664.68,C000114,1758.92,1094.23,M000120,12637.66,13302.34,0,0
19,TRANSFER,409.61,C000298,2933.43,2523.82,M000068,1254.39,1663.99,0,0
19,CASH_OUT,2122.15,C000299,10510.67,8388.53,M000159,3869.8,5991.95,1,0
19,CASH_IN,584.61,C000294,7542.73,6958.12,M000141,7589.7,8174.3,0,0
19,TRANSFER,406.36,C000071,5140.6,4734.25,M000009,3329.01,3735.37,0,0
19,TRANSFER,489.78,C000151,884.32,394.54,M000070,2556.81,3046.59,0,0
19,CASH_OUT,574.95,C000021,1372.28,797.32,M000174,781.51,1356.47,0,0
19,PAYMENT,368.2,C000203,3201.75,2833.56,M000131,11743.04,12111.24,0,0
19,PAYMENT,2188.62,C000221,1307.89,0.0,M000186,4174.51,6363.13,0,0
19,TRANSFER,367.5,C000287,2409.17,2041.67,M000182,2137.67,2505.17,0,0
19,PAYMENT,941.1,C000054,3774.26,2833.17,M000020,4232.52,5173.62,0,0
19,PAYMENT,983.25,C000236,1094.62,111.37,M000111,11460.91,12444.16,0,0
19,PAYMENT,312.78,C000154,6818.03,6505.24,M000026,2237.59,2550.38,0,0
19,DEBIT,215.36,C000225,1592.16,1376.8,M000139,1881.43,2096.79,0,0
19,TRANSFER,471.61,C000060,35538.76,35067.14,M000145,28060.66,28532.27,0,0
19,CASH_OUT,5359.86,C000270,11040.22,5680.36,M000135,6262.48,11622.34,0,0
19,PAYMENT,1037.38,C000095,4099.42,3062.03,M000129,2741.58,3778.96,0,0
19,PAYMENT,480.98,C000243,598.38,117.4,M000118,1037.76,1518.74,0,0
19,TRANSFER,447.71,C000190,4179.89,3732.18,M000152,6993.84,7441.55,0,0
19,TRANSFER,8661.0,C000004,1135.98,0.0,M000034,12467.25,21128.25,0,0
19,PAYMENT,208.21,C000266,19409.51,19201.3,M000169,16539.72,16747.93,0,0
19,CASH_IN,198.1,C000077,5907.28,5709.18,M000107,4909.63,5107.72,0,0
19,TRANSFER,6760.02,C000227,5267.58,0.0,M000012,13392.24,20152.26,0,0
19,CASH_OUT,665.93,C000235,6204.0,5538.07,M000184,4598.14,5264.07,0,0
19,CASH_OUT,414.39,C000164,1823.42,1409.02,M000178,100481.92,100896.32,0,0
19,PAYMENT,1819.4,C000275,5877.25,4057.85,M000187,3313.58,5132.98,0,0
19,DEBIT,137.35,C000269,9928.56,9791.21,M000124,4374.87,4512.22,0,0
19,PAYMENT,497.21,C000280,7996.25,7499.04,M000193,6552.7,7049.91,0,0
19,TRANSFER,677.06,C000217,8382.23,7705.17,M000159,1501.75,2178.82,0,0
19,PAYMENT,3065.65,C000244,8706.26,5640.61,M000033,6052.84,9118.49,0,0
19,TRANSFER,704.64,C000048,34056.87,33352.23,M000079,16921.28,17625.91,0,0
19,CASH_OUT,2246.53,C000295,4524.69,2278.15,M000151,1927.67,4174.2,0,0
19,PAYMENT,170.95,C000216,1152.43,981.48,M000078,4286.41,4457.35,0,0
19,CASH_OUT,338.96,C000077,13417.34,13078.38,M000144,11148.99,11487.95,0,0
19,TRANSFER,201.95,C000147,3963.45,3761.5,M000172,15817.63,16019.58,0,0
19,CASH_OUT,201.55,C000106,3768.42,3566.87,M000093,1215.29,1416.84,0,0
19,CASH_IN,576.6,C000035,13671.99,13095.39,M000011,4571.69,5148.29,0,0
19,CASH_IN,55.65,C000173,2265.22,2209.57,M000041,3588.36,3644.02,0,0
19,PAYMENT,156.98,C000125,2268.94,2111.95,M000129,19692.09,19849.07,0,0
19,TRANSFER,437.17,C000299,15431.89,14994.72,M000066,37795.63,38232.8,0,0
19,PAYMENT,593.97,C000288,12819.56,12225.59,M000198,9067.55,9661.52,0,0
19,PAYMENT,338.58,C000049,12734.94,12396.36,M000171,5802.13,6140.71,0,0
19,CASH_OUT,99.5,C000285,1839.34,1739.85,M000108,9332.26,9431.76,0,0
19,CASH_IN,2074.11,C000215,799.5,0.0,M000124,21916.46,23990.57,0,0
19,PAYMENT,112.8,C000212,3950.37,3837.57,M000053,4944.29,5057.08,0,0
19,PAYMENT,1484.96,C000276,22460.53,20975.57,M000092,9103.48,10588.43,0,0
19,CASH_IN,100.53,C000066,3226.09,3125.56,M000147,1666.78,1767.31,0,0
19,TRANSFER,723.9,C000092,4161.81,3437.91,M000091,5767.8,6491.7,0,0
19,PAYMENT,5375.85,C000049,1462.58,0.0,M000187,9559.65,14935.49,0,0
19,TRANSFER,127.66,C000255,19970.99,19843.33,M000193,7390.97,7518.63,0,0
19,CASH_IN,1119.8,C000265,23166.75,22046.95,M000091,36482.17,37601.97,0,0
19,TRANSFER,113.95,C000107,26205.44,26091.49,M000037,481.31,595.26,0,0
19,DEBIT,189.01,C000109,4973.37,4784.37,M000185,6614.04,6803.05,0,0
19,PAYMENT,69.15,C000193,662.78,593.64,M000047,14317.12,14386.26,0,0
19,PAYMENT,121.49,C000071,776.78,655.29,M000116,4997.59,5119.08,0,0
19,CASH_OUT,467.9,C000204,3145.5,2677.6,M000008,3717.77,4185.67,0,0
19,CASH_OUT,1658.36,C000044,53580.04,51921.68,M000091,3519.72,5178.07,0,0
19,PAYMENT,3275.42,C000051,1996.62,0.0,M000175,2927.55,6202.97,0,0
19,TRANSFER,2072.52,C000065,4352.05,2279.53,M000171,6649.11,8721.62,0,0
19,TRANSFER,3675.81,C000251,3472.04,0.0,M000131,8382.96,12058.77,0,0
19,CASH_IN,539.89,C000213,9214.31,8674.43,M000052,4720.28,5260.17,0,0
19,PAYMENT,2255.17,C000076,3984.92,1729.75,M000028,7624.03,9879.21,0,0
19,TRANSFER,426.06,C000050,3906.68,3480.62,M000136,47527.03,47953.08,0,0
19,CASH_OUT,197.52,C000157,1399.96,1202.44,M000128,4139.71,4337.23,0,0
19,CASH_IN,5767.35,C000288,18512.09,12744.74,M000167,693.53,6460.88,0,0
19,TRANSFER,1499.23,C000082,52458.72,50959.49,M000087,6663.87,8163.1,0,0
19,TRANSFER,308.52,C000205,14516.7,14208.18,M000074,5614.25,5922.78,0,0
19,PAYMENT,920.87,C000041,8459.78,7538.91,M000043,19542.87,20463.74,0,0
19,CASH_IN,153.37,C000178,1961.83,1808.46,M000153,6485.88,6639.25,0,0
19,CASH_IN,241.28,C000225,5334.52,5093.24,M000149,1260.49,1501.78,0,0
19,CASH_OUT,454.78,C000264,6661.97,6207.19,M000155,6969.57,7424.35,0,0
19,CASH_OUT,419.04,C000108,759.84,340.8,M000183,7298.6,7717.64,0,0
19,PAYMENT,510.81,C000273,2516.81,2006.01,M000052,2249.52,2760.33,0,0
19,TRANSFER,7062.9,C000188,430.88,0.0,M000030,3470.69,10533.58,0,0
19,PAYMENT,389.49,C000239,11132.25,10742.76,M000081,11484.55,11874.04,0,0
19,PAYMENT,78.66,C000075,8466.68,8388.02,M000107,18735.63,18814.28,0,0
19,PAYMENT,1937.06,C000243,19097.76,17160.7,M000040,3283.22,5220.28,0,0
19,CASH_OUT,484.01,C000194,3284.9,2800.9,M000119,22137.34,22621.35,0,0
19,PAYMENT,635.45,C000014,7360.53,6725.08,M000163,14756.18,15391.64,0,0
20,PAYMENT,575.44,C000261,14309.45,13734.01,M000186,4143.94,4719.39,0,0
20,PAYMENT,67.83,C000110,20539.56,20471.73,M000152,5045.94,5113.77,0,0
20,DEBIT,177.76,C000020,7828.65,7650.89,M000143,22058.44,22236.2,0,0
20,CASH_OUT,381.65,C000037,24377.96,23996.31,M000198,2671.76,3053.42,0,0
20,CASH_OUT,487.46,C000134,11851.39,11363.93,M000020,5570.73,6058.19,0,0
20,CASH_OUT,2122.95,C000181,2197.01,74.06,M000084,10016.0,12138.95,0,0
20,CASH_OUT,332.5,C000138,13984.63,13652.13,M000169,2348.93,2681.43,0,0
20,CASH_OUT,11313.0,C000221,15128.37,3815.38,M000126,3638.25,14951.25,0,0
20,TRANSFER,192.45,C000290,13292.23,13099.78,M000007,768.9,961.35,0,0
20,CASH_OUT,2073.96,C000174,8912.39,6838.44,M000174,26523.17,28597.13,0,0
20,CASH_OUT,244.98,C000096,11707.84,11462.86,M000043,1257.45,1502.43,0,0
20,TRANSFER,714.5,C000025,3913.82,3199.32,M000038,4759.74,5474.24,0,0
20,CASH_OUT,151.64,C000293,9056.86,8905.22,M000103,35288.4,35440.05,0,0
20,PAYMENT,631.5,C000213,10440.36,9808.86,M000096,3308.3,3939.8,0,0
20,PAYMENT,210.44,C000109,1032.78,822.33,M000119,1944.41,2154.85,0,0
20,PAYMENT,148.39,C000258,2227.06,2078.67,M000069,4681.03,4829.43,0,0
20,CASH_OUT,924.34,C000242,9801.86,8877.52,M000140,4818.55,5742.89,0,0
20,CASH_IN,496.74,C000063,1929.19,1432.45,M000099,9327.25,9824.0,0,0
20,CASH_OUT,441.8,C000145,16039.63,15597.82,M000149,4030.07,4471.87,0,0
20,TRANSFER,462.26,C000108,872.66,410.4,M000190,1589.14,2051.4,0,0
20,TRANSFER,110.79,C000011,5569.23,5458.44,M000162,10076.98,10187.76,0,0
20,PAYMENT,7503.03,C000056,7299.83,0.0,M000153,5272.2,12775.23,0,0
20,PAYMENT,80.95,C000265,7312.56,7231.61,M000106,651.27,732.21,0,0
20,PAYMENT,160.5,C000173,4829.67,4669.17,M000088,9771.16,9931.66,0,0
20,CASH_IN,454.97,C000196,10413.98,9959.02,M000054,1221.87,1676.84,0,0
20,PAYMENT,226.6,C000107,37562.52,37335.92,M000134,1251.53,1478.13,0,0
20,CASH_OUT,100.05,C000144,9916.06,9816.01,M000108,9467.84,9567.89,0,0
20,PAYMENT,812.17,C000245,6468.1,5655.93,M000166,15192.46,16004.63,0,0
20,TRANSFER,119.31,C000207,3021.57,2902.25,M000029,15451.62,15570.93,0,0
20,TRANSFER,1903.75,C000242,8310.96,6407.22,M000120,1718.39,3622.13,0,0
20,PAYMENT,1422.7,C000134,3330.54,1907.83,M000099,672.94,2095.64,0,0
20,PAYMENT,756.41,C000135,3981.02,3224.61,M000107,49623.92,50380.33,0,0
20,TRANSFER,206.81,C000027,3087.95,2881.14,M000081,2791.51,2998.33,0,0
20,PAYMENT,867.09,C000251,7403.79,6536.7,M000147,2468.43,3335.52,0,0
20,CASH_OUT,274.99,C000211,8764.46,8489.47,M000165,3445.6,3720.59,0,0
20,DEBIT,221.13,C000085,11902.96,11681.83,M000190,8710.49,8931.62,0,0
20,CASH_OUT,669.1,C000111,10882.63,10213.53,M000013,21874.56,22543.66,0,0
20,PAYMENT,233.21,C000291,115189.51,114956.3,M000084,4698.1,4931.31,0,0
20,TRANSFER,45.9,C000134,5288.34,5242.44,M000069,16121.82,16167.72,0,0
20,TRANSFER,1736.44,C000051,19731.1,17994.66,M000170,5992.41,7728.85,1,0
20,CASH_IN,795.26,C000152,967.79,172.53,M000119,9215.1,10010.36,0,0
20,TRANSFER,204.43,C000074,2330.99,2126.56,M000170,3176.81,3381.24,0,0
20,PAYMENT,358.43,C000159,1852.85,1494.42,M000055,5168.91,5527.34,0,0
20,TRANSFER,257.13,C000140,4405.56,4148.43,M000127,9021.35,9278.47,0,0
20,CASH_OUT,2647.53,C000035,9495.49,6847.96,M000130,2590.37,5237.9,0,0
20,PAYMENT,1280.71,C000133,4384.48,3103.77,M000053,6290.9,7571.61,0,0
20,CASH_OUT,149.81,C000157,2640.42,2490.62,M000016,10323.52,10473.32,0,0
20,CASH_IN,3301.47,C000069,5951.18,2649.72,M000034,2968.71,6270.17,0,0
20,TRANSFER,28.56,C000228,3621.79,3593.23,M000068,5310.35,5338.91,0,0
20,TRANSFER,329.93,C000234,438.56,108.62,M000184,1777.06,2106.99,0,0
20,PAYMENT,392.13,C000204,4633.81,4241.68,M000182,5356.83,5748.95,0,0
20,PAYMENT,3112.34,C000155,2717.6,0.0,M000075,1940.68,5053.02,0,0
20,CASH_OUT,973.94,C000022,5429.6,4455.66,M000107,3472.06,4446.0,0,0
20,CASH_OUT,113.2,C000261,1571.57,1458.38,M000099,11078.76,11191.95,0,0
20,PAYMENT,345.31,C000270,1633.76,1288.45,M000095,7637.12,7982.43,0,0
20,DEBIT,1461.33,C000202,1727.23,265.9,M000080,897380.49,898841.82,0,0
20,CASH_IN,3583.27,C000255,1871.15,0.0,M000069,10994.59,14577.87,0,0
20,TRANSFER,248.83,C000194,8816.48,8567.64,M000112,2169.79,2418.62,0,0
20,PAYMENT,1225.42,C000262,29766.13,28540.7,M000170,1606.51,2831.93,0,0
20,CASH_IN,9.55,C000176,5971.79,5962.24,M000073,3602.38,3611.93,0,0
20,PAYMENT,316.44,C000038,5514.05,5197.61,M000040,4097.41,4413.85,0,0
20,CASH_IN,450.25,C000041,360.33,0.0,M000057,9958.34,10408.59,0,0
20,CASH_OUT,602.03,C000209,1321.85,719.82,M000080,1904.95,2506.98,0,0
20,PAYMENT,525.68,C000269,1564.66,1038.97,M000114,35829.25,36354.93,0,0
20,TRANSFER,89.83,C000265,3665.56,3575.72,M000124,7139.59,7229.43,0,0
20,CASH_OUT,2474.52,C000257,2378.57,0.0,M000163,4932.8,7407.32,0,0
20,TRANSFER,254.7,C000004,20001.49,19746.79,M000114,18570.5,18825.2,0,0
20,PAYMENT,393.94,C000250,4498.56,4104.63,M000134,4464.0,4857.94,0,0
20,PAYMENT,292.35,C000095,662.11,369.76,M000066,28011.02,28303.37,0,0
20,CASH_OUT,269.32,C000276,4164.94,3895.62,M000065,9395.86,9665.18,0,0
20,PAYMENT,122.22,C000097,8166.57,8044.34,M000015,3503.06,3625.29,0,0
20,CASH_OUT,2421.69,C000140,13611.2,11189.52,M000121,7114.59,9536.27,0,0
20,CASH_IN,2287.83,C000237,10762.72,8474.89,M000184,6954.7,9242.53,0,0
20,PAYMENT,1650.03,C000172,4474.64,2824.61,M000127,4964.59,6614.61,0,0
20,TRANSFER,1399.37,C000070,5169.19,3769.82,M000144,287106.15,288505.53,0,0
21,PAYMENT,3122.75,C000122,2020.13,0.0,M000076,4634.69,7757.44,0,0
21,PAYMENT,1929.1,C000245,12528.62,10599.53,M000085,5504.43,7433.52,0,0
21,CASH_IN,1405.07,C000123,5397.69,3992.62,M000035,10846.01,12251.08,0,0
21,TRANSFER,1407.66,C000065,3482.01,2074.35,M000040,6195.97,7603.63,0,0
21,CASH_IN,1309.36,C000051,5482.17,4172.81,M000103,18113.5,19422.86,0,0
21,CASH_IN,212.58,C000014,1356.99,1144.41,M000013,1206.59,1419.17,0,0
21,TRANSFER,97.5,C000001,13327.01,13229.51,M000089,5690.37,5787.87,0,0
21,PAYMENT,144.03,C000284,11450.92,11306.89,M000105,4402.46,4546.48,0,0
21,PAYMENT,1126.35,C000140,1895.89,769.53,M000101,5152.3,6278.66,0,0
21,PAYMENT,388.52,C000181,9106.83,8718.31,M000058,21583.17,21971.7,0,0
21,PAYMENT,43.11,C000180,1659.47,1616.36,M000112,2608.0,2651.11,0,0
21,CASH_OUT,355.23,C000259,18317.32,17962.1,M000074,18731.55,19086.78,0,0
21,PAYMENT,433.69,C000146,1017.13,583.44,M000105,13579.4,14013.09,0,0
21,CASH_OUT,170.41,C000019,17528.38,17357.98,M000183,25818.98,25989.39,0,0
21,CASH_OUT,145.13,C000072,2780.0,2634.87,M000044,5723.16,5868.28,0,0
21,TRANSFER,97.76,C000109,1802.0,1704.24,M000016,13577.68,13675.43,0,0
21,TRANSFER,21.13,C000248,6775.58,6754.45,M000001,15599.22,15620.34,0,0
21,PAYMENT,291.83,C000015,1866.2,1574.37,M000031,3755.64,4047.47,0,0
21,PAYMENT,679.04,C000134,13676.07,12997.03,M000060,3739.98,4419.02,0,0
21,PAYMENT,1238.39,C000092,2039.99,801.6,M000076,9138.2,10376.58,0,0
21,CASH_IN,286.6,C000272,24871.57,24584.97,M000186,6878.32,7164.93,0,0
21,CASH_OUT,1941.38,C000137,2994.47,1053.09,M000175,37101.65,39043.03,0,0
21,DEBIT,1514.6,C000121,4258.16,2743.56,M000104,2233.19,3747.79,0,0
21,DEBIT,99.46,C000160,19537.01,19437.56,M000013,3560.02,3659.47,0,0
21,TRANSFER,141.66,C000257,8822.85,8681.19,M000004,15869.65,16011.31,0,0
21,CASH_OUT,893.56,C000020,3726.27,2832.71,M000164,2768.12,3661.69,0,0
21,CASH_OUT,55.59,C000006,10231.69,10176.1,M000171,1935.82,1991.41,0,0
21,PAYMENT,688.96,C000204,7775.62,7086.66,M000031,3012.56,3701.51,0,0
21,CASH_IN,269.0,C000251,14516.94,14247.94,M000056,19910.8,20179.8,0,0
21,CASH_IN,431.35,C000044,8916.8,8485.46,M000098,3067.56,3498.91,0,0
21,PAYMENT,1778.42,C000225,2723.51,945.09,M000028,24209.91,25988.33,0,0
21,TRANSFER,844.5,C000287,1189.68,345.18,M000106,6879.65,7724.15,0,0
21,PAYMENT,2364.34,C000085,1757.95,0.0,M000132,1006.48,3370.82,0,0
21,PAYMENT,478.65,C000131,7579.95,7101.3,M000101,1184.7,1663.36,0,0
21,CASH_OUT,3013.34,C000035,1742.28,0.0,M000171,5391.11,8404.45,0,0
21,PAYMENT,3400.06,C000188,1729.63,0.0,M000001,8841.17,12241.23,0,0
21,PAYMENT,23.79,C000016,953.8,930.01,M000141,9750.32,9774.11,0,0
21,DEBIT,284.67,C000215,2606.18,2321.51,M000140,9086.85,9371.52,0,0
21,PAYMENT,1950.93,C000017,5532.35,3581.42,M000118,12214.99,14165.92,0,0
21,TRANSFER,538.2,C000168,1373.0,834.8,M000146,5957.69,6495.89,0,0
21,CASH_IN,943.42,C000125,10054.65,9111.23,M000165,2339.25,3282.67,0,0
21,CASH_OUT,308.95,C000291,4066.67,3757.71,M000023,4112.35,4421.3,0,0
21,PAYMENT,331.26,C000060,41471.08,41139.82,M000097,8371.11,8702.37,0,0
21,CASH_OUT,1132.16,C000158,2135.4,1003.24,M000032,14985.32,16117.48,0,0
21,PAYMENT,2915.73,C000072,7847.46,4931.73,M000004,2335.67,5251.4,0,0
21,PAYMENT,469.29,C000135,8278.56,7809.27,M000193,1278.54,1747.83,0,0
21,PAYMENT,433.58,C000271,8717.66,8284.08,M000121,27663.84,28097.42,0,0
21,DEBIT,153.59,C000149,2483.21,2329.63,M000124,17021.68,17175.27,0,0
21,PAYMENT,548.24,C000254,5666.21,5117.97,M000144,5846.45,6394.69,0,0
21,DEBIT,197.9,C000024,19899.22,19701.32,M000195,4683.87,4881.76,0,0
21,CASH_OUT,80.33,C000203,3460.91,3380.58,M000031,10165.91,10246.25,0,0
21,TRANSFER,1418.62,C000000,20803.53,19384.92,M000043,6752.0,8170.62,0,0
21,PAYMENT,701.2,C000115,1178.94,477.74,M000188,2900.91,3602.11,0,0
21,CASH_OUT,75.32,C000167,2760.52,2685.2,M000127,8423.12,8498.44,0,0
21,PAYMENT,182.9,C000091,913.75,730.85,M000078,2505.73,2688.62,0,0
21,PAYMENT,316.22,C000118,9831.23,9515.01,M000062,20435.29,20751.51,0,0
21,CASH_OUT,559.42,C000132,1877.3,1317.88,M000062,5698.44,6257.85,0,0
21,CASH_IN,428.9,C000205,23329.25,22900.35,M000063,5708.57,6137.47,0,0
21,TRANSFER,886.57,C000104,3596.47,2709.91,M000054,8912.31,9798.88,0,0
21,PAYMENT,188.06,C000175,2075.98,1887.91,M000130,4009.14,4197.2,0,0
21,TRANSFER,483.28,C000255,8277.9,7794.62,M000089,6493.61,6976.89,0,0
21,CASH_IN,515.44,C000289,11074.2,10558.76,M000110,2819.62,3335.05,0,0
21,CASH_OUT,100.49,C000024,44464.93,44364.45,M000070,15679.63,15780.11,0,0
21,TRANSFER,1495.89,C000086,15017.05,13521.17,M000022,74528.35,76024.24,0,0
21,TRANSFER,1204.3,C000147,7764.18,6559.87,M000030,23349.99,24554.3,0,0
21,DEBIT,2409.52,C000234,16061.48,13651.97,M000111,26985.67,29395.18,0,0
21,PAYMENT,415.46,C000068,6087.05,5671.59,M000074,4785.19,5200.65,0,0
21,PAYMENT,90.25,C000172,6337.43,6247.18,M000160,3768.04,3858.29,0,0
21,CASH_OUT,90.1,C000066,2328.8,2238.7,M000016,12409.57,12499.67,0,0
21,PAYMENT,1006.43,C000197,3218.19,2211.77,M000193,1145.47,2151.9,0,0
21,CASH_OUT,350.58,C000058,7470.09,7119.51,M000077,757.04,1107.61,0,0
21,TRANSFER,1378.04,C000220,466.42,0.0,M000121,5375.49,6753.53,0,0
21,CASH_IN,1871.39,C000186,4792.63,2921.23,M000040,6964.7,8836.09,0,0
21,PAYMENT,128.9,C000235,5046.82,4917.92,M000071,4605.24,4734.14,0,0
21,CASH_OUT,1488.75,C000098,10326.46,8837.71,M000106,3209.6,4698.35,0,0
21,TRANSFER,832.28,C000155,17575.18,16742.91,M000016,24263.14,25095.42,0,0
21,CASH_IN,394.48,C000195,6682.48,6287.99,M000004,23823.7,24218.19,0,0
21,CASH_OUT,1077.76,C000211,4224.1,3146.34,M000122,4634.85,5712.6,0,0
21,PAYMENT,614.54,C000289,1576.09,961.54,M000064,2841.99,3456.54,0,0
21,CASH_OUT,517.97,C000125,1525.42,1007.45,M000027,16946.79,17464.76,0,0
21,PAYMENT,1466.24,C000096,2522.62,1056.38,M000142,5759.04,7225.27,0,0
21,TRANSFER,678.83,C000057,2760.42,2081.58,M000086,2330.07,3008.9,0,0
21,PAYMENT,959.05,C000177,2535.15,1576.1,M000029,13407.43,14366.48,0,0
21,CASH_IN,340.8,C000037,30135.56,29794.76,M000079,2643.97,2984.77,0,0
21,PAYMENT,140.75,C000253,12423.62,12282.88,M000078,4965.47,5106.21,0,0
21,PAYMENT,2581.89,C000220,3237.93,656.04,M000141,1414.13,3996.02,0,0
21,CASH_OUT,4078.79,C000193,2681.78,0.0,M000151,1597.61,5676.41,0,0
21,DEBIT,146.8,C000236,15632.93,15486.14,M000008,7570.95,7717.75,0,0
21,PAYMENT,216.24,C000055,4472.57,4256.33,M000159,1212.62,1428.86,0,0
21,CASH_IN,407.33,C000088,31860.64,31453.31,M000070,10274.45,10681.78,0,0
22,CASH_OUT,318.84,C000178,2572.05,2253.22,M000192,5774.03,6092.87,0,0
22,PAYMENT,486.7,C000066,4511.82,4025.12,M000099,5898.82,6385.52,0,0
22,CASH_OUT,266.47,C000149,360.71,94.24,M000146,3948.19,4214.67,0,0
22,PAYMENT,289.08,C000244,2563.44,2274.36,M000117,8305.85,8594.93,0,0
22,PAYMENT,138.92,C000012,3095.78,2956.86,M000015,27367.15,27506.07,0,0
22,PAYMENT,130.03,C000057,2773.53,2643.5,M000089,1977.89,2107.92,0,0
22,PAYMENT,452.16,C000033,1323.28,871.12,M000081,6712.8,7164.96,0,0
22,PAYMENT,1038.07,C000070,6373.02,5334.96,M000077,9432.7,10470.76,0,0
22,PAYMENT,185.66,C000293,4119.59,3933.93,M000144,6993.27,7178.93,0,0
22,PAYMENT,36.52,C000232,20551.84,20515.32,M000093,589.12,625.64,0,0
22,PAYMENT,106.31,C000199,3379.61,3273.3,M000134,2501.84,2608.15,0,0
22,CASH_IN,188.15,C000047,2854.95,2666.79,M000015,18885.8,19073.95,0,0
22,CASH_IN,100.67,C000292,14053.28,13952.61,M000137,16319.52,16420.19,0,0
22,CASH_IN,2062.34,C000292,13242.97,11180.63,M000179,1613.94,3676.27,0,0
22,CASH_IN,771.1,C000049,2462.32,1691.21,M000194,1236.32,2007.42,0,0
22,TRANSFER,808.81,C000047,571.35,0.0,M000030,855.26,1664.07,0,0
22,CASH_OUT,820.06,C000273,1643.03,822.97,M000156,4361.3,5181.36,0,0
22,TRANSFER,998.72,C000276,1999.81,1001.09,M000103,2431.98,3430.69,0,0
22,CASH_OUT,294.42,C000014,6459.26,6164.83,M000146,964.39,1258.81,0,0
22,PAYMENT,286.27,C000277,927.27,641.0,M000083,552.55,838.82,0,0
22,TRANSFER,117.55,C000271,19472.5,19354.95,M000192,4819.8,4937.35,0,0
22,PAYMENT,272.62,C000104,7901.98,7629.36,M000013,10395.09,10667.7,0,0
22,CASH_OUT,265.95,C000066,12847.31,12581.36,M000107,2795.1,3061.05,0,0
22,PAYMENT,901.0,C000183,2417.97,1516.97,M000092,1285.55,2186.54,0,0
22,CASH_OUT,44.65,C000054,7708.77,7664.12,M000188,10994.63,11039.28,0,0
22,CASH_OUT,459.47,C000185,9681.99,9222.52,M000048,2441.17,2900.64,0,0
22,CASH_OUT,1553.76,C000097,878.49,0.0,M000053,9414.67,10968.42,0,0
22,PAYMENT,357.65,C000006,3012.41,2654.75,M000114,11046.59,11404.24,0,0
22,CASH_OUT,84.52,C000174,2046.08,1961.56,M000040,14254.07,14338.6,0,0
22,PAYMENT,1597.1,C000032,1971.95,374.86,M000056,6109.33,7706.43,0,0
22,CASH_IN,443.07,C000022,54180.74,53737.67,M000110,2625.07,3068.14,0,0
22,CASH_IN,989.19,C000248,7444.71,6455.51,M000163,2910.4,3899.6,0,0
22,CASH_IN,2899.56,C000136,3303.05,403.49,M000164,1746.49,4646.05,0,0
22,TRANSFER,104.14,C000038,11074.39,10970.26,M000013,13312.73,13416.87,0,0
22,CASH_IN,179.88,C000031,11834.53,11654.65,M000080,15048.32,15228.19,0,0
22,TRANSFER,82.95,C000136,18405.38,18322.44,M000108,2538.21,2621.16,0,0
22,PAYMENT,863.25,C000162,8349.58,7486.32,M000069,8456.78,9320.04,0,0
22,CASH_IN,1246.02,C000093,4418.14,3172.13,M000009,4066.36,5312.38,0,0
22,PAYMENT,810.14,C000132,3636.42,2826.28,M000056,15694.12,16504.26,0,0
22,CASH_IN,563.55,C000156,436.37,0.0,M000187,5790.86,6354.41,0,0
22,CASH_OUT,1484.01,C000213,4063.07,2579.06,M000091,13313.85,14797.86,0,0
22,TRANSFER,1294.62,C000257,2070.33,775.71,M000067,6325.69,7620.32,0,0
22,CASH_IN,193.91,C000222,77240.22,77046.31,M000147,6123.62,6317.53,0,0
22,PAYMENT,628.21,C000180,9212.08,8583.87,M000169,2789.67,3417.88,0,0
22,PAYMENT,994.4,C000298,5948.15,4953.75,M000019,6390.23,7384.63,0,0
22,TRANSFER,990.79,C000240,893.55,0.0,M000091,11847.73,12838.51,0,0
22,TRANSFER,161.06,C000208,36162.19,36001.13,M000157,36187.05,36348.1,0,0
22,DEBIT,5389.72,C000278,3177.85,0.0,M000012,2742.01,8131.73,0,0
22,PAYMENT,1697.18,C000041,2582.18,884.99,M000131,1428.91,3126.09,0,0
22,PAYMENT,368.72,C000099,19828.71,19459.99,M000193,3942.68,4311.4,0,0
22,CASH_IN,111.34,C000058,35599.45,35488.11,M000175,2299.95,2411.29,0,0
22,DEBIT,420.87,C000061,2233.98,1813.1,M000197,3783.3,4204.17,0,0
22,PAYMENT,460.85,C000184,1953.67,1492.82,M000129,3208.51,3669.36,0,0
22,PAYMENT,1104.31,C000260,9720.15,8615.83,M000075,172.0,1276.31,0,0
22,CASH_OUT,1051.97,C000218,12979.3,11927.33,M000147,5417.8,6469.78,0,0
22,PAYMENT,297.65,C000244,4095.68,3798.03,M000172,1775.46,2073.11,0,0
22,PAYMENT,514.49,C000229,9801.05,9286.56,M000070,3188.47,3702.96,0,0
22,PAYMENT,380.78,C000136,2529.03,2148.25,M000071,4651.83,5032.61,0,0
22,PAYMENT,945.23,C000195,3781.32,2836.09,M000101,10181.37,11126.6,0,0
22,CASH_OUT,410.38,C000077,15736.17,15325.79,M000169,7630.63,8041.01,1,0
22,CASH_IN,222.42,C000254,76354.53,76132.1,M000051,9245.04,9467.46,0,0
22,CASH_IN,177.32,C000068,5303.91,5126.59,M000085,2486.26,2663.58,0,0
22,PAYMENT,262.37,C000153,5790.0,5527.63,M000069,3265.54,3527.91,0,0
22,CASH_OUT,509.34,C000266,5359.43,4850.09,M000095,3950.8,4460.14,0,0
22,PAYMENT,1159.43,C000042,1130.16,0.0,M000113,5303.93,6463.35,0,0
22,TRANSFER,892.98,C000108,4823.99,3931.01,M000040,5285.16,6178.15,0,0
22,CASH_OUT,241.29,C000230,11217.28,10975.99,M000046,5119.69,5360.98,0,0
22,CASH_IN,219.75,C000237,8616.29,8396.54,M000011,2891.12,3110.86,0,0
22,CASH_IN,1696.83,C000256,1692.66,0.0,M000019,1904.67,3601.5,0,0
22,CASH_OUT,2408.58,C000239,1912.46,0.0,M000159,12516.43,14925.01,0,0
22,CASH_IN,662.59,C000208,6205.12,5542.53,M000199,20025.41,20688.0,0,0
22,DEBIT,1585.33,C000165,1968.08,382.75,M000174,32227.71,33813.04,0,0
22,TRANSFER,139.41,C000146,3832.65,3693.24,M000085,6162.28,6301.68,0,0
22,CASH_OUT,231.74,C000289,13019.36,12787.62,M000128,18101.87,18333.61,0,0
22,PAYMENT,11826.16,C000093,4769.6,0.0,M000011,2478.83,14304.99,0,0
22,TRANSFER,166.4,C000038,1814.21,1647.81,M000185,4157.99,4324.39,0,0
22,TRANSFER,147.78,C000245,17019.62,16871.84,M000134,5621.98,5769.76,0,0
22,PAYMENT,35.66,C000111,3604.02,3568.36,M000126,2345.34,2381.01,0,0
22,PAYMENT,2214.07,C000093,1919.52,0.0,M000173,8062.33,10276.4,0,0
22,PAYMENT,1551.38,C000197,643.68,0.0,M000157,6005.78,7557.15,0,0
22,CASH_IN,877.52,C000272,2827.7,1950.18,M000066,13239.59,14117.11,0,0
22,PAYMENT,737.7,C000142,12923.62,12185.92,M000020,8016.48,8754.19,0,0
22,PAYMENT,932.26,C000142,1240.88,308.62,M000118,9460.67,10392.94,0,0
22,PAYMENT,660.58,C000295,45898.56,45237.98,M000061,12668.12,13328.7,0,0
22,PAYMENT,371.73,C000299,2682.0,2310.27,M000085,2282.87,2654.6,0,0
22,CASH_IN,845.31,C000113,11156.32,10311.01,M000043,6433.93,7279.24,0,0
22,CASH_IN,423.27,C000099,30229.94,29806.67,M000029,15552.97,15976.24,0,0
22,PAYMENT,711.79,C000060,824.86,113.07,M000186,8208.97,8920.76,0,0
22,TRANSFER,94.42,C000250,8018.94,7924.52,M000103,13180.73,13275.15,0,0
22,CASH_OUT,191.85,C000173,4598.79,4406.94,M000022,11122.93,11314.78,0,0
22,CASH_OUT,483.98,C000101,3173.29,2689.32,M000046,3313.53,3797.51,0,0
22,TRANSFER,64.84,C000066,929.11,864.27,M000142,14027.47,14092.31,0,0
22,CASH_OUT,215.09,C000257,629.22,414.14,M000036,10111.34,10326.43,0,0
23,TRANSFER,782.92,C000182,7484.33,6701.41,M000010,1670.39,2453.31,0,0
23,PAYMENT,459.6,C000268,42116.47,41656.87,M000000,8845.97,9305.57,0,0
23,CASH_OUT,144.43,C000219,2683.11,2538.68,M000128,6792.12,6936.55,0,0
23,PAYMENT,261.52,C000013,35360.39,35098.87,M000006,13625.44,13886.96,0,0
23,PAYMENT,80.39,C000281,3175.09,3094.71,M000022,48961.5,49041.88,0,0
23,CASH_IN,680.02,C000048,3823.56,3143.54,M000055,8176.04,8856.07,0,0
23,CASH_OUT,771.52,C000295,9324.38,8552.86,M000126,5647.49,6419.01,0,0
23,CASH_OUT,2437.9,C000149,2357.51,0.0,M000151,1537.0,3974.9,0,0
23,TRANSFER,109.22,C000163,5199.98,5090.76,M000051,4746.9,4856.12,0,0
23,CASH_OUT,755.97,C000001,7535.46,6779.49,M000012,4731.89,5487.86,0,0
23,TRANSFER,505.47,C000219,1046.13,540.66,M000125,3004.89,3510.36,0,0
23,TRANSFER,282.37,C000211,966.5,684.13,M000091,3413.48,3695.86,0,0
23,TRANSFER,500.84,C000256,11068.94,10568.1,M000188,6265.14,6765.98,0,0
23,PAYMENT,334.47,C000218,5176.48,4842.01,M000185,6200.64,6535.11,0,0
23,PAYMENT,51.35,C000253,18217.27,18165.92,M000120,4272.68,4324.03,0,0
23,CASH_IN,884.55,C000290,21213.9,20329.35,M000002,9234.41,10118.96,0,0
23,PAYMENT,2235.43,C000162,5025.21,2789.77,M000129,7394.98,9630.41,0,0
23,TRANSFER,874.35,C000286,18997.06,18122.7,M000143,7821.02,8695.38,0,0
23,PAYMENT,270.35,C000191,114133.96,113863.6,M000162,5953.93,6224.29,0,0
23,TRANSFER,633.58,C000177,1784.75,1151.16,M000164,40297.54,40931.13,0,0
23,PAYMENT,1341.35,C000171,2722.16,1380.8,M000140,7770.6,9111.95,0,0
23,TRANSFER,130.45,C000265,7141.06,7010.61,M000102,3828.82,3959.28,0,0
23,CASH_OUT,599.11,C000078,4396.35,3797.24,M000032,4947.47,5546.58,0,0
23,CASH_OUT,183.91,C000267,11815.58,11631.67,M000080,665.14,849.04,0,0
23,PAYMENT,242.73,C000034,3813.16,3570.44,M000143,1289.26,1531.99,0,0
23,TRANSFER,2122.5,C000191,3668.05,1545.56,M000175,9619.73,11742.23,0,0
23,PAYMENT,67.48,C000026,7442.35,7374.88,M000119,23692.13,23759.61,0,0
23,TRANSFER,511.84,C000089,13038.4,12526.56,M000186,41330.24,41842.07,0,0
23,TRANSFER,418.55,C000267,4676.0,4257.45,M000026,4584.37,5002.92,0,0
23,CASH_OUT,401.52,C000279,7432.73,7031.22,M000164,5001.37,5402.89,0,0
23,PAYMENT,2786.49,C000112,51021.83,48235.34,M000155,2170.02,4956.51,0,0
23,CASH_OUT,272.33,C000010,2765.27,2492.94,M000099,1632.82,1905.15,0,0
23,CASH_OUT,1668.38,C000182,5620.78,3952.4,M000131,4052.95,5721.33,0,0
23,TRANSFER,156.98,C000258,8202.19,8045.22,M000035,7627.1,7784.07,0,0
23,CASH_OUT,225.46,C000110,5385.17,5159.71,M000062,7909.97,8135.43,0,0
23,CASH_OUT,769.04,C000192,2412.6,1643.56,M000006,7628.49,8397.53,0,0
23,PAYMENT,1580.72,C000293,35316.45,33735.72,M000085,18395.93,19976.65,0,0
23,DEBIT,727.21,C000171,9884.25,9157.03,M000070,6344.59,7071.8,0,0
23,PAYMENT,95.05,C000223,607.93,512.88,M000173,5991.41,6086.46,0,0
23,PAYMENT,1756.5,C000019,10849.78,9093.28,M000150,2976.2,4732.7,0,0
23,CASH_IN,1044.05,C000079,7221.3,6177.25,M000118,3765.0,4809.04,0,0
23,CASH_IN,477.48,C000063,1236.59,759.11,M000186,5978.55,6456.04,0,0
23,DEBIT,497.46,C000114,3210.19,2712.74,M000164,8900.05,9397.51,0,0
23,TRANSFER,257.95,C000276,31014.04,30756.09,M000005,15817.06,16075.01,0,0
23,TRANSFER,610.86,C000208,5575.91,4965.05,M000187,2260.31,2871.17,0,0
23,PAYMENT,646.73,C000001,7368.53,6721.8,M000062,6065.81,6712.54,0,0
23,CASH_IN,969.12,C000019,809.76,0.0,M000045,6602.98,7572.1,0,0
23,PAYMENT,1186.83,C000040,2281.2,1094.37,M000189,1403.61,2590.43,0,0
23,PAYMENT,607.28,C000104,4034.4,3427.13,M000038,2256.41,2863.68,0,0
23,DEBIT,548.68,C000157,3612.04,3063.35,M000145,8825.18,9373.87,0,0
23,CASH_IN,963.58,C000175,9749.15,8785.57,M000135,13314.91,14278.49,0,0
23,CASH_IN,509.87,C000055,5895.17,5385.3,M000100,6005.39,6515.26,0,0
23,CASH_IN,6031.88,C000211,2923.5,0.0,M000053,40912.41,46944.29,0,0
23,TRANSFER,841.87,C000166,3871.48,3029.61,M000065,6522.96,7364.83,0,0
23,TRANSFER,1209.71,C000124,19462.12,18252.41,M000055,476.46,1686.17,0,0
23,CASH_OUT,77.28,C000266,3410.85,3333.56,M000133,5744.44,5821.73,0,0
23,TRANSFER,722.29,C000072,10750.63,10028.33,M000105,5676.73,6399.03,0,0
23,PAYMENT,486.36,C000028,4439.21,3952.86,M000075,5923.11,6409.47,0,0
23,PAYMENT,2528.09,C000148,2925.69,397.6,M000054,3711.19,6239.28,0,0
23,CASH_IN,872.83,C000205,39440.71,38567.88,M000034,4846.59,5719.42,0,0
23,TRANSFER,125.71,C000165,1270.22,1144.52,M000163,2124.99,2250.7,0,0
23,CASH_OUT,736.69,C000159,16307.99,15571.3,M000168,1880.07,2616.76,0,0
23,CASH_OUT,178.1,C000054,5726.87,5548.76,M000054,43182.5,43360.61,0,0
23,DEBIT,1444.0,C000196,2008.68,564.68,M000197,7447.68,8891.68,0,0
23,PAYMENT,3007.13,C000095,3863.48,856.35,M000079,2878.49,5885.62,0,0
23,PAYMENT,669.1,C000258,2393.96,1724.86,M000119,805.8,1474.89,0,0
23,PAYMENT,91.56,C000160,5062.65,4971.09,M000162,3901.62,3993.18,0,0
23,PAYMENT,497.56,C000035,5386.75,4889.19,M000176,980.87,1478.43,0,0
23,CASH_OUT,437.78,C000218,840.92,403.14,M000197,1497.88,1935.66,0,0
23,CASH_IN,489.29,C000230,7687.9,7198.61,M000002,12059.41,12548.7,0,0
23,TRANSFER,333.68,C000227,3128.44,2794.76,M000117,23927.83,24261.51,0,0
23,TRANSFER,575.19,C000133,4400.16,3824.96,M000150,3042.94,3618.13,0,0
23,PAYMENT,914.89,C000190,2205.62,1290.73,M000171,3584.81,4499.71,0,0
23,PAYMENT,209.2,C000254,3402.79,3193.58,M000175,1482.57,1691.77,0,0
23,CASH_OUT,56.07,C000204,4615.69,4559.63,M000026,7640.57,7696.64,0,0
23,PAYMENT,315.59,C000274,3570.24,3254.66,M000158,5127.33,5442.92,0,0
23,TRANSFER,219.57,C000082,5032.19,4812.62,M000017,2534.06,2753.62,0,0
23,CASH_OUT,1845.5,C000207,1329.75,0.0,M000017,10326.32,12171.82,0,0
23,CASH_OUT,4465.72,C000250,4996.32,530.59,M000195,4937.1,9402.82,0,0
23,PAYMENT,4984.3,C000266,23971.56,18987.26,M000109,362.29,5346.59,0,0
23,PAYMENT,2487.51,C000179,1715.35,0.0,M000090,2053.69,4541.2,0,0
23,CASH_OUT,1030.37,C000044,4265.42,3235.05,M000045,45808.07,46838.44,0,0
23,CASH_OUT,356.47,C000128,2918.61,2562.13,M000101,1266.76,1623.24,0,0
23,TRANSFER,349.62,C000062,9446.03,9096.41,M000177,3901.17,4250.79,0,0
23,PAYMENT,337.12,C000267,757.25,420.13,M000055,1407.07,1744.19,0,0
23,CASH_IN,2957.83,C000251,1047.79,0.0,M000061,6664.66,9622.49,0,0
23,TRANSFER,1186.73,C000130,2079.34,892.61,M000116,3346.74,4533.47,0,0
23,CASH_OUT,537.25,C000268,3415.17,2877.92,M000104,1881.88,2419.13,0,0
23,DEBIT,68.13,C000216,74274.13,74206.0,M000154,8267.2,8335.33,0,0
24,TRANSFER,375.8,C000119,8026.7,7650.9,M000154,6118.25,6494.05,0,0
24,PAYMENT,501.45,C000262,6508.91,6007.46,M000141,1143.65,1645.09,0,0
24,PAYMENT,1124.81,C000264,4228.09,3103.28,M000171,11296.74,12421.56,0,0
24,TRANSFER,297.13,C000077,5163.41,4866.28,M000059,4197.18,4494.31,0,0
24,TRANSFER,200.83,C000071,8181.32,7980.49,M000081,3286.45,3487.28,0,0
24,CASH_IN,206.59,C000038,7104.73,6898.14,M000197,7462.27,7668.86,0,0
24,CASH_OUT,235.42,C000228,5518.19,5282.76,M000167,6266.81,6502.24,0,0
24,DEBIT,135.81,C000282,5216.51,5080.7,M000073,6817.22,6953.02,0,0
24,CASH_OUT,287.19,C000040,4357.75,4070.56,M000020,7545.63,7832.82,0,0
24,CASH_OUT,320.46,C000229,2516.44,2195.98,M000108,1025.11,1345.56,0,0
24,CASH_IN,741.53,C000052,3521.7,2780.17,M000101,6737.42,7478.95,0,0
24,CASH_IN,387.8,C000024,1311.2,923.4,M000135,5704.83,6092.62,0,0
24,PAYMENT,180.07,C000268,8623.96,8443.88,M000043,6294.64,6474.71,0,0
24,TRANSFER,1669.1,C000119,19121.29,17452.19,M000189,2247.79,3916.89,0,0
24,PAYMENT,203.11,C000224,2471.93,2268.82,M000060,40895.19,41098.3,0,0
24,PAYMENT,6554.19,C000017,15785.92,9231.73,M000058,790.92,7345.11,0,0
24,PAYMENT,106.89,C000199,1617.03,1510.14,M000170,2954.08,3060.97,0,0
24,TRANSFER,101.42,C000189,1317.87,1216.44,M000017,6162.5,6263.92,0,0
24,PAYMENT,1314.97,C000224,3306.96,1991.99,M000046,5326.14,6641.11,0,0
24,TRANSFER,1063.36,C000230,27236.01,26172.65,M000197,10537.73,11601.09,0,0
24,CASH_OUT,2083.01,C000100,1664.87,0.0,M000109,6959.48,9042.49,1,0
24,PAYMENT,3800.22,C000063,6608.78,2808.56,M000075,1170.24,4970.46,0,0
24,PAYMENT,849.92,C000197,1784.57,934.65,M000130,1415.72,2265.64,0,0
24,TRANSFER,790.83,C000061,5025.05,4234.22,M000101,3254.41,4045.24,0,0
24,CASH_OUT,1468.61,C000141,4610.52,3141.91,M000155,2515.61,3984.22,0,0
24,CASH_OUT,436.57,C000206,1637.94,1201.38,M000141,13642.81,14079.38,0,0
24,PAYMENT,186.99,C000214,4774.91,4587.91,M000198,1874.78,2061.77,0,0
24,TRANSFER,200.21,C000231,6801.24,6601.02,M000033,524.46,724.67,0,0
24,DEBIT,813.6,C000045,5384.15,4570.55,M000046,189.94,1003.54,0,0
24,CASH_OUT,4933.92,C000289,15778.45,10844.53,M000028,6202.72,11136.64,1,0
24,TRANSFER,566.97,C000084,11112.95,10545.98,M000135,14528.21,15095.18,0,0
24,PAYMENT,101.34,C000155,3672.16,3570.82,M000028,6518.01,6619.35,0,0
24,PAYMENT,574.58,C000267,27180.07,26605.49,M000193,7933.11,8507.69,0,0
24,PAYMENT,209.32,C000119,13341.74,13132.42,M000085,3197.95,3407.27,0,0
24,PAYMENT,572.71,C000065,2499.27,1926.56,M000131,3420.29,3993.01,0,0
24,TRANSFER,50.34,C000279,2867.18,2816.84,M000056,7871.08,7921.41,0,0
24,CASH_OUT,737.03,C000187,5161.99,4424.96,M000172,4247.83,4984.86,0,0
24,CASH_OUT,1139.77,C000001,30557.19,29417.41,M000132,3942.47,5082.24,0,0
24,CASH_IN,1181.2,C000152,16722.47,15541.27,M000128,11777.24,12958.44,0,0
24,TRANSFER,202.96,C000055,1672.3,1469.34,M000091,1524.2,1727.16,0,0
24,CASH_OUT,185.97,C000221,12603.46,12417.49,M000112,14549.48,14735.45,0,0
24,CASH_IN,213.24,C000044,6148.41,5935.17,M000005,19022.48,19235.71,0,0
24,PAYMENT,506.22,C000130,5068.87,4562.65,M000141,3967.45,4473.67,0,0
24,CASH_OUT,83.42,C000279,3832.39,3748.97,M000015,9446.51,9529.93,0,0
24,CASH_IN,1290.07,C000211,8912.02,7621.96,M000152,1291.13,2581.19,0,0
24,TRANSFER,479.22,C000268,8308.62,7829.4,M000100,1728.46,2207.68,0,0
24,TRANSFER,890.08,C000068,1483.55,593.46,M000113,2049.01,2939.1,0,0
24,PAYMENT,1727.35,C000285,4915.86,3188.51,M000073,8132.2,9859.55,0,0
24,PAYMENT,175.63,C000244,2320.99,2145.36,M000062,74076.71,74252.34,0,0
24,CASH_IN,2496.51,C000229,3720.17,1223.65,M000090,4566.86,7063.37,0,0
24,CASH_OUT,885.66,C000173,1384.64,498.97,M000153,1073.81,1959.47,0,0
24,TRANSFER,854.99,C000166,3115.89,2260.89,M000066,4220.17,5075.17,0,0
24,CASH_OUT,606.05,C000131,2552.2,1946.15,M000156,10586.98,11193.03,0,0
24,PAYMENT,1230.89,C000076,5496.47,4265.58,M000009,13536.95,14767.84,0,0
24,TRANSFER,1397.29,C000127,11631.32,10234.02,M000018,6533.45,7930.75,0,0
24,TRANSFER,449.6,C000191,6855.55,6405.95,M000179,2699.4,3149.0,0,0
24,PAYMENT,959.34,C000066,5189.67,4230.32,M000116,2842.21,3801.56,0,0
24,TRANSFER,1449.73,C000054,9932.91,8483.18,M000067,3193.99,4643.72,0,0
24,TRANSFER,641.79,C000218,18916.02,18274.23,M000108,9824.85,10466.64,0,0
24,PAYMENT,193.69,C000091,13405.57,13211.88,M000101,5135.78,5329.47,0,0
24,PAYMENT,303.85,C000001,9931.42,9627.58,M000165,24140.43,24444.28,0,0
24,CASH_IN,162.54,C000157,4444.39,4281.84,M000072,3236.58,3399.12,0,0
24,PAYMENT,755.07,C000156,2426.3,1671.23,M000057,3028.59,3783.66,0,0
24,CASH_OUT,59.18,C000173,3462.75,3403.57,M000094,3986.01,4045.2,0,0
24,TRANSFER,348.03,C000029,11183.46,10835.43,M000024,11508.11,11856.14,0,0
24,DEBIT,337.93,C000142,5757.83,5419.9,M000023,11558.0,11895.93,0,0
24,CASH_IN,288.0,C000130,26634.85,26346.85,M000068,2555.12,2843.13,0,0
24,PAYMENT,518.92,C000203,7089.93,6571.0,M000195,7356.02,7874.94,0,0
24,CASH_OUT,1108.18,C000153,4333.17,3224.99,M000075,4353.36,5461.54,0,0
24,CASH_OUT,4654.98,C000123,4406.23,0.0,M000043,3217.01,7871.99,0,0
24,CASH_IN,454.0,C000261,2213.54,1759.54,M000198,8049.38,8503.39,0,0
24,CASH_OUT,197.85,C000114,34647.04,34449.19,M000012,11270.37,11468.22,0,0
24,PAYMENT,275.05,C000194,6535.58,6260.53,M000116,4023.58,4298.64,0,0
24,CASH_OUT,3070.3,C000281,4498.62,1428.32,M000108,2267.28,5337.58,0,0
24,TRANSFER,1797.71,C000232,10173.0,8375.28,M000146,13190.11,14987.82,1,0
24,CASH_IN,3790.84,C000244,10171.24,6380.4,M000125,6684.4,10475.24,0,0
24,TRANSFER,847.5,C000035,12479.14,11631.65,M000148,8619.52,9467.02,0,0
24,TRANSFER,579.67,C000147,19120.49,18540.82,M000068,9478.34,10058.01,0,0
24,PAYMENT,557.56,C000183,7675.06,7117.5,M000103,15823.54,16381.1,0,0
24,PAYMENT,1298.9,C000054,7569.96,6271.06,M000037,20229.57,21528.47,0,0
24,DEBIT,150.77,C000284,7169.14,7018.37,M000021,7355.87,7506.63,0,0
24,PAYMENT,459.63,C000266,9639.53,9179.9,M000081,7000.08,7459.72,0,0
24,PAYMENT,897.0,C000220,3692.33,2795.33,M000187,2570.01,3467.01,0,0
24,PAYMENT,96.72,C000042,7469.35,7372.63,M000002,27012.05,27108.77,0,0
24,TRANSFER,212.61,C000198,1508.74,1296.14,M000073,3110.1,3322.7,0,0
24,TRANSFER,142.67,C000058,1557.26,1414.59,M000095,9866.09,10008.76,0,0
25,CASH_OUT,1414.39,C000042,1671.81,257.42,M000190,29915.46,31329.85,0,0
25,TRANSFER,2276.69,C000059,5993.69,3717.0,M000027,9714.18,11990.88,0,0
25,PAYMENT,319.08,C000080,11930.57,11611.5,M000092,2778.74,3097.82,0,0
25,CASH_OUT,3372.5,C000176,10261.06,6888.56,M000160,15777.61,19150.1,0,0
25,CASH_IN,415.46,C000273,1298.93,883.47,M000002,2682.39,3097.85,0,0
25,TRANSFER,231.26,C000228,11271.48,11040.22,M000168,15259.83,15491.09,0,0
25,DEBIT,1288.1,C000044,21326.53,20038.43,M000023,4626.51,5914.61,0,0
25,TRANSFER,2279.99,C000036,30847.14,28567.14,M000135,11083.84,13363.83,0,0
25,PAYMENT,876.82,C000022,9513.97,8637.14,M000093,2154.28,3031.1,0,0
25,TRANSFER,289.09,C000158,1467.74,1178.64,M000094,4502.92,4792.01,0,0
25,PAYMENT,391.02,C000021,29924.87,29533.84,M000095,24537.34,24928.36,0,0
25,CASH_OUT,448.03,C000245,3222.7,2774.67,M000094,51244.64,51692.67,0,0
25,CASH_IN,153.36,C000022,4646.67,4493.31,M000039,9732.27,9885.63,0,0
25,CASH_IN,380.47,C000138,3647.73,3267.27,M000164,5854.4,6234.87,0,0
25,CASH_OUT,2271.2,C000081,10125.15,7853.96,M000177,21178.29,23449.48,0,0
25,PAYMENT,87.32,C000001,840.55,753.23,M000092,1425.6,1512.92,0,0
25,PAYMENT,267.03,C000015,6382.44,6115.41,M000184,1953.86,2220.88,0,0
25,CASH_IN,273.45,C000001,7040.61,6767.16,M000088,74582.62,74856.08,0,0
25,TRANSFER,10107.24,C000182,1131.99,0.0,M000126,3311.01,13418.25,0,0
25,CASH_IN,230.5,C000209,34046.67,33816.17,M000126,57217.21,57447.71,0,0
25,CASH_OUT,230.02,C000159,1644.77,1414.74,M000053,2640.63,2870.66,0,0
25,TRANSFER,68.05,C000157,2997.98,2929.93,M000108,1839.06,1907.11,0,0
25,CASH_OUT,231.22,C000179,4920.91,4689.69,M000012,1793.47,2024.69,0,0
25,DEBIT,520.02,C000172,1236.14,716.12,M000141,4715.1,5235.12,0,0
25,PAYMENT,5382.11,C000162,1527.61,0.0,M000089,16762.03,22144.14,0,0
25,CASH_OUT,90.8,C000164,2417.68,2326.88,M000168,2970.21,3061.01,0,0
25,CASH_IN,738.36,C000249,5632.36,4894.0,M000182,3648.39,4386.75,0,0
25,PAYMENT,659.21,C000101,680.29,21.09,M000125,2949.56,3608.77,0,0
25,PAYMENT,166.39,C000280,3881.03,3714.64,M000046,1277.83,1444.22,0,0
25,TRANSFER,183.52,C000268,8417.2,8233.68,M000186,7093.39,7276.91,0,0
25,CASH_IN,964.76,C000000,4055.86,3091.1,M000138,2467.81,3432.57,0,0
25,CASH_OUT,359.28,C000152,10680.54,10321.27,M000026,14294.09,14653.36,0,0
25,CASH_IN,36.87,C000259,678.81,641.94,M000149,39507.07,39543.94,0,0
25,CASH_OUT,1630.95,C000139,7815.89,6184.94,M000151,37398.13,39029.08,0,0
25,CASH_IN,415.24,C000074,1934.38,1519.14,M000193,21787.01,22202.25,0,0
25,PAYMENT,459.83,C000168,1233.87,774.04,M000128,1359.61,1819.44,0,0
25,CASH_OUT,55.36,C000163,6865.21,6809.85,M000066,3267.16,3322.52,0,0
25,CASH_OUT,23203.06,C000018,2549.87,0.0,M000002,13035.76,36238.83,1,0
25,TRANSFER,10686.3,C000296,4320.46,0.0,M000126,1282.44,11968.74,0,0
25,PAYMENT,926.84,C000111,1257.46,330.62,M000040,3535.68,4462.53,0,0
25,CASH_IN,242.39,C000198,5103.62,4861.23,M000019,2081.26,2323.65,0,0
25,DEBIT,2357.55,C000011,9007.76,6650.22,M000086,3672.45,6030.0,0,0
25,PAYMENT,313.59,C000244,1548.11,1234.52,M000097,9762.4,10075.99,0,0
25,PAYMENT,978.86,C000245,3290.34,2311.48,M000128,5047.27,6026.13,0,0
25,TRANSFER,569.51,C000182,4923.35,4353.84,M000094,4049.57,4619.09,0,0
25,TRANSFER,1961.81,C000148,18090.31,16128.5,M000119,46825.91,48787.72,0,0
25,CASH_IN,1047.31,C000051,14138.55,13091.24,M000059,3374.31,4421.63,0,0
25,CASH_OUT,277.35,C000042,17204.09,16926.74,M000019,11276.31,11553.66,0,0
25,PAYMENT,1061.83,C000215,1634.19,572.36,M000091,1339.97,2401.8,0,0
25,PAYMENT,2866.79,C000153,2016.89,0.0,M000180,6660.57,9527.36,0,0
25,TRANSFER,445.78,C000193,23733.94,23288.16,M000057,2896.58,3342.36,0,0
25,PAYMENT,1087.99,C000223,1077.02,0.0,M000032,15684.41,16772.4,0,0
25,PAYMENT,285.47,C000081,9125.54,8840.07,M000126,24155.54,24441.01,0,0
25,CASH_OUT,790.17,C000245,3721.44,2931.27,M000057,7721.48,8511.66,0,0
25,CASH_OUT,4024.21,C000120,10664.03,6639.82,M000036,25893.08,29917.29,0,0
25,CASH_OUT,54.8,C000168,14730.49,14675.69,M000111,3009.24,3064.03,0,0
25,CASH_IN,947.41,C000298,5490.63,4543.22,M000047,8755.31,9702.72,0,0
25,PAYMENT,336.28,C000177,1614.48,1278.2,M000016,5617.19,5953.47,0,0
25,PAYMENT,389.79,C000244,2537.95,2148.17,M000076,3301.42,3691.21,0,0
25,PAYMENT,1246.81,C000164,3017.33,1770.51,M000096,10479.75,11726.56,0,0
25,CASH_OUT,114.45,C000128,1138.68,1024.22,M000076,4852.29,4966.74,0,0
25,PAYMENT,192.2,C000086,3268.37,3076.17,M000022,10689.26,10881.45,0,0
25,CASH_OUT,635.6,C000106,3445.19,2809.58,M000066,15875.04,16510.65,0,0
25,TRANSFER,206.42,C000001,2744.73,2538.31,M000008,4826.84,5033.26,0,0
25,PAYMENT,58.73,C000070,2078.78,2020.05,M000108,12123.86,12182.59,0,0
25,TRANSFER,350.0,C000253,841.67,491.68,M000119,861.18,1211.18,1,0
25,PAYMENT,440.95,C000174,3142.46,2701.52,M000045,7413.22,7854.17,0,0
25,PAYMENT,817.79,C000246,2007.48,1189.69,M000196,18767.4,19585.19,0,0
25,TRANSFER,26770.73,C000018,6210.26,0.0,M000184,5412.6,32183.33,1,1
25,PAYMENT,369.26,C000158,3014.06,2644.8,M000089,3084.43,3453.69,0,0
25,CASH_IN,512.09,C000002,486.52,0.0,M000138,3813.1,4325.2,0,0
25,CASH_IN,2020.72,C000150,2678.33,657.6,M000148,7236.46,9257.19,0,0
25,PAYMENT,7269.88,C000168,1187.26,0.0,M000130,21786.91,29056.79,0,0
25,TRANSFER,737.63,C000124,66064.27,65326.65,M000135,873.17,1610.8,0,0
25,DEBIT,1072.04,C000071,2171.01,1098.97,M000199,3750.02,4822.05,0,0
25,PAYMENT,125.41,C000102,904.43,779.02,M000158,2633.79,2759.21,0,0
25,CASH_OUT,1300.55,C000227,2475.39,1174.84,M000187,2445.59,3746.14,0,0
25,CASH_IN,1127.77,C000209,5057.22,3929.45,M000054,16829.29,17957.06,0,0
25,PAYMENT,122.71,C000028,7045.5,6922.79,M000176,81797.55,81920.27,0,0
25,CASH_IN,127.09,C000128,4086.02,3958.93,M000120,14659.08,14786.17,0,0
25,CASH_IN,4161.03,C000001,7129.12,2968.09,M000195,6760.48,10921.51,0,0
25,PAYMENT,893.86,C000268,3625.99,2732.13,M000036,40162.58,41056.44,0,0
25,CASH_IN,1170.91,C000196,1829.02,658.11,M000012,18970.53,20141.44,0,0
25,CASH_OUT,253.15,C000282,4815.19,4562.04,M000166,1770.2,2023.34,0,0
25,PAYMENT,1568.61,C000293,5621.34,4052.73,M000110,3896.96,5465.57,0,0
25,TRANSFER,3154.41,C000110,24305.93,21151.52,M000015,5417.3,8571.72,0,0
25,PAYMENT,883.73,C000109,5294.03,4410.31,M000127,4633.48,5517.21,0,0
25,TRANSFER,747.61,C000209,1545.08,797.47,M000163,21887.54,22635.15,0,0
25,PAYMENT,719.92,C000023,4572.07,3852.15,M000129,7087.49,7807.42,0,0
25,PAYMENT,662.57,C000283,9273.34,8610.77,M000195,1213.33,1875.9,0,0
26,TRANSFER,646.95,C000297,786.25,139.31,M000089,9723.43,10370.38,0,0
26,CASH_OUT,391.86,C000064,6305.59,5913.72,M000149,20077.54,20469.4,0,0
26,CASH_OUT,7533.0,C000138,3400.2,0.0,M000077,1554.81,9087.81,0,0
26,CASH_IN,27.7,C000037,6746.36,6718.66,M000109,1140.96,1168.66,0,0
26,TRANSFER,719.77,C000121,4048.84,3329.08,M000137,4755.97,5475.74,0,0
26,CASH_OUT,1852.06,C000209,5808.77,3956.71,M000030,2004.2,3856.27,0,0
26,PAYMENT,103.13,C000291,1807.4,1704.27,M000006,7784.09,7887.22,0,0
26,TRANSFER,107.57,C000293,3776.11,3668.54,M000046,7722.7,7830.27,0,0
26,CASH_OUT,180.8,C000172,1736.98,1556.18,M000030,7056.16,7236.96,0,0
26,CASH_OUT,340.02,C000121,4557.82,4217.8,M000114,12293.05,12633.07,0,0
26,CASH_IN,325.76,C000191,11312.26,10986.5,M000067,35461.75,35787.5,0,0
26,DEBIT,684.91,C000272,18045.54,17360.63,M000102,1166.58,1851.49,0,0
26,TRANSFER,2715.83,C000004,3628.83,913.0,M000148,6267.42,8983.25,0,0
26,PAYMENT,1132.93,C000072,9865.88,8732.95,M000008,18035.5,19168.42,0,0
26,CASH_OUT,1243.7,C000137,2012.8,769.1,M000041,3709.92,4953.62,0,0
26,TRANSFER,664.33,C000167,4894.86,4230.52,M000047,24807.83,25472.16,0,0
26,PAYMENT,393.48,C000033,3196.76,2803.28,M000034,21962.89,22356.37,0,0
26,TRANSFER,1865.69,C000050,20533.03,18667.34,M000102,7649.87,9515.56,0,0
26,PAYMENT,283.43,C000129,7987.47,7704.04,M000147,5883.7,6167.13,0,0
26,CASH_OUT,2632.24,C000091,55640.2,53007.96,M000091,10980.79,13613.03,0,0
26,PAYMENT,94.69,C000135,963.79,869.09,M000195,12659.07,12753.77,0,0
26,PAYMENT,481.59,C000002,1525.18,1043.6,M000140,9063.61,9545.2,0,0
26,PAYMENT,207.45,C000128,1651.13,1443.68,M000131,10232.08,10439.53,0,0
26,CASH_IN,519.47,C000070,5011.4,4491.93,M000198,3932.89,4452.36,0,0
26,CASH_OUT,1086.4,C000094,106228.78,105142.38,M000059,5616.02,6702.42,0,0
26,PAYMENT,291.96,C000201,1311.74,1019.79,M000062,1821.0,2112.96,0,0
26,PAYMENT,337.82,C000169,2483.92,2146.1,M000085,25783.22,26121.05,0,0
26,CASH_OUT,1676.3,C000148,788.52,0.0,M000069,2722.99,4399.29,0,0
26,CASH_OUT,524.73,C000204,1218.22,693.49,M000183,1323.93,1848.65,0,0
26,CASH_OUT,132.5,C000184,15029.9,14897.4,M000090,2783.07,2915.57,0,0
26,TRANSFER,861.14,C000000,3102.86,2241.72,M000052,6728.85,7589.99,0,0
26,TRANSFER,642.33,C000209,1154.39,512.06,M000009,2524.19,3166.52,0,0
26,PAYMENT,244.85,C000288,42870.32,42625.47,M000147,1753.32,1998.17,0,0
26,CASH_OUT,484.29,C000048,1775.98,1291.69,M000032,2764.96,3249.25,0,0
26,TRANSFER,2648.2,C000203,13837.62,11189.42,M000184,1392.59,4040.78,0,0
26,TRANSFER,1453.78,C000166,14964.15,13510.37,M000033,4730.48,6184.25,0,0
26,PAYMENT,530.79,C000082,4652.95,4122.16,M000190,6774.4,7305.19,0,0
26,TRANSFER,61.37,C000141,1046.29,984.92,M000089,3831.18,3892.55,0,0
26,DEBIT,2481.86,C000101,6486.05,4004.19,M000120,5093.99,7575.85,0,0
26,TRANSFER,179.64,C000093,4816.61,4636.96,M000078,3674.21,3853.85,0,0
26,PAYMENT,749.31,C000066,1600.37,851.06,M000002,6317.34,7066.65,0,0
26,TRANSFER,1008.95,C000110,6412.46,5403.52,M000199,5555.94,6564.88,0,0
26,TRANSFER,422.73,C000167,37339.54,36916.81,M000079,3112.95,3535.68,0,0
26,PAYMENT,632.58,C000087,3427.26,2794.68,M000038,3885.19,4517.77,0,0
26,PAYMENT,4938.54,C000100,9424.27,4485.72,M000168,19363.83,24302.38,0,0
26,CASH_OUT,369.05,C000219,6034.8,5665.74,M000001,3410.45,3779.51,0,0
26,TRANSFER,3835.81,C000165,26817.05,22981.24,M000098,3324.31,7160.12,0,0
26,TRANSFER,1143.14,C000096,1118.16,0.0,M000052,2345.92,3489.06,0,0
26,CASH_IN,424.34,C000175,7503.98,7079.64,M000030,31716.16,32140.5,0,0
26,CASH_IN,355.39,C000111,9207.34,8851.95,M000085,3674.19,4029.58,0,0
26,CASH_IN,5004.28,C000031,2345.0,0.0,M000190,8097.76,13102.04,0,0
26,CASH_IN,946.34,C000018,7664.52,6718.18,M000033,7631.76,8578.11,0,0
26,DEBIT,1783.11,C000210,4185.97,2402.86,M000089,1543.47,3326.58,0,0
26,TRANSFER,7394.12,C000148,1720.9,0.0,M000058,14666.77,22060.89,0,0
26,TRANSFER,3925.99,C000295,1773.9,0.0,M000063,11984.62,15910.61,0,0
26,PAYMENT,823.24,C000280,2347.28,1524.04,M000092,1568.87,2392.11,0,0
26,PAYMENT,120.84,C000289,3391.76,3270.92,M000167,20238.0,20358.84,0,0
26,CASH_IN,163.12,C000105,8806.38,8643.27,M000083,6129.89,6293.0,0,0
26,PAYMENT,181.26,C000177,18863.69,18682.44,M000144,2846.43,3027.68,0,0
26,CASH_OUT,1516.66,C000123,7731.54,6214.88,M000187,2734.26,4250.92,0,0
26,CASH_OUT,1499.67,C000007,3838.21,2338.53,M000017,5691.44,7191.12,0,0
26,CASH_OUT,125.59,C000102,6190.71,6065.12,M000023,6610.01,6735.6,0,0
26,PAYMENT,5950.11,C000181,1652.96,0.0,M000118,15710.67,21660.79,0,0
26,CASH_IN,577.65,C000214,2337.7,1760.05,M000091,21275.2,21852.85,0,0
27,CASH_OUT,807.7,C000134,3269.98,2462.29,M000191,2042.53,2850.22,0,0
27,PAYMENT,902.32,C000155,25120.58,24218.26,M000083,5021.91,5924.23,0,0
27,PAYMENT,1045.22,C000266,666.66,0.0,M000030,4825.61,5870.82,0,0
27,CASH_OUT,181.13,C000113,2916.34,2735.22,M000147,8371.83,8552.96,0,0
27,PAYMENT,1196.27,C000119,8965.48,7769.22,M000016,11542.42,12738.68,1,0
27,PAYMENT,3039.69,C000223,3321.44,281.75,M000002,979.3,4018.99,0,0
27,TRANSFER,860.16,C000142,17432.17,16572.01,M000055,1356.99,2217.14,0,0
27,DEBIT,208.91,C000118,1957.56,1748.65,M000111,11968.79,12177.7,0,0
27,CASH_OUT,2718.81,C000187,4900.25,2181.45,M000105,1479.32,4198.13,0,0
27,TRANSFER,259.79,C000168,1263.8,1004.01,M000154,6309.25,6569.04,0,0
27,CASH_OUT,487.92,C000171,6217.03,5729.11,M000096,9116.21,9604.13,0,0
27,PAYMENT,2326.76,C000051,2320.4,0.0,M000134,394.82,2721.58,0,0
27,TRANSFER,3912.44,C000266,8878.41,4965.97,M000168,19527.81,23440.25,0,0
27,CASH_OUT,227.96,C000143,10381.8,10153.84,M000112,4176.71,4404.67,0,0
27,TRANSFER,1876.47,C000028,1674.93,0.0,M000142,1964.47,3840.94,0,0
27,CASH_IN,478.52,C000177,5596.48,5117.96,M000031,23225.15,23703.66,0,0
27,CASH_IN,127.21,C000188,202632.95,202505.73,M000110,2274.52,2401.73,0,0
27,CASH_IN,193.27,C000022,6482.85,6289.59,M000198,6094.76,6288.03,0,0
27,PAYMENT,883.11,C000026,4889.08,4005.98,M000087,2519.26,3402.37,0,0
27,CASH_IN,2509.89,C000096,5662.92,3153.03,M000087,15722.26,18232.15,0,0
27,DEBIT,1899.83,C000094,14144.98,12245.15,M000114,25547.33,27447.17,0,0
27,CASH_OUT,328.93,C000155,17383.18,17054.25,M000157,15293.8,15622.73,0,0
27,CASH_OUT,744.9,C000074,3830.73,3085.84,M000154,9672.77,10417.67,0,0
27,TRANSFER,5671.05,C000259,2088.47,0.0,M000169,10299.49,15970.54,0,0
27,TRANSFER,1563.69,C000063,25934.79,24371.1,M000194,5703.88,7267.58,0,0
27,CASH_OUT,1628.44,C000204,10918.83,9290.39,M000114,3339.27,4967.72,0,0
27,PAYMENT,1104.13,C000237,3745.26,2641.12,M000071,5357.31,6461.44,0,0
27,TRANSFER,1494.01,C000263,9681.5,8187.49,M000017,7877.58,9371.6,0,0
27,PAYMENT,374.24,C000110,924.48,550.23,M000178,7143.69,7517.93,0,0
27,PAYMENT,120.16,C000048,3326.91,3206.75,M000094,10082.09,10202.24,0,0
27,PAYMENT,686.39,C000286,11082.98,10396.6,M000128,6691.2,7377.58,0,0
27,CASH_IN,1511.44,C000219,8451.22,6939.78,M000070,7214.39,8725.83,0,0
27,PAYMENT,270.72,C000152,1790.81,1520.09,M000147,1712.4,1983.13,0,0
27,CASH_OUT,7741.25,C000126,4374.3,0.0,M000112,2631.42,10372.67,0,0
27,PAYMENT,345.62,C000180,10903.45,10557.83,M000052,11396.19,11741.81,0,0
27,TRANSFER,391.56,C000258,22197.87,21806.31,M000053,32973.43,33364.98,0,0
27,CASH_OUT,642.35,C000199,39221.2,38578.85,M000051,7769.94,8412.29,0,0
27,PAYMENT,3632.84,C000070,5626.38,1993.54,M000181,13778.2,17411.04,0,0
27,PAYMENT,318.74,C000214,4474.82,4156.08,M000008,2364.55,2683.29,0,0
27,PAYMENT,1219.76,C000169,9518.66,8298.9,M000156,46027.53,47247.29,0,0
27,CASH_IN,386.54,C000162,2571.37,2184.84,M000004,1314.9,1701.43,0,0
27,PAYMENT,951.97,C000271,2209.13,1257.15,M000141,32516.2,33468.17,0,0
27,PAYMENT,3765.24,C000187,4764.88,999.64,M000096,1381.19,5146.44,0,0
27,TRANSFER,463.18,C000051,9124.5,8661.32,M000113,1572.57,2035.74,0,0
27,CASH_OUT,104.24,C000154,1745.21,1640.97,M000035,1139.59,1243.83,0,0
27,CASH_IN,2749.69,C000066,5342.2,2592.51,M000071,17470.51,20220.21,0,0
27,PAYMENT,558.07,C000009,6951.06,6392.99,M000193,18792.71,19350.78,0,0
27,PAYMENT,1427.27,C000042,5038.06,3610.79,M000139,3171.36,4598.63,0,0
27,PAYMENT,131.62,C000071,4632.06,4500.44,M000143,9291.14,9422.76,0,0
27,CASH_IN,213.03,C000032,10718.87,10505.83,M000042,16115.04,16328.07,0,0
27,TRANSFER,2070.33,C000260,21047.45,18977.12,M000021,4084.47,6154.8,0,0
27,PAYMENT,163.82,C000062,7144.17,6980.36,M000137,2275.31,2439.13,0,0
27,CASH_OUT,146.46,C000120,6986.02,6839.56,M000086,5903.34,6049.8,0,0
27,CASH_OUT,410.46,C000129,753.39,342.93,M000172,2684.54,3095.0,0,0
27,TRANSFER,499.87,C000081,16753.19,16253.32,M000053,3234.71,3734.58,0,0
27,CASH_IN,227.76,C000205,6573.93,6346.18,M000164,8886.92,9114.67,0,0
27,TRANSFER,1122.46,C000247,2739.6,1617.14,M000145,8928.19,10050.65,0,0
27,CASH_IN,1608.32,C000231,5736.03,4127.72,M000000,7330.76,8939.08,0,0
27,TRANSFER,1278.45,C000264,13000.46,11722.02,M000080,12892.7,14171.14,0,0
27,CASH_OUT,848.31,C000286,44112.63,43264.32,M000128,8946.38,9794.69,0,0
27,PAYMENT,203.18,C000276,1284.35,1081.17,M000171,10211.48,10414.65,0,0
27,TRANSFER,207.71,C000266,2364.83,2157.12,M000114,8449.85,8657.56,0,0
27,PAYMENT,92.64,C000221,4161.65,4069.01,M000127,6284.44,6377.07,0,0
27,CASH_OUT,303.5,C000150,1532.78,1229.28,M000163,20089.89,20393.38,0,0
27,CASH_OUT,962.25,C000072,1701.53,739.28,M000141,19173.67,20135.92,0,0
27,CASH_IN,139.28,C000286,3090.06,2950.78,M000123,2726.75,2866.03,0,0
27,TRANSFER,1492.14,C000143,23664.41,22172.27,M000165,8316.13,9808.27,0,0
27,TRANSFER,420.55,C000189,8220.65,7800.1,M000186,14608.39,15028.93,0,0
27,PAYMENT,306.77,C000099,1828.99,1522.22,M000050,4722.25,5029.02,0,0
27,CASH_OUT,263.22,C000229,4093.61,3830.39,M000128,14045.78,14309.0,0,0
27,CASH_IN,513.77,C000003,2182.64,1668.87,M000086,6682.82,7196.59,0,0
27,CASH_IN,1009.79,C000016,591.21,0.0,M000080,19749.42,20759.21,0,0
27,CASH_IN,178.64,C000291,3657.26,3478.62,M000094,12699.17,12877.81,0,0
27,PAYMENT,70.62,C000239,26741.31,26670.69,M000009,3487.39,3558.01,0,0
27,PAYMENT,635.77,C000258,1355.87,720.1,M000038,7217.26,7853.03,0,0
27,TRANSFER,1660.22,C000049,10307.41,8647.19,M000196,3616.86,5277.07,0,0
27,PAYMENT,290.93,C000208,12500.84,12209.91,M000110,7478.12,7769.05,0,0
27,PAYMENT,355.17,C000066,5120.99,4765.82,M000016,17980.35,18335.53,0,0
27,CASH_IN,489.47,C000157,9793.79,9304.31,M000029,3882.19,4371.66,0,0
27,CASH_IN,371.74,C000102,2616.66,2244.92,M000175,11092.49,11464.23,0,0
27,CASH_IN,855.94,C000097,3128.02,2272.09,M000122,2247.06,3103.0,0,0
27,CASH_IN,1252.62,C000085,1421.99,169.37,M000086,9084.0,10336.61,0,0
27,CASH_OUT,284.13,C000190,10752.33,10468.2,M000105,7049.37,7333.51,0,0
27,TRANSFER,77.82,C000156,3135.29,3057.47,M000016,1043.93,1121.75,0,0
27,PAYMENT,246.38,C000017,2228.51,1982.12,M000027,4219.73,4466.11,0,0
27,TRANSFER,548.23,C000037,132018.43,131470.2,M000119,15092.26,15640.49,0,0
27,CASH_IN,1562.17,C000083,2728.31,1166.14,M000069,2207.43,3769.59,0,0
28,DEBIT,6943.91,C000079,19590.06,12646.15,M000120,25490.86,32434.77,0,0
28,CASH_IN,249.98,C000066,2859.44,2609.46,M000078,853.55,1103.53,0,0
28,TRANSFER,117.07,C000013,4320.99,4203.92,M000089,3626.78,3743.85,0,0
28,CASH_IN,541.27,C000253,13766.85,13225.58,M000063,25574.64,26115.91,0,0
28,PAYMENT,415.41,C000100,3405.46,2990.05,M000155,3721.7,4137.11,0,0
28,CASH_IN,2509.01,C000232,4056.38,1547.37,M000140,54496.32,57005.34,0,0
28,PAYMENT,572.21,C000138,1545.53,973.32,M000065,6473.71,7045.92,0,0
28,CASH_OUT,235.83,C000288,4366.09,4130.25,M000075,20426.42,20662.26,0,0
28,PAYMENT,371.44,C000202,1945.24,1573.79,M000169,2418.64,2790.08,0,0
28,TRANSFER,168.51,C000182,1631.48,1462.97,M000013,11868.8,12037.3,0,0
28,DEBIT,781.7,C000003,22699.54,21917.85,M000082,1596.18,2377.88,0,0
28,CASH_OUT,108.28,C000054,881.76,773.48,M000114,1520.96,1629.24,0,0
28,CASH_IN,32.34,C000263,28219.01,28186.67,M000110,16320.11,16352.45,0,0
28,PAYMENT,43.2,C000032,5150.55,5107.35,M000036,10326.93,10370.14,0,0
28,CASH_IN,1661.47,C000125,3721.49,2060.02,M000047,10854.81,12516.28,0,0
28,CASH_OUT,851.85,C000052,1502.52,650.67,M000172,2971.98,3823.83,0,0
28,PAYMENT,412.86,C000186,4915.82,4502.96,M000068,3888.29,4301.16,0,0
28,CASH_OUT,305.97,C000241,22766.78,22460.81,M000145,10077.26,10383.24,0,0
28,PAYMENT,1839.02,C000101,2536.27,697.24,M000174,1183.38,3022.4,0,0
28,TRANSFER,221.93,C000282,18340.97,18119.04,M000096,12523.99,12745.91,0,0
28,TRANSFER,1675.36,C000224,2260.42,585.06,M000064,8100.91,9776.27,0,0
28,PAYMENT,1985.08,C000185,2204.21,219.12,M000051,16366.92,18352.0,0,0
28,TRANSFER,555.52,C000072,10194.36,9638.84,M000025,2469.19,3024.71,0,0
28,TRANSFER,668.79,C000047,4980.1,4311.31,M000115,4706.85,5375.64,0,0
28,CASH_OUT,531.6,C000062,4827.93,4296.34,M000177,22988.65,23520.24,0,0
28,TRANSFER,801.31,C000284,6420.93,5619.62,M000068,3534.45,4335.76,0,0
28,PAYMENT,2332.94,C000035,3511.17,1178.23,M000195,9590.89,11923.82,0,0
28,TRANSFER,176.61,C000069,4590.55,4413.94,M000105,5113.0,5289.61,0,0
28,CASH_IN,639.94,C000169,4316.18,3676.24,M000077,7779.35,8419.29,0,0
28,CASH_OUT,199.45,C000255,10705.52,10506.07,M000124,11495.65,11695.1,0,0
28,CASH_IN,395.47,C000267,2354.18,1958.71,M000180,1903.28,2298.74,0,0
28,CASH_OUT,349.17,C000055,2606.66,2257.49,M000116,6247.01,6596.18,0,0
28,TRANSFER,259.23,C000296,23415.2,23155.98,M000131,22007.1,22266.33,0,0
28,PAYMENT,2336.2,C000007,2314.61,0.0,M000114,9051.01,11387.21,0,0
28,PAYMENT,65.88,C000141,557.34,491.46,M000059,10963.26,11029.14,0,0
28,CASH_OUT,60.64,C000280,8399.81,8339.17,M000068,3054.98,3115.62,0,0
28,TRANSFER,510.71,C000201,8745.14,8234.43,M000189,2105.22,2615.93,0,0
28,PAYMENT,392.12,C000079,616.48,224.36,M000105,17823.45,18215.57,0,0
28,CASH_IN,2762.91,C000145,25031.21,22268.3,M000068,8697.33,11460.24,0,0
28,PAYMENT,153.64,C000070,8490.38,8336.74,M000173,5710.11,5863.75,0,0
28,PAYMENT,2556.39,C000124,3977.2,1420.81,M000154,3930.72,6487.11,0,0
28,CASH_OUT,225.64,C000207,15214.34,14988.7,M000172,6019.22,6244.86,0,0
28,PAYMENT,4727.34,C000282,19205.39,14478.05,M000091,1993.17,6720.5,0,0
28,PAYMENT,77.49,C000252,1614.49,1537.01,M000160,6654.6,6732.08,0,0
28,TRANSFER,257.7,C000127,2411.34,2153.64,M000197,1045.6,1303.3,0,0
28,PAYMENT,319.58,C000084,44037.78,43718.2,M000115,879.08,1198.66,0,0
28,CASH_OUT,74.69,C000130,16583.73,16509.05,M000120,10103.35,10178.04,0,0
28,PAYMENT,375.88,C000034,9272.66,8896.77,M000074,2526.01,2901.89,0,0
28,TRANSFER,42.15,C000182,11983.14,11940.99,M000108,6822.49,6864.64,0,0
28,PAYMENT,448.79,C000214,1413.71,964.93,M000074,6389.81,6838.6,0,0
28,CASH_OUT,727.62,C000286,5326.24,4598.62,M000092,45400.51,46128.14,0,0
28,TRANSFER,233.54,C000197,517.8,284.25,M000099,5165.3,5398.84,0,0
28,TRANSFER,415.73,C000094,2852.45,2436.72,M000188,2053.38,2469.11,0,0
28,PAYMENT,306.55,C000075,2571.91,2265.35,M000169,11500.19,11806.74,0,0
28,PAYMENT,1188.03,C000233,5661.45,4473.42,M000068,1053.41,2241.44,0,0
28,PAYMENT,1470.47,C000246,10944.74,9474.27,M000065,5327.26,6797.73,0,0
28,TRANSFER,131.18,C000075,14869.49,14738.31,M000000,8615.67,8746.85,0,0
28,TRANSFER,173.29,C000285,2145.48,1972.2,M000048,6462.88,6636.16,0,0
28,PAYMENT,1200.02,C000168,5445.72,4245.7,M000161,5824.79,7024.82,0,0
28,PAYMENT,315.18,C000111,9657.78,9342.6,M000081,5748.81,6063.99,0,0
28,CASH_IN,1103.64,C000281,11696.31,10592.67,M000044,26351.13,27454.77,0,0
28,PAYMENT,185.76,C000192,21317.68,21131.91,M000158,10169.75,10355.51,0,0
28,PAYMENT,890.3,C000166,4265.09,3374.78,M000156,11539.71,12430.01,0,0
28,PAYMENT,535.28,C000155,5109.69,4574.41,M000135,5354.09,5889.37,0,0
28,TRANSFER,184.16,C000078,11326.88,11142.71,M000171,20187.97,20372.13,0,0
28,CASH_OUT,471.23,C000064,7381.09,6909.86,M000169,13162.76,13633.99,0,0
28,PAYMENT,736.87,C000090,186.24,0.0,M000158,6541.16,7278.03,0,0
28,PAYMENT,120.2,C000242,2568.9,2448.7,M000051,949.77,1069.97,0,0
28,TRANSFER,2384.01,C000168,4349.87,1965.86,M000002,2264.95,4648.96,0,0
28,PAYMENT,576.77,C000013,2778.42,2201.65,M000096,4825.22,5401.99,0,0
28,PAYMENT,24636.86,C000223,2948.56,0.0,M000016,13455.43,38092.29,0,0
28,CASH_OUT,673.01,C000245,11307.88,10634.87,M000092,4658.55,5331.57,0,0
28,CASH_IN,471.97,C000061,7312.38,6840.41,M000117,1803.47,2275.45,0,0
28,CASH_IN,1100.01,C000210,1361.61,261.6,M000189,7914.79,9014.8,0,0
28,PAYMENT,735.67,C000056,3197.63,2461.97,M000111,1762.86,2498.52,0,0
28,CASH_OUT,474.89,C000080,8597.41,8122.52,M000085,7251.16,7726.06,0,0
28,PAYMENT,682.08,C000108,12840.86,12158.78,M000040,1826.98,2509.06,0,0
28,PAYMENT,1926.88,C000030,1718.48,0.0,M000166,4000.29,5927.17,0,0
28,CASH_OUT,2185.17,C000000,10791.91,8606.74,M000178,2069.27,4254.44,0,0
29,PAYMENT,521.67,C000018,4515.36,3993.7,M000113,469.7,991.37,0,0
29,CASH_OUT,1195.94,C000108,2059.12,863.18,M000175,3972.5,5168.44,0,0
29,CASH_OUT,90.71,C000048,7779.11,7688.4,M000138,5393.4,5484.11,0,0
29,CASH_IN,102.95,C000240,34567.42,34464.47,M000110,701.63,804.58,0,0
29,PAYMENT,2192.76,C000105,1194.11,0.0,M000123,1051.87,3244.63,0,0
29,PAYMENT,342.57,C000201,2014.82,1672.25,M000146,7644.48,7987.06,0,0
29,DEBIT,1576.04,C000191,2158.27,582.23,M000151,3708.44,5284.48,0,0
29,CASH_OUT,754.12,C000298,5558.92,4804.8,M000106,5028.73,5782.85,0,0
29,TRANSFER,461.58,C000247,4769.97,4308.39,M000150,6385.01,6846.59,0,0
29,CASH_OUT,787.67,C000254,6677.21,5889.54,M000026,5022.67,5810.34,0,0
29,TRANSFER,963.89,C000118,2080.23,1116.34,M000044,759.65,1723.54,0,0
29,CASH_IN,352.12,C000261,3343.22,2991.1,M000178,1708.27,2060.39,0,0
29,TRANSFER,58.39,C000212,558.66,500.27,M000009,14000.66,14059.05,0,0
29,TRANSFER,194.71,C000191,2258.75,2064.04,M000044,13246.78,13441.49,0,0
29,CASH_IN,730.99,C000250,3367.75,2636.75,M000085,18479.39,19210.38,0,0
29,TRANSFER,1191.17,C000248,3201.98,2010.81,M000159,19582.82,20773.99,0,0
29,PAYMENT,275.21,C000215,2796.5,2521.29,M000038,25153.56,25428.77,0,0
29,PAYMENT,2751.87,C000149,17455.72,14703.85,M000094,13928.29,16680.16,0,0
29,PAYMENT,1223.65,C000252,1208.36,0.0,M000099,4149.83,5373.48,0,0
29,CASH_OUT,350.22,C000064,4693.54,4343.31,M000005,1749.81,2100.03,0,0
29,PAYMENT,47.73,C000195,2049.35,2001.62,M000069,23136.26,23184.0,0,0
29,TRANSFER,1019.89,C000104,4791.7,3771.82,M000167,1472.75,2492.64,0,0
29,PAYMENT,2890.04,C000186,5147.42,2257.38,M000124,3844.06,6734.1,0,0
29,TRANSFER,2185.08,C000118,5627.63,3442.54,M000156,4321.33,6506.42,0,0
29,CASH_IN,538.36,C000031,1473.23,934.87,M000125,1917.91,2456.27,0,0
29,PAYMENT,135.65,C000294,9264.13,9128.49,M000081,4173.61,4309.26,0,0
29,TRANSFER,802.94,C000244,4345.62,3542.68,M000199,1174.12,1977.06,0,0
29,PAYMENT,916.6,C000062,8387.88,7471.28,M000131,13244.42,14161.02,0,0
29,PAYMENT,4550.5,C000151,4801.56,251.06,M000198,2338.77,6889.27,0,0
29,CASH_OUT,1494.78,C000173,2071.5,576.72,M000036,10421.76,11916.54,0,0
29,CASH_OUT,1338.09,C000124,5022.46,3684.36,M000187,6383.69,7721.78,0,0
29,CASH_OUT,1190.44,C000289,2420.41,1229.96,M000033,4880.25,6070.69,0,0
29,PAYMENT,92.42,C000181,16751.3,16658.89,M000178,12907.5,12999.92,0,0
29,PAYMENT,1552.19,C000033,2756.76,1204.57,M000007,12923.18,14475.37,0,0
29,TRANSFER,5375.36,C000241,7752.12,2376.76,M000042,897.45,6272.81,0,0
29,PAYMENT,95.46,C000122,525.86,430.4,M000014,10634.1,10729.56,0,0
29,TRANSFER,902.58,C000086,7601.37,6698.79,M000115,9056.9,9959.48,0,0
29,PAYMENT,202.47,C000170,3971.77,3769.29,M000066,13335.44,13537.92,0,0
29,CASH_OUT,147.82,C000152,23064.74,22916.92,M000131,21479.11,21626.93,0,0
29,PAYMENT,358.13,C000128,5776.29,5418.16,M000024,1042.45,1400.59,0,0
29,PAYMENT,1018.54,C000148,2570.52,1551.98,M000009,10414.74,11433.28,0,0
29,PAYMENT,243.2,C000290,29066.52,28823.32,M000001,699.02,942.23,0,0
29,CASH_OUT,383.3,C000056,9452.8,9069.5,M000030,3056.13,3439.43,0,0
29,CASH_IN,3865.33,C000080,13366.46,9501.13,M000037,10444.2,14309.53,0,0
29,CASH_OUT,4887.37,C000040,1797.96,0.0,M000063,2462.83,7350.2,0,0
29,CASH_OUT,6594.2,C000136,10992.16,4397.97,M000121,2738.34,9332.54,0,0
29,TRANSFER,593.85,C000295,2145.21,1551.36,M000063,17282.22,17876.06,0,0
29,CASH_OUT,159.69,C000268,7142.47,6982.79,M000181,8489.1,8648.79,0,0
29,DEBIT,905.93,C000175,1174.21,268.29,M000101,27765.21,28671.14,0,0
29,TRANSFER,2120.81,C000182,14016.68,11895.87,M000075,1794.76,3915.57,0,0
29,TRANSFER,3279.18,C000116,1377.52,0.0,M000190,3539.82,6819.01,0,0
29,CASH_IN,151.11,C000064,11427.8,11276.68,M000071,7272.51,7423.63,0,0
29,CASH_OUT,371.13,C000230,4527.66,4156.53,M000095,15134.11,15505.24,0,0
29,TRANSFER,1912.16,C000058,11291.14,9378.98,M000114,2858.76,4770.92,0,0
29,PAYMENT,1264.25,C000150,2274.75,1010.5,M000011,7407.05,8671.3,0,0
29,PAYMENT,1926.76,C000065,1593.71,0.0,M000125,1246.74,3173.5,0,0
29,PAYMENT,791.95,C000055,29030.53,28238.58,M000093,2724.0,3515.95,0,0
29,PAYMENT,1639.72,C000153,21360.48,19720.76,M000172,5282.95,6922.67,0,0
29,CASH_IN,2363.16,C000056,10581.17,8218.01,M000146,13026.62,15389.79,0,0
29,CASH_OUT,249.0,C000235,4289.71,4040.71,M000069,5802.82,6051.82,0,0
29,CASH_OUT,3273.34,C000082,5189.95,1916.61,M000139,8342.34,11615.68,0,0
29,CASH_OUT,2082.23,C000076,5320.07,3237.84,M000137,6245.38,8327.61,0,0
29,PAYMENT,205.94,C000184,371.81,165.87,M000080,998.48,1204.42,0,0
29,DEBIT,1204.58,C000008,16981.77,15777.19,M000141,9536.25,10740.83,0,0
29,CASH_IN,733.35,C000193,1655.83,922.48,M000059,9431.86,10165.21,0,0
29,CASH_IN,726.78,C000129,505.88,0.0,M000105,12133.49,12860.27,0,0
29,TRANSFER,4118.52,C000062,23570.23,19451.72,M000090,3454.29,7572.8,0,0
29,TRANSFER,791.1,C000142,5653.66,4862.56,M000055,16956.82,17747.93,0,0
29,PAYMENT,1290.0,C000100,1275.83,0.0,M000198,1459.64,2749.65,0,0
29,CASH_IN,189.37,C000125,3482.16,3292.79,M000094,568.78,758.16,0,0
29,TRANSFER,1316.74,C000142,13536.72,12219.98,M000107,5283.33,6600.07,0,0
29,TRANSFER,223.52,C000050,3495.06,3271.54,M000181,10577.69,10801.21,0,0
29,PAYMENT,22712.11,C000228,11909.75,0.0,M000102,1048.97,23761.08,1,0
29,PAYMENT,2468.23,C000011,7199.15,4730.93,M000097,2435.01,4903.23,0,0
29,TRANSFER,170.64,C000061,10405.13,10234.49,M000097,2624.22,2794.86,0,0
29,TRANSFER,219.64,C000210,2582.35,2362.7,M000014,11892.51,12112.15,0,0
29,CASH_IN,349.15,C000008,4212.02,3862.87,M000002,14521.76,14870.9,0,0
29,PAYMENT,1562.02,C000299,7904.57,6342.55,M000084,15402.43,16964.46,0,0
30,PAYMENT,481.94,C000138,11275.92,10793.97,M000085,11070.23,11552.17,0,0
30,PAYMENT,235.48,C000096,3736.3,3500.82,M000031,25432.19,25667.67,0,0
30,PAYMENT,99.84,C000173,8529.49,8429.65,M000053,1873.98,1973.82,0,0
30,CASH_OUT,838.79,C000255,2377.61,1538.82,M000042,26901.96,27740.74,0,0
30,CASH_OUT,251.68,C000104,9830.42,9578.74,M000189,2024.33,2276.01,0,0
30,CASH_OUT,1500.46,C000243,1009.36,0.0,M000083,3635.44,5135.9,0,0
30,CASH_IN,1665.46,C000144,11995.04,10329.57,M000028,7840.42,9505.88,0,0
30,PAYMENT,2007.97,C000210,5586.09,3578.12,M000012,18646.22,20654.19,0,0
30,PAYMENT,1134.29,C000237,2853.58,1719.29,M000185,8994.57,10128.86,0,0
30,CASH_IN,2263.17,C000109,2353.68,90.51,M000139,18150.43,20413.6,0,0
30,PAYMENT,530.44,C000030,30186.87,29656.43,M000040,690.99,1221.43,0,0
30,CASH_IN,83.29,C000168,3044.61,2961.32,M000099,3091.6,3174.9,0,0
30,CASH_IN,1214.57,C000078,1837.87,623.29,M000179,12174.4,13388.97,0,0
30,CASH_IN,180.19,C000139,1653.96,1473.78,M000083,2899.56,3079.74,0,0
30,PAYMENT,152.0,C000115,7071.74,6919.74,M000127,1479.47,1631.47,0,0
30,TRANSFER,427.13,C000215,4728.27,4301.14,M000094,4316.96,4744.1,0,0
30,PAYMENT,1176.45,C000289,43835.74,42659.3,M000172,838.98,2015.42,0,0
30,PAYMENT,156.0,C000075,1600.0,1444.0,M000130,8331.63,8487.63,0,0
30,PAYMENT,357.25,C000253,1190.69,833.44,M000175,6916.28,7273.52,0,0
30,PAYMENT,2003.36,C000063,7867.24,5863.88,M000058,3634.09,5637.45,0,0
30,CASH_IN,1991.11,C000031,1953.7,0.0,M000064,1658.15,3649.26,0,0
30,PAYMENT,821.05,C000062,5234.57,4413.52,M000150,10454.29,11275.34,0,0
30,PAYMENT,822.23,C000263,2931.13,2108.89,M000192,7535.78,8358.01,0,0
30,PAYMENT,800.43,C000210,1838.38,1037.96,M000116,27585.64,28386.06,0,0
30,CASH_IN,397.18,C000006,4786.47,4389.29,M000022,7113.04,7510.22,0,0
30,PAYMENT,997.1,C000257,2761.97,1764.86,M000148,6886.38,7883.49,0,0
30,DEBIT,397.43,C000197,4381.15,3983.72,M000143,1268.02,1665.45,0,0
30,CASH_IN,34.66,C000037,458.07,423.41,M000033,4635.78,4670.45,0,0
30,PAYMENT,99.51,C000295,2521.97,2422.45,M000196,10099.42,10198.93,0,0
30,DEBIT,789.63,C000036,193.11,0.0,M000029,6997.75,7787.38,0,0
30,CASH_OUT,560.6,C000234,5460.7,4900.1,M000154,32856.74,33417.35,0,0
30,PAYMENT,326.28,C000255,7278.83,6952.55,M000100,7091.32,7417.6,0,0
30,TRANSFER,714.72,C000050,4110.61,3395.9,M000036,1890.46,2605.17,0,0
30,TRANSFER,1192.99,C000071,2723.04,1530.04,M000020,6477.26,7670.25,0,0
30,PAYMENT,823.99,C000087,19556.26,18732.27,M000119,7227.29,8051.28,0,0
30,TRANSFER,612.24,C000003,4844.53,4232.29,M000070,7607.66,8219.9,0,0
30,CASH_OUT,310.36,C000171,12433.37,12123.01,M000165,4659.16,4969.52,0,0
30,TRANSFER,130.25,C000083,844.43,714.18,M000060,6245.61,6375.86,0,0
30,TRANSFER,738.94,C000299,925.57,186.63,M000000,9685.44,10424.38,0,0
30,CASH_OUT,647.32,C000198,6639.8,5992.48,M000107,1794.65,2441.97,0,0
30,CASH_OUT,419.95,C000155,4992.28,4572.33,M000080,3655.21,4075.16,0,0
30,CASH_OUT,434.0,C000142,3184.29,2750.29,M000051,20458.77,20892.77,0,0
30,PAYMENT,206.68,C000107,2653.09,2446.41,M000180,25772.66,25979.34,0,0
30,CASH_IN,2709.77,C000186,18952.77,16243.01,M000133,6895.12,9604.88,0,0
30,CASH_IN,258.48,C000252,2935.42,2676.94,M000010,3829.92,4088.4,0,0
30,PAYMENT,256.58,C000253,2159.25,1902.67,M000000,5482.99,5739.57,0,0
30,CASH_IN,2589.44,C000107,3053.96,464.52,M000122,5338.17,7927.61,0,0
30,DEBIT,31.86,C000088,6611.18,6579.31,M000073,6936.21,6968.07,0,0
30,PAYMENT,1334.61,C000292,746.32,0.0,M000069,5117.98,6452.6,0,0
30,PAYMENT,408.42,C000249,12805.31,12396.89,M000021,1513.94,1922.36,0,0
30,PAYMENT,3483.95,C000182,3527.41,43.46,M000091,8765.1,12249.05,0,0
30,PAYMENT,139.36,C000021,3545.76,3406.41,M000043,6269.2,6408.56,0,0
30,CASH_IN,415.5,C000262,915.67,500.17,M000009,10182.67,10598.17,0,0
30,PAYMENT,2291.96,C000165,9746.44,7454.48,M000092,4151.82,6443.77,0,0
30,PAYMENT,1230.89,C000144,19818.29,18587.4,M000156,67500.45,68731.34,0,0
30,PAYMENT,284.29,C000199,4436.5,4152.21,M000005,10135.44,10419.73,0,0
30,PAYMENT,322.14,C000260,2204.43,1882.29,M000163,33247.32,33569.46,0,0
30,PAYMENT,437.47,C000030,1366.65,929.18,M000115,10905.97,11343.44,0,0
30,PAYMENT,291.58,C000234,3116.08,2824.5,M000051,2744.59,3036.17,0,0
30,TRANSFER,256.84,C000297,7128.94,6872.09,M000104,65633.06,65889.9,0,0
30,CASH_IN,930.3,C000068,9758.83,8828.53,M000121,7206.33,8136.63,0,0
30,CASH_OUT,75.85,C000185,4669.93,4594.08,M000025,36311.81,36387.66,0,0
30,PAYMENT,1634.63,C000239,22177.7,20543.07,M000175,2700.02,4334.65,0,0
30,PAYMENT,4796.53,C000263,320.41,0.0,M000083,9431.72,14228.25,0,0
30,CASH_IN,1111.34,C000142,13876.31,12764.97,M000141,2682.25,3793.58,0,0
30,TRANSFER,215.12,C000056,2458.23,2243.11,M000041,2389.24,2604.35,0,0
30,PAYMENT,1953.31,C000124,2341.18,387.87,M000199,852.08,2805.39,0,0
30,CASH_IN,692.0,C000292,1348.17,656.18,M000159,8210.22,8902.21,0,0
30,DEBIT,514.22,C000204,6685.71,6171.49,M000043,41998.28,42512.5,0,0
30,CASH_IN,261.62,C000159,1350.73,1089.11,M000095,873.95,1135.57,0,0
30,PAYMENT,263.87,C000124,6391.83,6127.96,M000006,5101.17,5365.03,0,0
30,CASH_OUT,452.49,C000048,32760.61,32308.12,M000054,18470.01,18922.5,0,0
30,TRANSFER,60.94,C000147,2945.76,2884.82,M000098,14843.88,14904.83,0,0
30,DEBIT,813.74,C000055,2358.61,1544.87,M000147,17319.4,18133.14,0,0
30,PAYMENT,475.16,C000021,1405.31,930.15,M000167,643.27,1118.42,0,0
30,TRANSFER,6206.52,C000127,7254.69,1048.17,M000109,3461.53,9668.05,1,0
30,CASH_OUT,313.68,C000023,3809.95,3496.27,M000170,5969.1,6282.78,0,0
30,PAYMENT,651.95,C000027,969.66,317.7,M000090,3544.68,4196.63,0,0
30,PAYMENT,1424.63,C000272,1040.1,0.0,M000193,442.12,1866.75,0,0
30,TRANSFER,423.75,C000240,23341.45,22917.7,M000183,2874.36,3298.11,0,0
30,PAYMENT,1014.08,C000245,3883.27,2869.18,M000018,8029.76,9043.84,0,0
30,CASH_OUT,1051.35,C000088,3933.91,2882.56,M000180,32543.92,33595.26,0,0
30,TRANSFER,145.17,C000299,2977.4,2832.23,M000193,8413.7,8558.88,0,0
30,DEBIT,356.88,C000254,46338.92,45982.04,M000144,2236.73,2593.61,0,0
30,PAYMENT,781.29,C000090,715.4,0.0,M000037,31791.84,32573.13,0,0
30,TRANSFER,495.58,C000158,3876.93,3381.36,M000021,1847.67,2343.25,0,0
30,PAYMENT,885.76,C000152,2126.41,1240.65,M000199,10959.74,11845.5,0,0
30,CASH_OUT,1072.19,C000092,11060.12,9987.93,M000122,14978.68,16050.87,0,0
30,PAYMENT,344.43,C000032,19464.35,19119.92,M000117,6276.8,6621.23,0,0
30,PAYMENT,297.84,C000215,14036.8,13738.96,M000161,5606.74,5904.58,0,0
30,TRANSFER,698.34,C000285,12462.68,11764.34,M000047,21113.46,21811.8,0,0
30,PAYMENT,1379.34,C000224,3203.21,1823.87,M000115,3018.6,4397.94,0,0
30,PAYMENT,403.25,C000109,17518.76,17115.52,M000030,2416.69,2819.93,0,0
30,TRANSFER,215.65,C000105,16043.4,15827.76,M000087,10919.2,11134.85,0,0
30,CASH_OUT,390.4,C000227,14138.53,13748.13,M000004,5392.72,5783.12,1,0
30,TRANSFER,592.69,C000285,1163.69,571.0,M000120,4111.39,4704.08,0,0
30,TRANSFER,34.71,C000137,5120.82,5086.11,M000152,1696.82,1731.53,0,0
30,CASH_OUT,646.01,C000189,3182.18,2536.16,M000088,2334.41,2980.43,0,0
31,PAYMENT,23956.86,C000011,4572.91,0.0,M000178,7446.61,31403.47,1,0
31,CASH_IN,2500.2,C000001,3147.03,646.84,M000016,6938.67,9438.86,0,0
31,PAYMENT,461.82,C000129,2624.37,2162.54,M000054,7046.09,7507.91,0,0
31,PAYMENT,213.96,C000185,4201.82,3987.86,M000014,3646.31,3860.27,0,0
31,PAYMENT,947.71,C000146,1310.69,362.98,M000087,6759.33,7707.04,0,0
31,TRANSFER,1642.29,C000092,11349.39,9707.1,M000098,4248.4,5890.69,0,0
31,PAYMENT,577.18,C000289,4529.32,3952.14,M000099,4832.7,5409.87,0,0
31,TRANSFER,1955.25,C000102,9951.52,7996.26,M000070,13213.21,15168.46,0,0
31,CASH_IN,215.5,C000248,19113.56,18898.06,M000083,2914.05,3129.55,0,0
31,TRANSFER,245.06,C000030,740.91,495.85,M000030,6949.8,7194.86,0,0
31,CASH_OUT,407.67,C000228,4968.86,4561.18,M000071,3084.96,3492.64,0,0
31,CASH_OUT,446.09,C000126,2051.03,1604.95,M000033,7775.78,8221.86,0,0
31,CASH_OUT,891.74,C000073,6445.89,5554.14,M000146,4585.02,5476.77,0,0
31,TRANSFER,704.76,C000262,5618.73,4913.97,M000108,5891.33,6596.09,0,0
31,CASH_OUT,138.17,C000164,7802.57,7664.4,M000130,7401.65,7539.82,0,0
31,PAYMENT,2571.43,C000023,1236.28,0.0,M000091,90329.63,92901.06,0,0
31,TRANSFER,543.81,C000032,4218.29,3674.48,M000143,10456.05,10999.86,0,0
31,CASH_IN,220.08,C000044,2271.33,2051.26,M000078,11194.75,11414.83,0,0
31,TRANSFER,148.89,C000180,51203.03,51054.14,M000141,4167.07,4315.96,0,0
31,PAYMENT,266.76,C000080,5563.76,5297.0,M000044,1324.15,1590.91,0,0
31,CASH_IN,510.19,C000181,3857.44,3347.26,M000061,3432.81,3943.0,0,0
31,CASH_IN,2092.84,C000296,8109.45,6016.6,M000019,3067.62,5160.46,0,0
31,PAYMENT,203.03,C000268,10448.06,10245.02,M000068,2754.74,2957.77,0,0
31,PAYMENT,312.77,C000298,7845.05,7532.28,M000146,3163.21,3475.98,0,0
31,PAYMENT,2165.0,C000243,11346.86,9181.86,M000107,10420.93,12585.93,0,0
31,CASH_IN,547.82,C000147,1432.56,884.74,M000193,4151.46,4699.28,0,0
31,CASH_IN,636.8,C000135,5960.36,5323.56,M000122,21979.41,22616.22,0,0
31,CASH_OUT,245.45,C000140,2660.12,2414.67,M000061,3599.35,3844.8,0,0
31,PAYMENT,53.26,C000089,6642.6,6589.34,M000019,2418.79,2472.05,0,0
31,CASH_IN,745.13,C000049,2404.87,1659.74,M000186,13828.21,14573.35,0,0
31,CASH_OUT,261.06,C000204,34719.55,34458.5,M000041,6038.64,6299.7,0,0
31,CASH_IN,1116.21,C000095,4096.89,2980.68,M000177,5286.35,6402.56,0,0
31,PAYMENT,177.42,C000120,1058.71,881.29,M000157,4340.43,4517.85,0,0
31,PAYMENT,382.28,C000053,3023.47,2641.18,M000133,2554.02,2936.31,0,0
31,PAYMENT,766.42,C000131,2963.87,2197.44,M000199,1022.29,1788.71,0,0
31,TRANSFER,30.58,C000227,3404.95,3374.37,M000137,1643.56,1674.14,0,0
31,CASH_IN,1053.93,C000163,3347.62,2293.69,M000165,13955.51,15009.45,0,0
31,CASH_IN,1774.01,C000037,17306.42,15532.41,M000087,11620.45,13394.46,0,0
31,PAYMENT,2197.54,C000004,1567.04,0.0,M000172,24599.37,26796.91,0,0
31,CASH_IN,4108.46,C000204,13131.46,9023.01,M000051,3663.86,7772.31,0,0
31,TRANSFER,2609.94,C000041,6867.3,4257.36,M000085,5965.73,8575.67,0,0
31,PAYMENT,313.97,C000115,9490.61,9176.64,M000041,4162.42,4476.39,0,0
31,TRANSFER,1193.45,C000270,4159.15,2965.7,M000123,10066.17,11259.62,0,0
31,CASH_IN,872.29,C000179,10630.02,9757.72,M000176,36033.83,36906.13,0,0
31,CASH_IN,386.2,C000184,4870.05,4483.85,M000046,10380.22,10766.42,0,0
31,CASH_IN,260.79,C000289,21340.53,21079.74,M000001,11231.59,11492.38,0,0
31,TRANSFER,878.05,C000042,11186.02,10307.97,M000086,6681.38,7559.43,0,0
31,CASH_OUT,317.17,C000284,26877.51,26560.34,M000079,4285.78,4602.95,0,0
31,TRANSFER,331.62,C000230,5225.4,4893.78,M000059,14417.96,14749.58,0,0
31,CASH_IN,794.01,C000186,7309.54,6515.52,M000195,4444.68,5238.69,0,0
31,CASH_OUT,295.18,C000165,7973.16,7677.98,M000193,26747.38,27042.57,0,0
31,TRANSFER,957.9,C000286,2801.42,1843.53,M000031,3972.04,4929.94,0,0
31,PAYMENT,399.57,C000189,1852.72,1453.14,M000074,1559.52,1959.09,0,0
31,PAYMENT,1304.5,C000183,5694.78,4390.27,M000070,3196.83,4501.33,0,0
31,PAYMENT,1148.75,C000213,1883.57,734.81,M000074,28348.48,29497.23,0,0
31,PAYMENT,376.06,C000265,11906.05,11530.0,M000002,1897.2,2273.25,0,0
31,TRANSFER,788.56,C000227,8857.39,8068.83,M000102,7419.78,8208.35,0,0
31,PAYMENT,826.57,C000195,86110.15,85283.58,M000157,5655.17,6481.74,0,0
31,PAYMENT,782.48,C000290,7839.81,7057.33,M000124,4635.9,5418.37,0,0
31,PAYMENT,579.77,C000066,22514.58,21934.8,M000087,9851.42,10431.19,0,0
31,TRANSFER,368.07,C000277,2339.63,1971.55,M000124,16603.05,16971.12,0,0
31,PAYMENT,862.84,C000087,2238.41,1375.58,M000035,1696.32,2559.16,0,0
31,TRANSFER,699.96,C000279,11452.31,10752.35,M000140,2507.84,3207.8,0,0
31,CASH_IN,386.71,C000265,33118.48,32731.77,M000150,4812.29,5199.01,0,0
31,PAYMENT,742.3,C000080,10705.64,9963.34,M000168,3449.89,4192.19,0,0
31,CASH_IN,188.99,C000232,7089.11,6900.13,M000186,1586.0,1774.99,0,0
31,CASH_OUT,296.59,C000262,7548.15,7251.57,M000197,15380.56,15677.15,0,0
31,TRANSFER,1302.17,C000031,3155.48,1853.31,M000012,22569.64,23871.8,0,0
31,CASH_OUT,962.57,C000138,11526.62,10564.04,M000186,4611.98,5574.55,0,0
31,CASH_IN,493.62,C000220,1773.97,1280.35,M000178,13089.53,13583.15,0,0
31,TRANSFER,195.6,C000006,3031.77,2836.17,M000106,966.78,1162.39,0,0
31,PAYMENT,955.46,C000048,3301.95,2346.5,M000185,11832.39,12787.85,0,0
31,PAYMENT,869.11,C000153,513.63,0.0,M000129,28631.03,29500.14,0,0
31,CASH_IN,286.61,C000159,5516.92,5230.3,M000152,7204.84,7491.45,0,0
31,PAYMENT,496.72,C000125,963.61,466.89,M000010,27645.6,28142.32,0,0
31,TRANSFER,1414.36,C000014,13018.78,11604.42,M000104,2040.05,3454.41,0,0
31,CASH_IN,565.58,C000257,3156.71,2591.14,M000082,22693.11,23258.69,0,0
31,PAYMENT,707.95,C000075,9847.93,9139.98,M000148,2944.96,3652.91,0,0
31,PAYMENT,842.83,C000163,8405.02,7562.19,M000042,8390.96,9233.8,0,0
31,CASH_OUT,4963.43,C000121,4826.32,0.0,M000194,1863.94,6827.37,0,0
31,PAYMENT,385.14,C000089,5803.34,5418.2,M000178,1938.37,2323.51,0,0
32,CASH_OUT,127.7,C000073,6624.05,6496.35,M000070,6031.72,6159.42,0,0
32,PAYMENT,47.55,C000009,4160.83,4113.28,M000091,5653.56,5701.11,0,0
32,PAYMENT,1857.13,C000292,12131.76,10274.63,M000078,4192.12,6049.26,0,0
32,CASH_OUT,585.27,C000045,2871.94,2286.67,M000090,7631.26,8216.53,0,0
32,TRANSFER,706.59,C000130,1499.26,792.67,M000158,6051.92,6758.52,0,0
32,PAYMENT,621.26,C000033,2796.21,2174.95,M000013,64422.51,65043.77,0,0
32,PAYMENT,681.9,C000276,5352.87,4670.96,M000011,1038.66,1720.56,0,0
32,PAYMENT,869.29,C000104,11728.76,10859.47,M000129,1444.59,2313.88,0,0
32,PAYMENT,221.12,C000039,3348.41,3127.29,M000058,11466.2,11687.32,0,0
32,CASH_OUT,632.67,C000060,9530.36,8897.7,M000139,28823.49,29456.16,0,0
32,PAYMENT,1485.38,C000272,9182.29,7696.91,M000000,15525.16,17010.53,0,0
32,PAYMENT,294.58,C000036,18200.1,17905.53,M000017,2425.5,2720.08,0,0
32,PAYMENT,1815.98,C000210,8146.68,6330.7,M000185,6166.76,7982.74,0,0
32,TRANSFER,384.53,C000110,6224.21,5839.68,M000039,12779.36,13163.89,0,0
32,CASH_OUT,1566.21,C000214,1815.58,249.37,M000115,4654.78,6220.99,0,0
32,PAYMENT,4242.22,C000052,24032.65,19790.44,M000173,29300.33,33542.54,0,0
32,PAYMENT,393.41,C000200,4197.0,3803.59,M000118,1438.54,1831.95,0,0
32,CASH_OUT,446.92,C000280,1595.56,1148.63,M000194,6176.04,6622.96,0,0
32,CASH_OUT,498.27,C000053,11286.62,10788.34,M000064,1280.59,1778.86,0,0
32,PAYMENT,111.5,C000103,2866.04,2754.54,M000152,4199.49,4310.98,0,0
32,TRANSFER,302.52,C000249,335.34,32.82,M000053,11946.35,12248.87,0,0
32,PAYMENT,1352.3,C000275,6721.4,5369.1,M000045,5145.8,6498.1,0,0
32,PAYMENT,226.13,C000159,33082.34,32856.21,M000148,9085.86,9311.99,0,0
32,CASH_OUT,908.06,C000082,7915.12,7007.06,M000151,5914.51,6822.57,0,0
32,TRANSFER,499.2,C000029,5699.62,5200.41,M000174,7983.5,8482.7,0,0
32,CASH_OUT,1807.37,C000109,17096.64,15289.27,M000169,3245.09,5052.47,0,0
32,PAYMENT,429.97,C000224,6102.17,5672.2,M000129,14973.42,15403.39,0,0
32,PAYMENT,473.09,C000152,4606.89,4133.8,M000126,44103.45,44576.54,0,0
32,CASH_IN,676.77,C000162,7713.74,7036.97,M000079,955.01,1631.78,0,0
32,PAYMENT,709.51,C000257,3091.18,2381.68,M000142,4572.35,5281.86,0,0
32,TRANSFER,307.94,C000141,3834.58,3526.65,M000128,2160.8,2468.73,0,0
32,PAYMENT,50.36,C000236,21827.15,21776.79,M000069,8950.52,9000.88,0,0
32,CASH_OUT,698.6,C000192,20014.13,19315.53,M000132,4487.76,5186.36,0,0
32,TRANSFER,479.86,C000280,3416.05,2936.18,M000141,29250.7,29730.56,0,0
32,CASH_OUT,903.69,C000212,11757.73,10854.05,M000025,19351.18,20254.87,0,0
32,DEBIT,52.49,C000092,20451.81,20399.31,M000102,1896.99,1949.48,0,0
32,CASH_IN,656.33,C000134,8166.34,7510.01,M000075,2363.96,3020.29,0,0
32,CASH_OUT,3445.16,C000217,3951.83,506.67,M000040,4151.94,7597.1,0,0
32,PAYMENT,843.79,C000156,9611.35,8767.55,M000019,14986.87,15830.66,0,0
32,CASH_IN,619.81,C000081,1824.92,1205.11,M000147,45542.5,46162.31,0,0
32,CASH_IN,1005.01,C000093,11318.6,10313.59,M000110,6779.54,7784.55,0,0
32,PAYMENT,373.3,C000002,3231.25,2857.95,M000186,3529.84,3903.14,0,0
32,PAYMENT,822.07,C000146,14100.83,13278.76,M000067,4403.08,5225.14,0,0
32,CASH_OUT,1057.59,C000284,10276.16,9218.57,M000056,8552.61,9610.19,0,0
32,CASH_OUT,328.54,C000155,13258.37,12929.84,M000121,1052.08,1380.61,0,0
32,TRANSFER,1783.91,C000171,38266.5,36482.6,M000033,8543.05,10326.96,0,0
32,CASH_IN,179.44,C000235,4004.06,3824.62,M000089,11089.7,11269.14,0,0
32,PAYMENT,2895.72,C000109,7151.56,4255.84,M000062,3882.78,6778.5,0,0
32,CASH_OUT,352.41,C000278,2209.6,1857.19,M000045,12064.18,12416.59,0,0
32,PAYMENT,1425.36,C000290,5739.38,4314.01,M000120,5656.12,7081.49,0,0
32,PAYMENT,434.37,C000183,3799.14,3364.77,M000193,3579.72,4014.09,0,0
32,CASH_OUT,1400.12,C000052,10503.74,9103.62,M000159,10797.04,12197.16,0,0
32,PAYMENT,516.14,C000145,579.95,63.81,M000090,5975.34,6491.47,0,0
32,CASH_IN,554.11,C000287,6159.59,5605.47,M000180,4964.92,5519.03,0,0
32,PAYMENT,3020.98,C000156,2402.82,0.0,M000019,6969.48,9990.46,0,0
32,CASH_IN,1055.5,C000064,2321.98,1266.47,M000157,25147.84,26203.34,0,0
32,PAYMENT,320.32,C000068,15279.21,14958.88,M000055,7353.75,7674.07,0,0
32,TRANSFER,134.61,C000225,3591.96,3457.35,M000066,3425.02,3559.62,0,0
32,PAYMENT,155.77,C000253,5219.1,5063.32,M000169,15339.89,15495.66,0,0
32,TRANSFER,39.54,C000047,14252.69,14213.15,M000115,27592.8,27632.34,0,0
32,CASH_IN,27.55,C000022,10954.43,10926.87,M000150,3149.63,3177.19,0,0
32,TRANSFER,334.53,C000142,15450.21,15115.68,M000168,5540.37,5874.91,0,0
32,PAYMENT,1134.22,C000016,5361.01,4226.79,M000024,9011.01,10145.23,0,0
32,PAYMENT,375.52,C000087,7477.42,7101.91,M000061,9621.54,9997.05,0,0
32,TRANSFER,1036.81,C000175,5637.52,4600.71,M000140,5382.77,6419.58,0,0
32,CASH_OUT,579.18,C000093,3763.96,3184.78,M000085,3504.1,4083.27,0,0
32,PAYMENT,383.41,C000044,610.59,227.18,M000085,12242.01,12625.42,0,0
32,CASH_OUT,238.2,C000150,2793.73,2555.54,M000130,10587.65,10825.84,0,0
32,CASH_OUT,973.92,C000018,23826.75,22852.83,M000030,15802.36,16776.27,0,0
32,PAYMENT,386.53,C000019,7971.27,7584.74,M000187,5525.7,5912.23,0,0
32,PAYMENT,180.14,C000203,3805.3,3625.16,M000082,2930.48,3110.62,0,0
32,PAYMENT,595.07,C000107,5645.12,5050.05,M000117,11918.47,12513.54,0,0
32,TRANSFER,279.98,C000012,4531.84,4251.85,M000142,8445.61,8725.59,0,0
32,PAYMENT,387.09,C000086,8586.05,8198.96,M000191,1863.96,2251.05,0,0
32,CASH_OUT,528.29,C000265,751.19,222.9,M000198,2475.91,3004.2,0,0
32,PAYMENT,288.34,C000035,1963.29,1674.95,M000138,7261.15,7549.49,0,0
32,PAYMENT,2235.49,C000225,19663.58,17428.1,M000090,10433.24,12668.72,0,0
32,CASH_OUT,701.88,C000069,17351.67,16649.79,M000156,10121.06,10822.94,0,0
32,PAYMENT,529.87,C000056,966.06,436.19,M000099,3875.78,4405.64,0,0
32,CASH_IN,981.72,C000193,3408.17,2426.45,M000193,98784.19,99765.91,0,0
32,CASH_IN,6457.25,C000166,2515.46,0.0,M000077,5605.67,12062.92,0,0
32,TRANSFER,2385.57,C000217,28106.03,25720.46,M000080,2027.01,4412.58,0,0
32,TRANSFER,188.92,C000045,939.42,750.5,M000111,21846.87,22035.79,0,0
32,CASH_OUT,373.66,C000139,4902.29,4528.63,M000150,11977.29,12350.95,0,0
32,CASH_OUT,223.3,C000226,13758.83,13535.53,M000074,10391.47,10614.77,0,0
32,PAYMENT,725.89,C000119,8970.13,8244.24,M000065,8439.63,9165.51,0,0
32,TRANSFER,297.21,C000014,5523.59,5226.38,M000195,4397.12,4694.33,0,0
32,PAYMENT,166.49,C000194,8355.13,8188.64,M000103,1981.35,2147.84,0,0
32,CASH_OUT,160.16,C000291,6183.06,6022.9,M000061,20822.79,20982.95,0,0
32,PAYMENT,312.76,C000191,18078.53,17765.77,M000039,2853.94,3166.7,0,0
32,CASH_OUT,199.02,C000218,3395.63,3196.61,M000179,8743.0,8942.02,0,0
32,CASH_IN,1913.7,C000177,4214.14,2300.45,M000015,11692.65,13606.35,0,0
32,TRANSFER,301.3,C000001,3042.14,2740.84,M000039,2198.05,2499.35,0,0
32,PAYMENT,1397.67,C000190,1993.84,596.17,M000066,5897.54,7295.21,0,0
32,PAYMENT,107.92,C000210,2906.0,2798.07,M000196,3128.01,3235.94,0,0
33,CASH_IN,266.53,C000166,11332.89,11066.35,M000094,7574.13,7840.66,0,0
33,CASH_OUT,301.04,C000190,2351.16,2050.12,M000071,4414.41,4715.45,0,0
33,PAYMENT,1051.1,C000245,4994.04,3942.94,M000030,12630.34,13681.44,0,0
33,CASH_IN,6141.69,C000051,2624.93,0.0,M000177,5307.19,11448.89,0,0
33,CASH_IN,400.73,C000295,6753.36,6352.63,M000090,5815.11,6215.85,0,0
33,TRANSFER,1025.65,C000121,5319.13,4293.48,M000196,2624.62,3650.28,0,0
33,PAYMENT,855.71,C000129,31702.87,30847.16,M000163,40056.74,40912.45,0,0
33,CASH_OUT,2293.35,C000168,2930.38,637.03,M000019,10296.27,12589.61,0,0
33,TRANSFER,288.84,C000211,8467.94,8179.09,M000152,8044.16,8333.0,0,0
33,PAYMENT,440.59,C000146,1589.63,1149.04,M000064,45475.89,45916.47,0,0
33,PAYMENT,631.93,C000139,3690.06,3058.13,M000075,1588.86,2220.79,0,0
33,PAYMENT,337.34,C000099,11003.98,10666.64,M000151,1272.97,1610.3,0,0
33,PAYMENT,261.85,C000200,1673.59,1411.75,M000075,32441.14,32702.98,0,0
33,CASH_OUT,407.29,C000235,7657.51,7250.22,M000018,7286.19,7693.48,0,0
33,TRANSFER,765.8,C000241,34784.51,34018.71,M000109,11005.85,11771.65,0,0
33,PAYMENT,369.72,C000057,3938.98,3569.26,M000014,2761.79,3131.51,0,0
33,PAYMENT,816.38,C000181,7143.97,6327.59,M000100,12391.99,13208.37,0,0
33,PAYMENT,1632.25,C000053,5119.55,3487.29,M000080,17781.62,19413.87,0,0
33,TRANSFER,2024.2,C000178,1116.12,0.0,M000151,10179.47,12203.67,0,0
33,TRANSFER,127.9,C000132,6254.61,6126.71,M000115,708.74,836.64,0,0
33,TRANSFER,771.26,C000086,5762.76,4991.51,M000028,9390.73,10161.98,0,0
33,TRANSFER,321.33,C000182,3176.78,2855.46,M000087,9456.93,9778.26,0,0
33,PAYMENT,2033.97,C000073,20545.47,18511.51,M000081,11735.15,13769.12,0,0
33,PAYMENT,85.76,C000072,6318.05,6232.29,M000068,6706.02,6791.78,0,0
33,CASH_OUT,469.26,C000198,2412.7,1943.44,M000116,15298.95,15768.21,0,0
33,CASH_OUT,454.13,C000277,6040.62,5586.49,M000039,5594.99,6049.11,0,0
33,PAYMENT,595.91,C000103,1296.49,700.57,M000002,14804.95,15400.86,0,0
33,CASH_OUT,580.11,C000219,5230.54,4650.44,M000177,4697.82,5277.92,0,0
33,CASH_IN,1240.15,C000036,2067.91,827.77,M000149,3423.74,4663.89,0,0
33,PAYMENT,557.23,C000213,3187.89,2630.66,M000140,7456.45,8013.68,0,0
33,TRANSFER,718.26,C000095,5494.12,4775.86,M000079,5815.22,6533.48,0,0
33,PAYMENT,1077.47,C000019,4248.89,3171.42,M000119,9237.8,10315.27,0,0
33,TRANSFER,77.63,C000211,14159.75,14082.12,M000167,11487.09,11564.72,0,0
33,TRANSFER,3272.23,C000149,1359.12,0.0,M000165,9266.99,12539.22,1,0
33,CASH_IN,134.11,C000034,6768.32,6634.21,M000105,17155.14,17289.26,0,0
33,PAYMENT,4664.2,C000126,9061.43,4397.24,M000181,4371.15,9035.34,0,0
33,PAYMENT,679.29,C000156,5509.57,4830.28,M000092,18917.81,19597.1,0,0
33,CASH_IN,517.69,C000220,1184.81,667.12,M000021,19806.37,20324.07,0,0
33,CASH_OUT,204.68,C000264,7051.02,6846.34,M000016,4764.37,4969.05,0,0
33,CASH_OUT,1408.57,C000026,3640.86,2232.29,M000100,12009.2,13417.77,0,0
33,TRANSFER,1824.75,C000106,5769.36,3944.61,M000161,14547.68,16372.43,0,0
33,PAYMENT,17782.16,C000191,13177.3,0.0,M000162,10597.61,28379.77,1,0
33,PAYMENT,308.5,C000126,3498.82,3190.32,M000147,11103.94,11412.44,0,0
33,PAYMENT,6122.93,C000269,1875.88,0.0,M000000,3069.3,9192.23,0,0
33,CASH_OUT,209.65,C000149,2803.29,2593.63,M000113,9728.14,9937.8,0,0
33,TRANSFER,141.85,C000091,5473.67,5331.82,M000153,12347.32,12489.17,0,0
33,CASH_OUT,3156.24,C000261,4215.4,1059.17,M000014,2506.5,5662.73,0,0
33,PAYMENT,170.04,C000197,1368.83,1198.79,M000016,1777.02,1947.06,0,0
33,PAYMENT,921.78,C000023,3507.31,2585.54,M000075,2638.91,3560.68,0,0
33,TRANSFER,440.21,C000015,4799.22,4359.01,M000024,25858.33,26298.54,0,0
33,CASH_IN,890.19,C000127,10548.88,9658.69,M000198,6152.6,7042.79,0,0
33,PAYMENT,229.91,C000234,26282.92,26053.01,M000127,7387.26,7617.17,0,0
33,PAYMENT,313.32,C000025,8669.02,8355.7,M000156,7955.11,8268.43,0,0
33,CASH_OUT,18223.67,C000129,1150.22,0.0,M000147,11281.86,29505.53,1,0
33,PAYMENT,299.27,C000153,3031.84,2732.57,M000011,3680.69,3979.96,0,0
33,CASH_IN,791.98,C000096,1287.45,495.47,M000158,10323.64,11115.62,0,0
33,CASH_OUT,690.94,C000119,6378.02,5687.08,M000105,6468.92,7159.86,0,0
33,CASH_IN,865.24,C000125,9759.72,8894.48,M000005,14937.48,15802.72,0,0
33,TRANSFER,496.19,C000005,567.56,71.37,M000174,3659.88,4156.07,0,0
33,PAYMENT,1213.84,C000278,23140.03,21926.19,M000056,8842.44,10056.29,0,0
33,CASH_OUT,25036.8,C000187,3111.44,0.0,M000158,12806.13,37842.93,1,0
33,CASH_OUT,643.1,C000237,5999.48,5356.38,M000199,986.3,1629.39,0,0
33,CASH_OUT,258.02,C000278,1921.79,1663.78,M000068,1348.35,1606.36,0,0
33,CASH_OUT,492.14,C000135,6826.18,6334.04,M000052,10626.67,11118.81,0,0
33,DEBIT,101.99,C000164,7163.83,7061.84,M000021,5343.18,5445.17,0,0
33,PAYMENT,142.74,C000230,8676.17,8533.43,M000118,1289.94,1432.68,0,0
33,TRANSFER,168.51,C000240,31454.93,31286.42,M000178,6276.07,6444.58,0,0
33,PAYMENT,1839.64,C000072,1449.36,0.0,M000111,17320.88,19160.52,0,0
33,PAYMENT,782.01,C000261,420.3,0.0,M000190,3208.63,3990.64,0,0
33,CASH_OUT,1957.76,C000191,3542.54,1584.79,M000122,1420.18,3377.94,0,0
33,CASH_IN,508.94,C000133,4162.0,3653.06,M000058,44676.95,45185.89,0,0
33,TRANSFER,448.16,C000054,49388.06,48939.91,M000102,20255.87,20704.02,0,0
33,TRANSFER,406.03,C000232,15028.17,14622.14,M000104,5083.54,5489.57,0,0
33,PAYMENT,1771.11,C000194,1111.83,0.0,M000063,18241.96,20013.07,0,0
33,PAYMENT,242.42,C000163,13661.15,13418.73,M000040,822.45,1064.87,0,0
33,TRANSFER,2139.62,C000051,1775.27,0.0,M000127,4821.96,6961.59,0,0
33,PAYMENT,131.98,C000017,927.89,795.91,M000016,2860.15,2992.13,0,0
33,PAYMENT,441.79,C000081,3900.42,3458.63,M000191,14372.31,14814.1,0,0
33,PAYMENT,797.08,C000215,4938.63,4141.55,M000029,36859.18,37656.27,0,0
33,TRANSFER,4247.6,C000048,3799.64,0.0,M000015,2594.67,6842.28,0,0
33,TRANSFER,1941.78,C000033,11377.49,9435.71,M000128,2352.5,4294.28,0,0
33,PAYMENT,1246.07,C000078,4690.36,3444.29,M000111,1027.96,2274.03,0,0
33,CASH_OUT,468.71,C000100,31165.89,30697.18,M000158,6571.19,7039.9,0,0
33,CASH_OUT,3727.49,C000232,15356.9,11629.4,M000147,898.35,4625.85,0,0
33,DEBIT,470.35,C000063,13929.97,13459.62,M000016,8735.75,9206.1,0,0
33,CASH_OUT,488.04,C000272,9244.79,8756.75,M000054,1243.61,1731.65,0,0
33,CASH_OUT,151.04,C000045,7903.72,7752.68,M000084,2094.42,2245.46,0,0
33,CASH_IN,7454.13,C000288,440.88,0.0,M000113,5862.39,13316.52,0,0
33,PAYMENT,2128.89,C000276,12286.47,10157.59,M000037,4686.33,6815.22,0,0
33,CASH_IN,554.66,C000063,2443.71,1889.05,M000113,986.37,1541.03,0,0
33,CASH_OUT,212.65,C000174,4488.23,4275.57,M000174,6431.19,6643.84,0,0
33,CASH_OUT,267.91,C000239,1665.55,1397.64,M000153,3749.16,4017.07,0,0
33,PAYMENT,818.36,C000159,5564.74,4746.38,M000094,3939.97,4758.33,0,0
33,CASH_OUT,542.56,C000182,1381.23,838.67,M000187,50653.62,51196.18,0,0
33,CASH_IN,339.65,C000295,28374.29,28034.64,M000006,15212.18,15551.83,0,0
34,CASH_OUT,1240.43,C000228,12474.83,11234.4,M000180,1071.84,2312.27,0,0
34,TRANSFER,178.68,C000138,515.77,337.09,M000063,4539.81,4718.49,0,0
34,CASH_IN,2174.09,C000168,4994.78,2820.69,M000106,1643.23,3817.32,0,0
34,PAYMENT,159.92,C000082,10182.63,10022.71,M000187,514.77,674.69,0,0
34,TRANSFER,306.05,C000275,11512.8,11206.76,M000147,8932.93,9238.97,0,0
34,TRANSFER,251.23,C000225,3319.12,3067.89,M000002,2084.21,2335.44,0,0
34,TRANSFER,854.71,C000014,2132.81,1278.1,M000077,20779.07,21633.78,0,0
34,CASH_OUT,668.69,C000221,84395.83,83727.14,M000001,13609.18,14277.87,0,0
34,TRANSFER,712.66,C000108,4910.21,4197.54,M000136,2364.16,3076.82,0,0
34,TRANSFER,305.49,C000181,8371.75,8066.26,M000138,38132.96,38438.45,0,0
34,PAYMENT,309.55,C000068,1564.35,1254.79,M000182,7775.11,8084.66,0,0
34,TRANSFER,663.68,C000072,2472.74,1809.06,M000077,863.85,1527.53,0,0
34,CASH_OUT,139.52,C000205,3731.28,3591.76,M000043,12462.49,12602.02,0,0
34,TRANSFER,749.35,C000075,8499.21,7749.86,M000061,4321.81,5071.17,0,0
34,CASH_OUT,345.87,C000029,3869.87,3524.0,M000043,11662.92,12008.78,0,0
34,TRANSFER,2116.92,C000292,49983.51,47866.59,M000169,3047.99,5164.9,0,0
34,PAYMENT,305.89,C000192,1942.23,1636.34,M000036,3916.96,4222.85,0,0
34,PAYMENT,6091.15,C000088,8976.89,2885.74,M000023,2057.02,8148.17,0,0
34,CASH_OUT,265.42,C000275,12784.09,12518.68,M000106,1268.25,1533.67,0,0
34,CASH_OUT,128.8,C000158,1702.04,1573.24,M000147,7901.83,8030.63,0,0
34,PAYMENT,155.4,C000222,4431.83,4276.43,M000116,7534.29,7689.68,0,0
34,TRANSFER,326.07,C000183,6488.65,6162.58,M000050,1598.15,1924.21,0,0
34,PAYMENT,205.27,C000195,2505.28,2300.0,M000161,1566.22,1771.49,0,0
34,CASH_IN,1554.07,C000185,4579.95,3025.87,M000032,17229.2,18783.28,0,0
34,PAYMENT,1027.34,C000261,7404.31,6376.96,M000111,13472.69,14500.03,0,0
34,TRANSFER,148.47,C000116,720.19,571.72,M000101,14532.82,14681.29,0,0
34,PAYMENT,137.73,C000028,3199.56,3061.83,M000126,23890.49,24028.22,0,0
34,TRANSFER,378.39,C000103,11141.44,10763.05,M000173,12140.76,12519.15,0,0
34,PAYMENT,282.76,C000103,2517.98,2235.22,M000039,3630.77,3913.53,0,0
34,PAYMENT,775.12,C000288,1806.52,1031.4,M000020,8939.32,9714.44,0,0
34,CASH_IN,319.41,C000098,14861.61,14542.2,M000081,28337.79,28657.19,0,0
34,PAYMENT,780.69,C000067,1128.52,347.83,M000048,9691.43,10472.12,0,0
34,DEBIT,140.07,C000212,6524.5,6384.43,M000133,6153.88,6293.95,0,0
34,PAYMENT,1325.94,C000179,6170.19,4844.24,M000121,5552.19,6878.13,0,0
34,CASH_OUT,867.12,C000013,2999.81,2132.7,M000197,8033.2,8900.31,0,0
34,TRANSFER,451.45,C000132,12939.95,12488.49,M000179,9072.9,9524.35,0,0
34,TRANSFER,198.76,C000128,2802.97,2604.21,M000094,11866.04,12064.8,0,0
34,PAYMENT,3487.59,C000221,2836.46,0.0,M000127,4865.88,8353.47,0,0
34,TRANSFER,322.07,C000022,1493.98,1171.9,M000109,4265.38,4587.45,0,0
34,PAYMENT,1700.77,C000031,2801.24,1100.47,M000018,4577.04,6277.81,0,0
34,PAYMENT,298.27,C000270,8121.91,7823.63,M000144,5249.95,5548.23,0,0
34,PAYMENT,337.63,C000006,3400.64,3063.0,M000106,37326.09,37663.72,0,0
34,CASH_OUT,745.37,C000131,44108.68,43363.31,M000044,4884.09,5629.46,0,0
34,PAYMENT,104.59,C000157,14510.45,14405.86,M000004,1908.7,2013.29,0,0
34,PAYMENT,112.77,C000125,12874.96,12762.19,M000066,4476.17,4588.94,0,0
34,TRANSFER,396.03,C000254,6529.17,6133.15,M000094,3288.9,3684.93,0,0
34,PAYMENT,603.03,C000268,9591.34,8988.31,M000189,11249.07,11852.1,0,0
34,PAYMENT,437.76,C000020,3560.64,3122.88,M000029,1550.36,1988.12,0,0
34,CASH_OUT,1640.18,C000190,39441.61,37801.43,M000198,9154.87,10795.05,0,0
34,PAYMENT,121.2,C000195,6559.29,6438.08,M000021,8094.94,8216.14,0,0
34,CASH_OUT,668.27,C000072,762.67,94.4,M000019,1917.37,2585.64,0,0
34,CASH_OUT,957.12,C000283,14736.19,13779.07,M000128,1696.19,2653.3,0,0
34,PAYMENT,956.2,C000097,12635.48,11679.28,M000077,12055.76,13011.96,0,0
34,PAYMENT,647.52,C000079,1632.37,984.85,M000198,2415.35,3062.87,0,0
34,TRANSFER,304.59,C000235,2234.33,1929.75,M000081,1360.23,1664.82,0,0
34,PAYMENT,58.12,C000054,9617.99,9559.86,M000024,15295.99,15354.12,0,0
34,PAYMENT,945.15,C000198,134330.62,133385.46,M000041,2181.14,3126.3,0,0
34,TRANSFER,187.65,C000127,798.48,610.83,M000033,1521.61,1709.26,0,0
34,PAYMENT,202.19,C000145,1046.99,844.79,M000118,6011.28,6213.47,0,0
34,PAYMENT,262.85,C000218,4777.22,4514.37,M000167,4878.19,5141.03,0,0
34,CASH_IN,650.83,C000228,39860.45,39209.62,M000046,443.36,1094.2,0,0
34,PAYMENT,248.43,C000215,17490.85,17242.41,M000085,4760.4,5008.83,0,0
34,PAYMENT,325.59,C000235,1613.69,1288.11,M000170,4814.27,5139.86,0,0
34,TRANSFER,506.78,C000180,14028.32,13521.54,M000045,1075.53,1582.31,0,0
34,CASH_OUT,231.68,C000268,7708.36,7476.69,M000154,3842.91,4074.59,0,0
34,PAYMENT,2374.62,C000254,3227.48,852.86,M000076,2251.18,4625.8,0,0
34,CASH_IN,216.78,C000076,2771.3,2554.52,M000075,3213.98,3430.76,0,0
34,PAYMENT,234.33,C000176,2980.85,2746.52,M000037,1380.21,1614.54,0,0
34,CASH_IN,1367.34,C000101,1730.39,363.05,M000032,3528.09,4895.43,0,0
34,PAYMENT,623.61,C000227,1299.5,675.88,M000022,3981.71,4605.32,0,0
34,TRANSFER,211.06,C000031,1742.2,1531.14,M000152,3988.41,4199.47,0,0
34,TRANSFER,1353.4,C000034,3319.01,1965.61,M000069,14613.71,15967.11,0,0
34,PAYMENT,351.7,C000174,1977.04,1625.34,M000118,3321.51,3673.21,0,0
34,DEBIT,3808.71,C000287,2880.81,0.0,M000125,2283.9,6092.61,0,0
34,PAYMENT,103.36,C000125,8220.09,8116.72,M000176,3807.44,3910.8,0,0
34,TRANSFER,389.28,C000264,5468.0,5078.72,M000193,60694.4,61083.68,0,0
34,CASH_OUT,111.88,C000089,2001.29,1889.41,M000069,21882.05,21993.93,0,0
34,PAYMENT,636.03,C000045,3321.57,2685.54,M000025,4797.23,5433.26,0,0
34,CASH_OUT,446.01,C000219,1380.92,934.91,M000005,5822.65,6268.66,0,0
34,PAYMENT,141.64,C000058,30132.03,29990.38,M000036,8654.99,8796.64,0,0
34,CASH_OUT,1011.34,C000200,5014.77,4003.43,M000043,25402.8,26414.13,0,0
34,PAYMENT,1141.13,C000232,22777.05,21635.92,M000092,1477.98,2619.11,0,0
34,PAYMENT,882.87,C000088,7779.83,6896.97,M000115,47715.6,48598.46,0,0
34,TRANSFER,517.0,C000128,1405.61,888.61,M000005,2107.39,2624.39,0,0
34,PAYMENT,19642.15,C000059,5259.16,0.0,M000165,2340.74,21982.89,1,0
34,PAYMENT,828.92,C000229,3548.98,2720.05,M000168,4697.83,5526.75,0,0
34,TRANSFER,3665.71,C000281,11912.14,8246.43,M000082,4052.82,7718.53,0,0
34,PAYMENT,70.14,C000141,1440.07,1369.92,M000169,1401.58,1471.72,0,0
34,TRANSFER,75.83,C000228,12148.77,12072.94,M000151,14213.39,14289.22,0,0
34,CASH_IN,1088.42,C000162,13230.89,12142.47,M000106,11374.85,12463.27,0,0
34,CASH_IN,233.96,C000192,5161.35,4927.39,M000005,2567.52,2801.48,0,0
34,TRANSFER,165.32,C000132,7568.91,7403.59,M000010,16120.38,16285.7,0,0
34,PAYMENT,346.53,C000232,8989.52,8642.99,M000148,6551.13,6897.65,0,0
34,PAYMENT,24.36,C000241,21335.61,21311.24,M000174,2377.26,2401.62,0,0
35,PAYMENT,166.87,C000042,2338.47,2171.59,M000065,14588.74,14755.61,0,0
35,CASH_IN,709.48,C000187,2327.09,1617.62,M000150,783.26,1492.74,0,0
35,PAYMENT,21766.43,C000130,7058.98,0.0,M000076,15755.94,37522.37,1,0
35,PAYMENT,729.03,C000283,3531.17,2802.14,M000128,17729.95,18458.98,0,0
35,PAYMENT,1287.55,C000098,3007.66,1720.11,M000103,473.23,1760.77,0,0
35,PAYMENT,343.29,C000084,12199.78,11856.49,M000082,3913.27,4256.56,0,0
35,PAYMENT,1858.39,C000224,1851.44,0.0,M000199,6505.24,8363.62,0,0
35,CASH_OUT,3121.79,C000181,3895.46,773.68,M000184,9927.8,13049.59,0,0
35,CASH_OUT,928.4,C000009,2870.13,1941.73,M000121,5176.57,6104.97,0,0
35,PAYMENT,141.24,C000278,2033.87,1892.63,M000064,2459.17,2600.41,0,0
35,TRANSFER,1064.17,C000157,21423.42,20359.24,M000096,11084.83,12149.01,0,0
35,PAYMENT,274.86,C000287,733.64,458.78,M000073,2862.36,3137.22,0,0
35,PAYMENT,124.7,C000191,4167.21,4042.51,M000060,1018.21,1142.91,0,0
35,PAYMENT,160.65,C000125,8094.26,7933.61,M000125,5818.81,5979.46,0,0
35,TRANSFER,932.85,C000219,3013.89,2081.04,M000155,8468.47,9401.32,0,0
35,TRANSFER,760.85,C000100,15165.45,14404.6,M000082,16702.86,17463.7,0,0
35,CASH_IN,420.88,C000237,5401.48,4980.6,M000015,13510.29,13931.17,0,0
35,PAYMENT,62.76,C000006,9627.42,9564.66,M000029,3543.92,3606.68,0,0
35,TRANSFER,85.81,C000257,6441.53,6355.72,M000104,5563.12,5648.93,0,0
35,CASH_OUT,817.54,C000150,5257.36,4439.82,M000190,4978.26,5795.8,0,0
35,CASH_OUT,309.93,C000133,7615.49,7305.56,M000193,6255.01,6564.94,0,0
35,CASH_OUT,4557.97,C000003,1205.98,0.0,M000146,6650.53,11208.5,0,0
35,PAYMENT,111.18,C000052,948.36,837.18,M000156,5113.42,5224.6,0,0
35,PAYMENT,366.21,C000048,12235.82,11869.61,M000172,7155.26,7521.48,0,0
35,PAYMENT,546.97,C000125,1004.87,457.9,M000102,4147.25,4694.22,0,0
35,TRANSFER,359.18,C000061,13916.51,13557.33,M000178,5949.41,6308.59,0,0
35,PAYMENT,514.74,C000005,1773.07,1258.33,M000012,3874.48,4389.22,0,0
35,CASH_IN,3657.23,C000017,2199.07,0.0,M000115,1159.45,4816.68,0,0
35,TRANSFER,1039.51,C000056,1649.68,610.17,M000158,9878.37,10917.88,0,0
35,PAYMENT,212.36,C000059,1142.03,929.67,M000151,4732.25,4944.6,0,0
35,PAYMENT,541.36,C000274,2338.22,1796.86,M000079,11512.82,12054.18,0,0
35,PAYMENT,2891.95,C000104,7588.78,4696.83,M000091,3222.04,6113.98,0,0
35,PAYMENT,433.38,C000138,12170.89,11737.51,M000022,3633.7,4067.08,0,0
35,PAYMENT,249.54,C000049,5052.92,4803.38,M000032,439.53,689.07,0,0
35,PAYMENT,832.87,C000245,1638.99,806.12,M000102,5116.41,5949.28,0,0
35,PAYMENT,1270.07,C000031,12153.16,10883.09,M000182,5055.21,6325.29,0,0
35,PAYMENT,2302.76,C000157,13544.01,11241.25,M000131,9466.99,11769.75,0,0
35,CASH_OUT,588.75,C000155,27486.74,26897.99,M000104,15743.48,16332.23,0,0
35,PAYMENT,1162.21,C000187,9512.64,8350.43,M000109,3541.28,4703.5,0,0
35,TRANSFER,111.45,C000283,7095.92,6984.47,M000118,13211.97,13323.43,0,0
35,CASH_OUT,223.74,C000242,12945.17,12721.43,M000174,7930.52,8154.26,0,0
35,TRANSFER,266.31,C000221,44507.43,44241.11,M000011,1380.7,1647.01,0,0
35,CASH_OUT,174.96,C000236,21009.36,20834.41,M000034,7637.21,7812.17,0,0
35,CASH_OUT,437.79,C000231,7668.56,7230.76,M000069,1254.38,1692.17,0,0
35,CASH_IN,670.91,C000154,2159.85,1488.94,M000027,4607.07,5277.99,0,0
35,TRANSFER,2119.3,C000249,7456.41,5337.1,M000145,5764.32,7883.62,0,0
35,CASH_OUT,190.95,C000293,2663.87,2472.92,M000027,463.23,654.18,0,0
35,PAYMENT,2632.79,C000023,2407.94,0.0,M000053,48664.99,51297.78,0,0
35,PAYMENT,140.02,C000273,2030.91,1890.89,M000108,5298.19,5438.21,0,0
35,CASH_IN,92.93,C000226,3096.98,3004.05,M000190,5169.48,5262.4,0,0
35,PAYMENT,1814.35,C000254,13382.55,11568.2,M000055,6262.09,8076.44,0,0
35,PAYMENT,2691.93,C000155,385.92,0.0,M000029,14345.21,17037.14,0,0
35,PAYMENT,260.14,C000284,6913.03,6652.89,M000016,8232.59,8492.73,0,0
35,CASH_OUT,622.5,C000084,3592.4,2969.9,M000122,4182.04,4804.54,0,0
35,TRANSFER,88.24,C000257,2289.35,2201.11,M000120,22616.85,22705.09,0,0
35,CASH_OUT,886.37,C000191,6118.29,5231.92,M000193,21098.59,21984.96,0,0
35,PAYMENT,296.92,C000069,1456.82,1159.9,M000068,3639.53,3936.44,0,0
35,TRANSFER,246.92,C000216,1881.59,1634.66,M000003,6268.66,6515.58,0,0
35,TRANSFER,127.74,C000123,5406.37,5278.63,M000032,9090.44,9218.18,0,0
35,DEBIT,1812.45,C000122,4348.01,2535.56,M000135,8044.1,9856.55,0,0
35,CASH_OUT,407.04,C000242,22622.32,22215.28,M000054,2695.32,3102.35,0,0
35,CASH_IN,296.64,C000296,2248.16,1951.52,M000179,15993.83,16290.47,0,0
36,TRANSFER,2286.1,C000207,2695.2,409.11,M000133,4238.6,6524.7,0,0
36,CASH_OUT,3906.07,C000008,16945.48,13039.41,M000043,4536.83,8442.9,0,0
36,TRANSFER,279.18,C000061,3807.95,3528.77,M000153,4645.56,4924.74,0,0
36,CASH_IN,532.47,C000279,31334.15,30801.69,M000101,3995.77,4528.23,0,0
36,TRANSFER,1724.29,C000127,5921.02,4196.73,M000122,13023.59,14747.88,0,0
36,TRANSFER,115.71,C000010,3795.6,3679.89,M000159,5042.44,5158.15,0,0
36,PAYMENT,2461.56,C000115,15866.8,13405.24,M000121,568.45,3030.0,0,0
36,CASH_IN,504.1,C000295,30798.38,30294.29,M000194,10072.53,10576.63,0,0
36,TRANSFER,8155.79,C000287,7345.9,0.0,M000163,2353.72,10509.51,0,0
36,CASH_IN,508.55,C000223,4596.05,4087.5,M000068,27692.7,28201.25,0,0
36,CASH_IN,763.93,C000134,18318.88,17554.95,M000125,1709.72,2473.65,0,0
36,CASH_IN,156.54,C000223,2925.74,2769.2,M000029,35570.74,35727.28,0,0
36,PAYMENT,466.18,C000271,12863.21,12397.02,M000095,15376.61,15842.8,0,0
36,CASH_OUT,633.06,C000013,12910.17,12277.1,M000132,4978.15,5611.21,0,0
36,CASH_IN,2225.23,C000068,12778.11,10552.89,M000171,69127.33,71352.56,0,0
36,CASH_OUT,780.77,C000232,2721.88,1941.11,M000110,9402.15,10182.92,0,0
36,PAYMENT,755.25,C000007,15105.14,14349.89,M000030,7188.73,7943.98,0,0
36,TRANSFER,106.86,C000226,25064.62,24957.76,M000003,1927.87,2034.73,0,0
36,PAYMENT,983.41,C000062,1804.78,821.37,M000177,23854.47,24837.88,0,0
36,TRANSFER,357.06,C000216,3135.61,2778.56,M000170,11647.75,12004.81,0,0
36,TRANSFER,659.17,C000031,8693.71,8034.55,M000014,41916.2,42575.37,0,0
36,PAYMENT,553.1,C000011,2864.22,2311.12,M000083,2009.03,2562.13,0,0
36,TRANSFER,1976.82,C000202,5003.03,3026.21,M000051,7875.93,9852.75,0,0
36,TRANSFER,96.56,C000166,3470.7,3374.14,M000080,6075.93,6172.49,0,0
36,PAYMENT,253.7,C000213,8738.06,8484.36,M000031,3532.36,3786.05,0,0
36,CASH_OUT,1831.88,C000048,4434.51,2602.63,M000082,5421.5,7253.38,0,0
36,CASH_OUT,43.69,C000210,1923.73,1880.04,M000131,2640.98,2684.67,0,0
36,CASH_IN,524.22,C000002,26629.61,26105.4,M000149,1334.0,1858.21,0,0
36,CASH_OUT,101.58,C000221,2150.79,2049.21,M000122,6544.98,6646.56,0,0
36,CASH_OUT,334.64,C000137,19005.79,18671.15,M000053,5282.03,5616.67,0,0
36,CASH_OUT,335.14,C000099,1110.38,775.24,M000085,3173.29,3508.43,0,0
36,CASH_OUT,3124.14,C000129,23207.55,20083.41,M000092,8758.35,11882.49,0,0
36,CASH_IN,72.49,C000164,16898.84,16826.35,M000153,11040.65,11113.14,0,0
36,PAYMENT,172.41,C000115,35472.08,35299.67,M000167,7551.21,7723.62,0,0
36,TRANSFER,105.32,C000069,522.7,417.38,M000199,22769.71,22875.03,0,0
36,CASH_OUT,156.5,C000003,8765.28,8608.78,M000124,10321.62,10478.12,0,0
36,PAYMENT,80.47,C000065,3594.71,3514.24,M000025,6291.36,6371.83,0,0
36,CASH_OUT,560.11,C000237,394.72,0.0,M000085,3814.48,4374.58,0,0
36,PAYMENT,475.81,C000066,800.68,324.87,M000156,11665.7,12141.51,0,0
36,CASH_IN,201.12,C000082,2917.84,2716.72,M000164,2517.62,2718.73,0,0
36,CASH_OUT,6114.94,C000242,2388.13,0.0,M000039,2448.13,8563.07,0,0
36,PAYMENT,396.37,C000253,15772.1,15375.73,M000090,5060.95,5457.32,0,0
36,TRANSFER,525.28,C000230,13558.12,13032.84,M000028,3880.97,4406.24,0,0
36,PAYMENT,1299.18,C000094,3629.05,2329.88,M000056,9107.22,10406.39,0,0
36,CASH_OUT,1640.17,C000250,7576.29,5936.12,M000025,11315.17,12955.34,0,0
36,CASH_OUT,103.92,C000084,2392.46,2288.54,M000020,9481.92,9585.84,0,0
36,CASH_OUT,364.84,C000226,3632.89,3268.05,M000132,4371.99,4736.83,0,0
36,CASH_OUT,1005.65,C000021,7355.85,6350.2,M000198,9044.15,10049.8,0,0
36,TRANSFER,527.09,C000203,3619.54,3092.44,M000058,1860.12,2387.21,0,0
36,TRANSFER,47.88,C000280,4435.74,4387.86,M000174,47091.57,47139.45,0,0
36,CASH_OUT,3225.41,C000248,792.33,0.0,M000102,10781.96,14007.37,0,0
36,PAYMENT,362.34,C000261,60868.56,60506.22,M000064,1108.97,1471.31,0,0
36,PAYMENT,121.25,C000210,3562.18,3440.92,M000064,26006.95,26128.21,0,0
36,CASH_OUT,920.46,C000295,10754.16,9833.7,M000169,2881.11,3801.57,0,0
36,CASH_OUT,717.62,C000079,7486.45,6768.83,M000052,8773.83,9491.44,0,0
36,TRANSFER,369.21,C000130,7120.7,6751.49,M000001,14773.09,15142.3,0,0
36,TRANSFER,196.73,C000181,6379.5,6182.77,M000053,14540.31,14737.04,0,0
36,CASH_OUT,128.58,C000031,2915.08,2786.49,M000138,5320.26,5448.84,0,0
36,DEBIT,30.43,C000158,4557.62,4527.19,M000151,517.44,547.87,0,0
36,PAYMENT,443.09,C000092,17151.2,16708.11,M000074,8068.27,8511.35,0,0
36,CASH_OUT,300.03,C000011,8397.8,8097.78,M000149,16441.7,16741.73,0,0
36,DEBIT,256.01,C000069,1148.95,892.94,M000150,19484.52,19740.53,0,0
36,TRANSFER,197.2,C000269,1504.09,1306.88,M000192,5692.93,5890.13,0,0
36,PAYMENT,868.78,C000115,1200.48,331.7,M000148,5264.54,6133.32,0,0
36,TRANSFER,4730.68,C000033,24179.51,19448.83,M000170,2913.99,7644.66,0,0
36,CASH_OUT,664.14,C000051,1656.53,992.38,M000149,13705.9,14370.04,0,0
36,CASH_IN,480.13,C000201,3248.68,2768.54,M000052,3519.78,3999.92,0,0
36,PAYMENT,224.2,C000234,16932.87,16708.67,M000144,10644.25,10868.45,0,0
36,CASH_IN,224.04,C000236,8494.65,8270.61,M000155,6480.83,6704.86,0,0
36,TRANSFER,8551.1,C000241,2211.22,0.0,M000123,5099.46,13650.56,1,0
36,CASH_IN,190.82,C000251,14055.99,13865.17,M000149,1125.17,1315.99,0,0
36,PAYMENT,181.99,C000105,3405.87,3223.88,M000080,5158.92,5340.91,0,0
36,CASH_IN,854.38,C000207,2192.18,1337.8,M000124,847.11,1701.48,0,0
36,TRANSFER,371.31,C000288,20808.13,20436.82,M000038,13894.47,14265.78,0,0
36,PAYMENT,582.41,C000276,674.18,91.77,M000192,3380.19,3962.6,0,0
36,PAYMENT,189.38,C000133,583.3,393.93,M000152,10237.21,10426.59,0,0
36,DEBIT,522.91,C000016,14636.7,14113.78,M000001,19683.67,20206.58,0,0
36,PAYMENT,122.9,C000017,21091.17,20968.27,M000180,7801.35,7924.25,0,0
36,PAYMENT,2809.16,C000187,2295.67,0.0,M000157,30359.06,33168.22,0,0
36,CASH_IN,803.87,C000118,5903.62,5099.75,M000182,26809.46,27613.33,0,0
36,TRANSFER,2021.26,C000238,4561.47,2540.21,M000182,1946.44,3967.69,0,0
36,CASH_OUT,332.78,C000258,2551.87,2219.09,M000010,24143.61,24476.39,0,0
36,PAYMENT,375.9,C000282,14633.55,14257.65,M000125,12647.07,13022.96,0,0
36,PAYMENT,263.81,C000043,86852.02,86588.21,M000009,9187.12,9450.93,0,0
36,CASH_IN,710.57,C000154,2008.79,1298.22,M000009,45665.24,46375.8,0,0
36,CASH_OUT,167.9,C000122,2726.15,2558.26,M000063,11096.69,11264.59,0,0
36,CASH_IN,2676.2,C000064,11939.98,9263.79,M000017,2017.6,4693.79,0,0
36,TRANSFER,892.98,C000056,16536.61,15643.63,M000172,2277.71,3170.69,0,0
36,CASH_OUT,162.24,C000092,13872.05,13709.81,M000106,3830.3,3992.54,0,0
36,CASH_IN,1068.44,C000092,6633.64,5565.19,M000191,2445.43,3513.87,0,0
36,PAYMENT,898.35,C000132,545.32,0.0,M000156,3201.39,4099.74,0,0
36,PAYMENT,167.47,C000268,8140.45,7972.98,M000053,1283.53,1451.0,0,0
36,PAYMENT,2654.19,C000031,2110.42,0.0,M000017,4242.18,6896.37,0,0
36,CASH_IN,390.99,C000087,6099.54,5708.55,M000142,13553.61,13944.6,0,0
37,CASH_IN,432.4,C000259,2224.62,1792.21,M000016,1957.17,2389.57,0,0
37,DEBIT,216.05,C000135,24394.82,24178.78,M000154,8615.15,8831.19,0,0
37,PAYMENT,523.86,C000203,24333.07,23809.2,M000168,3221.82,3745.68,0,0
37,PAYMENT,775.97,C000120,23225.91,22449.94,M000186,16499.49,17275.45,0,0
37,CASH_IN,266.89,C000022,2835.25,2568.36,M000029,18177.15,18444.04,0,0
37,PAYMENT,298.59,C000114,9668.11,9369.52,M000120,4336.09,4634.68,0,0
37,PAYMENT,2937.63,C000211,907.72,0.0,M000070,5734.85,8672.48,0,0
37,PAYMENT,915.82,C000170,3943.11,3027.29,M000089,25436.02,26351.85,0,0
37,CASH_IN,149.36,C000019,1396.25,1246.89,M000145,11037.85,11187.22,0,0
37,CASH_OUT,207.01,C000170,1148.82,941.81,M000183,26471.81,26678.82,0,0
37,PAYMENT,161.6,C000190,8888.43,8726.83,M000010,8905.44,9067.04,0,0
37,PAYMENT,715.59,C000076,6321.64,5606.05,M000105,2638.88,3354.47,0,0
37,PAYMENT,3041.11,C000067,5109.05,2067.95,M000042,4180.55,7221.65,0,0
37,PAYMENT,4516.79,C000063,1659.88,0.0,M000043,12834.82,17351.61,0,0
37,CASH_OUT,377.54,C000173,5777.64,5400.09,M000115,13307.57,13685.12,0,0
37,TRANSFER,322.66,C000207,5012.17,4689.51,M000191,2812.39,3135.05,0,0
37,CASH_IN,1784.46,C000279,2799.61,1015.15,M000000,3689.14,5473.6,0,0
37,CASH_OUT,2684.96,C000287,12786.56,10101.61,M000018,4016.34,6701.29,0,0
37,PAYMENT,119.63,C000294,13253.13,13133.5,M000157,2431.29,2550.92,0,0
37,CASH_OUT,665.33,C000175,3622.05,2956.72,M000031,11494.81,12160.14,0,0
37,CASH_OUT,46.76,C000009,25989.37,25942.61,M000121,63567.85,63614.61,0,0
37,TRANSFER,407.3,C000150,3654.76,3247.46,M000064,20219.71,20627.01,0,0
37,PAYMENT,437.42,C000219,12780.2,12342.79,M000059,2401.31,2838.73,0,0
37,CASH_IN,308.16,C000281,4719.93,4411.77,M000129,9417.83,9725.99,0,0
37,TRANSFER,1563.57,C000241,7674.27,6110.7,M000168,9089.79,10653.36,0,0
37,CASH_IN,297.86,C000250,10682.12,10384.26,M000150,8371.73,8669.59,0,0
37,TRANSFER,2625.62,C000132,866.19,0.0,M000189,2835.89,5461.51,0,0
37,CASH_IN,476.07,C000289,14666.88,14190.81,M000199,9937.98,10414.06,0,0
37,PAYMENT,848.7,C000055,3059.71,2211.02,M000185,15745.61,16594.31,0,0
37,PAYMENT,5047.69,C000150,5543.61,495.92,M000113,833.46,5881.15,0,0
37,PAYMENT,1400.52,C000029,23485.27,22084.75,M000144,12049.3,13449.82,0,0
37,CASH_IN,873.27,C000040,780.58,0.0,M000081,3469.75,4343.02,0,0
37,TRANSFER,159.73,C000217,2882.81,2723.08,M000023,34688.35,34848.07,0,0
37,PAYMENT,87.77,C000027,2249.32,2161.55,M000000,5688.15,5775.92,0,0
37,CASH_IN,4816.47,C000031,5653.53,837.06,M000159,7258.92,12075.4,0,0
37,PAYMENT,2685.81,C000086,10401.19,7715.38,M000093,8606.61,11292.42,0,0
37,CASH_OUT,1958.58,C000145,351.18,0.0,M000042,6421.64,8380.22,0,0
37,CASH_OUT,794.84,C000241,4829.58,4034.74,M000175,11792.84,12587.68,0,0
37,TRANSFER,525.79,C000038,15715.02,15189.23,M000008,7727.75,8253.54,0,0
37,TRANSFER,725.49,C000273,20104.85,19379.36,M000060,4676.6,5402.09,0,0
37,CASH_IN,379.08,C000159,3983.93,3604.85,M000027,11446.71,11825.78,0,0
37,CASH_OUT,366.22,C000119,4825.9,4459.69,M000089,4745.61,5111.82,0,0
37,TRANSFER,489.91,C000020,2572.38,2082.47,M000118,3272.15,3762.07,0,0
37,CASH_OUT,1357.01,C000267,1471.07,114.06,M000032,951.01,2308.02,0,0
37,CASH_OUT,309.18,C000132,4988.84,4679.66,M000110,1303.79,1612.97,0,0
37,PAYMENT,238.09,C000259,2939.37,2701.29,M000119,6006.42,6244.51,0,0
37,PAYMENT,448.73,C000058,3487.85,3039.12,M000149,7718.89,8167.62,0,0
37,TRANSFER,132.47,C000207,6547.95,6415.48,M000068,4638.58,4771.05,0,0
37,CASH_OUT,250.68,C000278,4583.33,4332.65,M000072,13551.18,13801.85,0,0
37,PAYMENT,343.52,C000041,5512.32,5168.8,M000197,23023.09,23366.61,0,0
37,TRANSFER,198.28,C000291,12928.27,12729.99,M000189,4337.68,4535.95,0,0
37,PAYMENT,1180.05,C000011,9243.69,8063.64,M000042,10422.22,11602.27,0,0
37,CASH_OUT,83.46,C000296,8616.51,8533.05,M000037,13331.66,13415.12,0,0
37,PAYMENT,259.56,C000121,7280.31,7020.75,M000160,1743.24,2002.79,0,0
37,PAYMENT,2072.39,C000133,1936.07,0.0,M000156,10823.87,12896.26,0,0
37,CASH_OUT,206.1,C000034,5951.44,5745.35,M000155,16854.18,17060.28,0,0
37,CASH_OUT,392.51,C000272,8166.44,7773.93,M000093,9845.98,10238.49,0,0
37,PAYMENT,757.77,C000078,7318.2,6560.42,M000138,2001.29,2759.07,0,0
37,PAYMENT,95.8,C000121,3095.06,2999.26,M000025,17815.69,17911.49,0,0
37,PAYMENT,454.21,C000115,9211.34,8757.13,M000193,20794.06,21248.27,0,0
37,TRANSFER,155.66,C000004,4157.99,4002.33,M000159,10534.66,10690.32,0,0
37,CASH_IN,772.22,C000076,4008.7,3236.48,M000046,3637.83,4410.05,0,0
37,CASH_IN,133.87,C000052,16494.05,16360.19,M000062,3139.71,3273.58,0,0
37,DEBIT,221.81,C000205,13679.37,13457.56,M000168,29661.77,29883.58,0,0
37,PAYMENT,936.05,C000013,6882.16,5946.11,M000117,5497.21,6433.26,0,0
37,TRANSFER,305.56,C000024,7944.9,7639.34,M000006,4579.68,4885.24,0,0
37,CASH_IN,123.8,C000062,7200.52,7076.72,M000145,9754.92,9878.72,0,0
37,DEBIT,374.48,C000242,10605.66,10231.18,M000155,19654.71,20029.18,0,0
37,CASH_OUT,2003.18,C000252,40751.97,38748.79,M000158,2613.8,4616.98,0,0
37,PAYMENT,1278.05,C000100,3912.82,2634.76,M000183,2727.79,4005.85,0,0
37,CASH_OUT,227.38,C000056,13253.21,13025.83,M000156,8704.49,8931.87,0,0
37,PAYMENT,9371.41,C000146,3661.01,0.0,M000032,22880.79,32252.19,0,0
37,TRANSFER,1182.52,C000196,1832.78,650.25,M000174,6447.95,7630.47,0,0
37,CASH_OUT,369.12,C000032,5386.7,5017.58,M000160,3673.47,4042.59,0,0
37,CASH_OUT,114.35,C000014,6577.93,6463.58,M000110,1106.12,1220.48,0,0
37,PAYMENT,61.89,C000028,10513.11,10451.22,M000175,5702.75,5764.64,0,0
37,CASH_OUT,197.56,C000035,3953.98,3756.41,M000009,3154.39,3351.95,0,0
37,TRANSFER,2193.85,C000090,13669.0,11475.15,M000186,55496.24,57690.09,0,0
37,PAYMENT,442.33,C000103,2503.97,2061.64,M000049,5808.32,6250.65,0,0
37,CASH_IN,3552.54,C000102,5865.38,2312.84,M000027,24291.46,27844.0,0,0
37,PAYMENT,54.78,C000122,10215.65,10160.87,M000088,9366.05,9420.83,0,0
37,PAYMENT,238.39,C000253,1500.77,1262.39,M000145,236.21,474.6,0,0
38,PAYMENT,644.78,C000237,3240.32,2595.54,M000082,10604.22,11249.0,0,0
38,PAYMENT,434.8,C000288,6820.0,6385.21,M000183,2009.24,2444.04,0,0
38,CASH_OUT,186.68,C000075,751.35,564.67,M000164,5462.57,5649.25,0,0
38,TRANSFER,472.22,C000269,973.92,501.7,M000189,17776.81,18249.03,0,0
38,PAYMENT,378.41,C000121,1143.52,765.11,M000187,16867.84,17246.25,0,0
38,PAYMENT,276.87,C000017,3954.88,3678.01,M000028,5577.13,5854.0,0,0
38,PAYMENT,531.4,C000193,13616.76,13085.36,M000020,6247.12,6778.52,0,0
38,CASH_OUT,857.47,C000093,18463.17,17605.7,M000085,4058.32,4915.79,0,0
38,PAYMENT,1968.98,C000042,2270.93,301.94,M000089,20573.16,22542.15,0,0
38,TRANSFER,756.91,C000043,13542.51,12785.6,M000068,11409.42,12166.33,0,0
38,PAYMENT,3907.07,C000183,863.83,0.0,M000075,13211.4,17118.47,0,0
38,PAYMENT,78.62,C000230,3088.91,3010.29,M000195,1465.28,1543.9,0,0
38,PAYMENT,3688.79,C000257,2061.82,0.0,M000058,6408.75,10097.54,0,0
38,PAYMENT,798.73,C000078,11785.95,10987.22,M000021,4032.28,4831.01,0,0
38,TRANSFER,678.53,C000019,2881.59,2203.06,M000035,11454.98,12133.51,0,0
38,PAYMENT,219.69,C000243,4544.3,4324.6,M000171,89138.88,89358.58,0,0
38,TRANSFER,451.52,C000016,4483.92,4032.4,M000199,1720.67,2172.19,0,0
38,TRANSFER,1321.5,C000131,34473.36,33151.86,M000000,3809.43,5130.93,0,0
38,CASH_IN,390.53,C000285,2612.94,2222.42,M000118,3933.38,4323.91,0,0
38,PAYMENT,442.61,C000164,2925.44,2482.83,M000158,5220.89,5663.5,0,0
38,CASH_OUT,1600.5,C000114,4490.46,2889.96,M000161,13067.04,14667.54,0,0
38,PAYMENT,1124.86,C000071,7983.16,6858.31,M000050,7523.98,8648.84,0,0
38,PAYMENT,534.11,C000123,4470.01,3935.89,M000176,2936.99,3471.11,0,0
38,TRANSFER,352.28,C000207,4221.31,3869.03,M000027,24216.68,24568.96,0,0
38,CASH_IN,2017.02,C000007,10318.8,8301.78,M000175,19613.39,21630.42,0,0
38,PAYMENT,261.01,C000088,3612.15,3351.13,M000166,11187.59,11448.6,0,0
38,CASH_OUT,261.63,C000276,24410.67,24149.04,M000070,965.03,1226.66,0,0
38,PAYMENT,554.79,C000138,5582.47,5027.68,M000122,5359.44,5914.24,0,0
38,TRANSFER,98.2,C000291,4378.12,4279.92,M000192,5543.54,5641.74,0,0
38,PAYMENT,169.03,C000001,29667.89,29498.86,M000077,5516.27,5685.3,0,0
38,TRANSFER,172.0,C000100,12311.73,12139.74,M000169,1408.75,1580.75,0,0
38,CASH_IN,479.94,C000019,4042.17,3562.23,M000032,7042.75,7522.69,0,0
38,PAYMENT,664.36,C000031,1427.57,763.22,M000029,7442.69,8107.04,0,0
38,PAYMENT,343.1,C000288,8127.35,7784.25,M000084,37849.19,38192.29,0,0
38,CASH_OUT,661.59,C000104,1818.29,1156.69,M000167,14226.7,14888.29,0,0
38,CASH_IN,34.15,C000298,3991.39,3957.25,M000022,10152.58,10186.73,0,0
38,PAYMENT,380.59,C000105,4685.83,4305.23,M000181,597.42,978.01,0,0
38,PAYMENT,885.5,C000031,8923.48,8037.98,M000066,3430.63,4316.13,0,0
38,TRANSFER,283.87,C000168,1108.2,824.33,M000037,7816.89,8100.76,0,0
38,PAYMENT,115.79,C000154,14506.41,14390.62,M000055,8949.54,9065.33,0,0
38,TRANSFER,958.57,C000061,2513.04,1554.47,M000146,9418.82,10377.39,0,0
38,PAYMENT,28.66,C000112,8732.33,8703.68,M000009,16631.69,16660.35,0,0
38,PAYMENT,886.65,C000176,2180.57,1293.92,M000197,11403.57,12290.22,0,0
38,TRANSFER,108.5,C000139,1827.43,1718.92,M000159,898.27,1006.77,0,0
38,PAYMENT,155.42,C000276,4901.73,4746.31,M000018,5047.99,5203.41,0,0
38,TRANSFER,580.28,C000106,10300.64,9720.36,M000038,3594.3,4174.57,0,0
38,CASH_IN,742.76,C000065,2712.71,1969.95,M000048,45088.55,45831.31,0,0
38,TRANSFER,618.57,C000006,7092.51,6473.94,M000044,6244.14,6862.7,0,0
38,CASH_OUT,2266.91,C000213,2336.13,69.22,M000194,4879.4,7146.3,0,0
38,PAYMENT,240.95,C000016,1516.25,1275.29,M000027,14686.49,14927.44,0,0
38,PAYMENT,7589.87,C000082,9921.51,2331.64,M000050,43255.54,50845.41,0,0
38,PAYMENT,300.15,C000106,8464.27,8164.12,M000084,10521.61,10821.76,0,0
38,DEBIT,758.57,C000224,9125.5,8366.93,M000167,4624.26,5382.82,0,0
38,TRANSFER,1345.43,C000235,12669.5,11324.07,M000056,1751.91,3097.34,0,0
38,TRANSFER,586.42,C000034,5544.86,4958.43,M000075,13836.17,14422.59,0,0
38,TRANSFER,75.07,C000128,8483.82,8408.75,M000012,14022.02,14097.09,0,0
38,CASH_OUT,3951.4,C000033,6943.89,2992.49,M000066,28945.73,32897.13,0,0
38,CASH_IN,2994.48,C000160,3922.06,927.59,M000076,7482.7,10477.17,0,0
38,TRANSFER,5203.39,C000216,6798.53,1595.14,M000189,4454.34,9657.73,0,0
38,PAYMENT,528.54,C000250,3385.0,2856.46,M000088,1709.19,2237.73,0,0
38,TRANSFER,100.39,C000046,2996.28,2895.88,M000139,5073.27,5173.66,0,0
38,PAYMENT,651.75,C000100,7253.94,6602.18,M000073,3642.34,4294.1,0,0
38,PAYMENT,581.88,C000054,6280.88,5698.99,M000060,2042.54,2624.43,0,0
38,PAYMENT,838.31,C000062,6174.42,5336.1,M000088,10307.86,11146.17,0,0
38,CASH_OUT,779.4,C000208,2205.9,1426.5,M000027,25559.41,26338.81,0,0
38,TRANSFER,1289.7,C000021,2219.92,930.22,M000113,6630.3,7920.0,0,0
38,TRANSFER,85.43,C000042,18086.58,18001.14,M000069,15707.45,15792.89,0,0
38,TRANSFER,84.37,C000030,5737.87,5653.49,M000176,6370.07,6454.45,0,0
38,CASH_IN,436.73,C000146,21368.53,20931.8,M000176,4867.12,5303.86,0,0
38,CASH_IN,643.6,C000247,6922.58,6278.99,M000014,36450.5,37094.1,0,0
38,PAYMENT,1830.51,C000171,7080.37,5249.86,M000083,2783.78,4614.3,0,0
38,PAYMENT,63.56,C000148,8034.24,7970.68,M000146,1170.42,1233.98,0,0
38,CASH_OUT,507.45,C000094,7460.43,6952.98,M000078,5229.16,5736.61,0,0
38,PAYMENT,174.53,C000018,6845.68,6671.15,M000030,2410.42,2584.94,0,0
38,PAYMENT,487.09,C000155,8002.61,7515.52,M000087,2365.47,2852.56,0,0
38,CASH_IN,8222.29,C000278,1989.06,0.0,M000096,12541.66,20763.96,0,0
38,CASH_IN,3285.19,C000019,3568.34,283.15,M000184,2607.42,5892.61,0,0
38,CASH_OUT,659.79,C000138,6149.4,5489.6,M000147,24389.41,25049.2,0,0
38,TRANSFER,1507.8,C000015,3680.07,2172.27,M000190,14333.21,15841.02,0,0
38,PAYMENT,199.13,C000104,2862.66,2663.54,M000040,8851.64,9050.77,0,0
38,TRANSFER,574.57,C000077,9857.45,9282.88,M000053,3024.77,3599.33,0,0
38,TRANSFER,1169.31,C000243,19897.6,18728.3,M000181,41818.94,42988.25,0,0
38,CASH_OUT,1372.43,C000121,1876.37,503.95,M000157,2334.57,3706.99,0,0
38,DEBIT,459.59,C000022,3014.74,2555.15,M000046,2484.58,2944.17,0,0
38,PAYMENT,99.53,C000152,3250.61,3151.08,M000148,1496.45,1595.98,0,0
38,TRANSFER,93.06,C000001,1537.42,1444.36,M000073,14446.77,14539.83,0,0
38,CASH_IN,340.61,C000108,2595.16,2254.56,M000128,13371.78,13712.38,0,0
38,CASH_OUT,163.98,C000257,2595.83,2431.85,M000125,36113.53,36277.51,0,0
38,PAYMENT,313.74,C000238,1239.23,925.5,M000040,1138.65,1452.39,0,0
38,PAYMENT,1286.5,C000108,1274.77,0.0,M000012,27855.41,29141.91,0,0
38,PAYMENT,781.67,C000271,4863.23,4081.56,M000071,5363.58,6145.25,0,0
38,PAYMENT,7627.26,C000064,1059.98,0.0,M000126,1922.91,9550.17,0,0
38,CASH_IN,1688.75,C000234,1130.81,0.0,M000131,63420.17,65108.92,0,0
38,CASH_OUT,576.93,C000139,2654.17,2077.24,M000193,1675.4,2252.33,0,0
38,PAYMENT,1001.34,C000242,7110.3,6108.97,M000100,2129.86,3131.2,0,0
38,CASH_OUT,75.07,C000247,4666.94,4591.87,M000170,28335.28,28410.35,0,0
38,CASH_OUT,156.46,C000217,1014.82,858.36,M000130,3182.13,3338.59,0,0
38,CASH_IN,302.4,C000083,1498.13,1195.73,M000114,8603.33,8905.73,0,0
38,PAYMENT,19.14,C000174,2103.2,2084.06,M000084,17590.96,17610.09,0,0
38,PAYMENT,1004.42,C000007,4123.51,3119.09,M000171,4997.51,6001.93,0,0
38,CASH_IN,786.37,C000102,8295.64,7509.27,M000158,11911.95,12698.33,0,0
38,CASH_OUT,212.42,C000204,22627.65,22415.22,M000033,3605.24,3817.67,0,0
38,PAYMENT,178.06,C000080,5026.01,4847.95,M000107,13332.87,13510.93,0,0
38,TRANSFER,450.83,C000187,17505.93,17055.1,M000012,5702.73,6153.56,0,0
38,CASH_OUT,246.72,C000026,2403.7,2156.98,M000199,4525.57,4772.29,0,0
38,CASH_OUT,1662.58,C000298,32527.84,30865.26,M000137,2717.7,4380.28,0,0
38,DEBIT,144.28,C000269,2344.77,2200.49,M000199,19858.4,20002.68,0,0
38,PAYMENT,120.25,C000014,10828.11,10707.86,M000019,8982.09,9102.34,0,0
38,CASH_IN,1726.73,C000276,3432.47,1705.74,M000122,1325.34,3052.07,0,0
38,TRANSFER,300.73,C000029,2896.5,2595.77,M000151,1818.82,2119.56,0,0
39,CASH_OUT,706.63,C000065,18780.97,18074.33,M000100,48807.45,49514.09,0,0
39,CASH_OUT,205.34,C000278,4774.75,4569.41,M000112,8724.41,8929.75,0,0
39,CASH_OUT,3506.04,C000019,4895.91,1389.87,M000191,718.64,4224.68,0,0
39,PAYMENT,348.24,C000163,2690.54,2342.3,M000189,2154.07,2502.31,0,0
39,TRANSFER,412.14,C000081,2880.15,2468.01,M000143,1008.33,1420.47,0,0
39,CASH_OUT,605.4,C000206,6993.55,6388.15,M000032,5522.15,6127.55,0,0
39,CASH_IN,315.41,C000063,22936.25,22620.84,M000097,1135.69,1451.1,0,0
39,PAYMENT,384.36,C000090,7432.76,7048.4,M000010,4685.22,5069.58,0,0
39,CASH_OUT,222.07,C000167,16771.41,16549.33,M000162,2440.52,2662.59,0,0
39,PAYMENT,390.65,C000073,36372.93,35982.28,M000175,4503.01,4893.66,0,0
39,TRANSFER,1825.98,C000203,13728.02,11902.04,M000072,25928.95,27754.93,0,0
39,PAYMENT,2709.07,C000052,4591.25,1882.18,M000098,3262.12,5971.19,0,0
39,CASH_OUT,230.21,C000195,1096.94,866.73,M000058,1909.58,2139.79,0,0
39,PAYMENT,81.8,C000081,6206.31,6124.52,M000160,13787.64,13869.44,0,0
39,PAYMENT,195.04,C000165,3600.82,3405.78,M000177,10460.87,10655.91,0,0
39,TRANSFER,669.58,C000231,5489.1,4819.52,M000062,3761.35,4430.93,0,0
39,TRANSFER,533.71,C000055,4913.82,4380.11,M000173,3743.74,4277.46,0,0
39,TRANSFER,143.66,C000060,1267.26,1123.59,M000123,6529.98,6673.64,0,0
39,TRANSFER,115.91,C000128,9400.31,9284.4,M000195,45475.58,45591.49,0,0
39,TRANSFER,2481.71,C000048,3981.49,1499.78,M000183,10204.74,12686.44,0,0
39,CASH_OUT,245.29,C000189,11951.98,11706.7,M000092,3246.87,3492.16,0,0
39,CASH_IN,211.58,C000133,2047.94,1836.36,M000028,1417.45,1629.03,0,0
39,PAYMENT,290.69,C000045,25886.27,25595.58,M000128,25823.23,26113.92,0,0
39,CASH_IN,306.63,C000116,4068.83,3762.21,M000132,2006.1,2312.72,0,0
39,PAYMENT,1515.62,C000001,6659.37,5143.75,M000169,5373.49,6889.1,0,0
39,CASH_OUT,434.04,C000012,1312.68,878.64,M000040,21317.35,21751.39,0,0
39,PAYMENT,11750.04,C000137,5622.25,0.0,M000029,1067.79,12817.83,0,0
39,CASH_OUT,1018.38,C000220,7436.24,6417.87,M000080,14492.84,15511.22,0,0
39,PAYMENT,1899.48,C000141,13733.11,11833.63,M000013,10748.01,12647.48,0,0
39,PAYMENT,1464.35,C000049,10098.02,8633.67,M000027,3611.23,5075.58,0,0
39,PAYMENT,2116.29,C000089,3353.43,1237.14,M000034,10649.97,12766.26,0,0
39,PAYMENT,660.47,C000167,6096.45,5435.99,M000098,3732.41,4392.88,0,0
39,CASH_OUT,352.4,C000247,950.59,598.19,M000060,16440.07,16792.47,0,0
39,CASH_IN,2002.71,C000287,5321.23,3318.52,M000011,5807.11,7809.82,0,0
39,CASH_IN,101.04,C000220,3026.44,2925.4,M000008,24582.52,24683.55,0,0
39,CASH_OUT,1459.77,C000166,5765.41,4305.64,M000091,6248.95,7708.73,0,0
39,PAYMENT,84.85,C000256,12420.3,12335.45,M000192,8594.18,8679.02,0,0
39,CASH_OUT,1937.55,C000226,1311.49,0.0,M000185,77902.31,79839.86,0,0
39,CASH_OUT,758.47,C000141,24449.04,23690.57,M000176,1789.14,2547.61,0,0
39,PAYMENT,370.36,C000025,2883.84,2513.49,M000079,17142.21,17512.57,0,0
39,CASH_OUT,2329.68,C000025,5188.24,2858.55,M000025,4740.41,7070.09,0,0
39,PAYMENT,801.01,C000198,1662.19,861.18,M000099,6164.92,6965.94,0,0
39,PAYMENT,298.96,C000173,9508.61,9209.65,M000172,482.94,781.9,0,0
39,PAYMENT,3181.97,C000002,3110.57,0.0,M000199,2912.7,6094.67,0,0
39,CASH_IN,1465.48,C000239,2368.65,903.18,M000109,19327.33,20792.81,0,0
39,PAYMENT,2260.02,C000263,6765.21,4505.19,M000115,1919.39,4179.41,0,0
39,PAYMENT,243.4,C000288,8883.7,8640.29,M000125,7636.1,7879.5,0,0
39,CASH_OUT,556.19,C000008,1358.84,802.65,M000072,14813.0,15369.19,0,0
39,PAYMENT,126.84,C000021,2697.04,2570.19,M000193,3933.93,4060.78,0,0
39,PAYMENT,572.11,C000036,39282.99,38710.88,M000174,4224.77,4796.88,0,0
39,PAYMENT,261.74,C000283,5701.79,5440.04,M000025,3830.63,4092.37,0,0
39,CASH_IN,1512.98,C000100,7849.46,6336.49,M000156,8103.33,9616.31,0,0
39,TRANSFER,781.78,C000120,16858.05,16076.27,M000079,6013.74,6795.52,0,0
39,PAYMENT,183.75,C000042,4229.33,4045.59,M000118,23037.94,23221.69,0,0
39,CASH_OUT,285.0,C000006,11842.66,11557.66,M000164,2160.02,2445.02,0,0
39,CASH_OUT,2345.64,C000119,21259.05,18913.41,M000128,14282.74,16628.38,0,0
39,PAYMENT,372.4,C000171,1717.06,1344.66,M000063,2307.46,2679.86,0,0
39,PAYMENT,154.54,C000070,4733.67,4579.13,M000114,7991.03,8145.57,0,0
39,PAYMENT,72.58,C000134,6185.15,6112.57,M000187,2047.08,2119.66,0,0
39,TRANSFER,4557.2,C000039,3603.79,0.0,M000157,19837.61,24394.81,0,0
39,CASH_IN,162.79,C000109,1497.63,1334.83,M000112,15297.02,15459.81,0,0
39,CASH_IN,145.02,C000041,7562.28,7417.26,M000001,4623.5,4768.52,0,0
39,PAYMENT,938.41,C000105,12551.56,11613.15,M000188,17124.03,18062.43,0,0
39,TRANSFER,1144.21,C000212,5737.33,4593.12,M000055,7279.46,8423.67,0,0
39,TRANSFER,78.09,C000176,9188.52,9110.44,M000018,3651.45,3729.54,0,0
39,TRANSFER,1019.17,C000043,17761.83,16742.66,M000018,1721.72,2740.89,0,0
39,CASH_OUT,1889.35,C000013,12542.67,10653.32,M000010,13034.55,14923.9,0,0
39,PAYMENT,1171.01,C000166,1622.51,451.51,M000154,1426.95,2597.96,0,0
39,PAYMENT,72.01,C000015,1811.56,1739.55,M000033,24332.12,24404.13,0,0
39,PAYMENT,310.07,C000006,3951.84,3641.78,M000043,3271.06,3581.12,0,0
39,TRANSFER,429.05,C000069,4585.44,4156.4,M000017,2313.08,2742.13,0,0
39,CASH_OUT,568.47,C000157,4320.08,3751.61,M000022,9514.82,10083.29,0,0
39,PAYMENT,2376.61,C000040,11766.02,9389.42,M000058,2487.37,4863.98,0,0
39,PAYMENT,337.07,C000192,4617.39,4280.33,M000137,6383.83,6720.9,0,0
39,PAYMENT,94.0,C000241,14088.09,13994.1,M000096,4713.22,4807.22,0,0
39,CASH_IN,281.11,C000232,1638.96,1357.85,M000137,1991.17,2272.28,0,0
39,CASH_IN,849.12,C000199,3884.16,3035.04,M000052,23891.27,24740.39,0,0
39,PAYMENT,329.45,C000269,7321.16,6991.71,M000132,4038.93,4368.38,0,0
39,TRANSFER,305.83,C000096,4181.34,3875.5,M000177,2384.83,2690.66,0,0
39,TRANSFER,388.13,C000135,2711.15,2323.03,M000008,6002.58,6390.71,0,0
39,PAYMENT,373.72,C000263,2534.34,2160.62,M000131,1263.6,1637.32,0,0
39,PAYMENT,42.29,C000280,2082.46,2040.17,M000175,40006.64,40048.93,0,0
39,PAYMENT,1259.06,C000056,6483.23,5224.18,M000086,1713.72,2972.78,0,0
39,TRANSFER,488.24,C000212,2552.4,2064.16,M000134,3482.61,3970.84,0,0
39,PAYMENT,840.62,C000094,6399.8,5559.18,M000156,11141.82,11982.44,0,0
39,PAYMENT,79.2,C000294,3309.66,3230.46,M000179,27162.1,27241.3,0,0
39,TRANSFER,487.98,C000240,3760.67,3272.69,M000090,22967.63,23455.62,0,0
39,PAYMENT,149.49,C000032,4138.4,3988.92,M000145,8167.6,8317.09,0,0
39,PAYMENT,359.3,C000056,2296.54,1937.24,M000068,2012.75,2372.05,0,0
39,DEBIT,525.39,C000108,11778.62,11253.24,M000069,19321.01,19846.4,0,0
40,PAYMENT,179.64,C000195,3072.51,2892.87,M000199,891.66,1071.3,0,0
40,CASH_OUT,245.97,C000156,5473.66,5227.69,M000040,2324.53,2570.5,0,0
40,CASH_IN,496.1,C000180,1504.96,1008.86,M000087,9661.28,10157.39,0,0
40,PAYMENT,267.05,C000107,1016.49,749.43,M000033,1402.84,1669.89,0,0
40,PAYMENT,36.74,C000009,733.11,696.37,M000025,6223.62,6260.36,0,0
40,PAYMENT,177.26,C000291,5502.95,5325.69,M000104,3118.12,3295.38,0,0
40,PAYMENT,300.37,C000147,1494.22,1193.85,M000014,4851.15,5151.52,0,0
40,CASH_OUT,616.82,C000232,3386.19,2769.36,M000101,1525.03,2141.85,0,0
40,PAYMENT,620.3,C000287,3682.17,3061.87,M000160,1248.05,1868.35,0,0
40,TRANSFER,986.64,C000006,48085.9,47099.26,M000110,1592.95,2579.59,0,0
40,PAYMENT,2235.79,C000139,3578.44,1342.65,M000156,15752.56,17988.35,0,0
40,CASH_IN,231.84,C000218,1702.41,1470.57,M000082,3927.88,4159.72,0,0
40,PAYMENT,179.43,C000286,7946.22,7766.79,M000110,12924.4,13103.83,0,0
40,CASH_OUT,374.1,C000246,577.25,203.15,M000131,20387.03,20761.13,0,0
40,PAYMENT,133.54,C000282,15739.25,15605.71,M000136,15499.2,15632.74,0,0
40,TRANSFER,401.15,C000284,2308.69,1907.54,M000056,3577.36,3978.51,0,0
40,CASH_OUT,44.87,C000107,5396.83,5351.96,M000117,4652.8,4697.67,0,0
40,CASH_OUT,455.32,C000280,12333.14,11877.82,M000195,2584.88,3040.19,0,0
40,PAYMENT,533.4,C000202,292998.59,292465.19,M000039,51076.39,51609.79,0,0
40,PAYMENT,367.31,C000038,2930.46,2563.14,M000165,4300.27,4667.58,0,0
40,PAYMENT,1910.69,C000079,8707.76,6797.07,M000104,11899.2,13809.9,0,0
40,TRANSFER,243.47,C000124,6354.0,6110.54,M000155,1304.52,1547.99,0,0
40,PAYMENT,2016.31,C000111,9154.08,7137.77,M000127,11048.69,13065.0,0,0
40,PAYMENT,1742.31,C000202,1659.88,0.0,M000091,5425.99,7168.3,0,0
40,PAYMENT,93.76,C000067,3210.96,3117.19,M000103,556.85,650.62,0,0
40,PAYMENT,8928.07,C000267,687.49,0.0,M000126,2454.02,11382.09,0,0
40,CASH_OUT,781.48,C000053,36979.23,36197.75,M000011,5059.24,5840.72,0,0
40,TRANSFER,40.15,C000152,3544.49,3504.34,M000156,6856.13,6896.28,0,0
40,PAYMENT,286.21,C000048,4610.75,4324.54,M000082,4929.23,5215.44,0,0
40,PAYMENT,754.4,C000271,6927.24,6172.84,M000150,12762.24,13516.64,0,0
40,PAYMENT,308.64,C000173,8802.66,8494.02,M000001,12322.49,12631.13,0,0
40,PAYMENT,1390.69,C000090,5441.16,4050.48,M000039,5936.63,7327.31,0,0
40,PAYMENT,1028.3,C000139,3740.98,2712.68,M000104,2798.2,3826.5,0,0
40,PAYMENT,332.8,C000230,4940.46,4607.66,M000000,2296.81,2629.6,0,0
40,CASH_OUT,145.54,C000000,2788.86,2643.33,M000098,11364.99,11510.53,0,0
40,CASH_IN,2150.68,C000253,1740.0,0.0,M000130,3792.49,5943.17,0,0
40,CASH_IN,70983.65,C000171,9392.48,0.0,M000178,3241.02,74224.67,1,0
40,PAYMENT,1136.88,C000103,6914.99,5778.11,M000064,4971.95,6108.84,0,0
40,CASH_OUT,438.49,C000163,9678.6,9240.12,M000041,2304.93,2743.42,0,0
40,PAYMENT,3758.47,C000209,1153.55,0.0,M000059,12513.78,16272.25,0,0
40,CASH_IN,624.02,C000103,2708.69,2084.66,M000040,979.19,1603.21,0,0
40,CASH_OUT,3421.91,C000126,23391.62,19969.71,M000191,4342.62,7764.53,0,0
40,DEBIT,153.52,C000291,1351.76,1198.24,M000156,1919.57,2073.09,0,0
40,PAYMENT,195.9,C000286,5342.62,5146.71,M000134,13771.26,13967.16,0,0
40,PAYMENT,132.46,C000282,1010.26,877.8,M000034,1534.29,1666.75,0,0
40,CASH_OUT,1977.01,C000158,1765.89,0.0,M000081,36493.75,38470.76,0,0
40,PAYMENT,1278.16,C000013,4089.7,2811.54,M000193,3012.86,4291.02,0,0
40,PAYMENT,55.99,C000233,8216.82,8160.83,M000064,816.74,872.74,0,0
40,TRANSFER,128.74,C000261,1267.29,1138.55,M000177,3897.49,4026.23,0,0
40,CASH_IN,1089.41,C000195,9970.36,8880.95,M000020,13219.34,14308.75,0,0
40,CASH_OUT,586.65,C000254,6520.82,5934.17,M000087,6709.44,7296.1,0,0
40,CASH_OUT,2946.1,C000284,10197.84,7251.75,M000045,16134.06,19080.16,0,0
40,TRANSFER,236.38,C000296,16269.25,16032.87,M000051,4693.56,4929.94,0,0
40,PAYMENT,116.17,C000158,6107.99,5991.82,M000154,4309.05,4425.22,0,0
40,CASH_IN,158.95,C000238,6168.97,6010.02,M000169,18898.97,19057.91,0,0
40,PAYMENT,2403.47,C000096,8342.84,5939.37,M000109,19897.72,22301.19,0,0
40,TRANSFER,1877.63,C000043,31384.9,29507.28,M000007,1874.47,3752.1,0,0
40,PAYMENT,1873.3,C000018,7153.39,5280.09,M000138,4458.05,6331.35,0,0
40,PAYMENT,228.59,C000040,12578.5,12349.91,M000137,4597.68,4826.28,0,0
40,TRANSFER,1278.51,C000295,10141.77,8863.26,M000043,22740.16,24018.67,0,0
40,PAYMENT,2563.54,C000153,3601.27,1037.74,M000199,3150.05,5713.59,0,0
40,CASH_OUT,437.56,C000245,4967.31,4529.75,M000118,2820.95,3258.51,0,0
40,PAYMENT,3436.53,C000293,459.43,0.0,M000142,535.02,3971.55,0,0
40,PAYMENT,457.12,C000202,9309.63,8852.51,M000062,2792.62,3249.73,0,0
40,CASH_IN,381.85,C000204,13303.38,12921.53,M000154,2733.04,3114.89,0,0
40,CASH_IN,126.66,C000004,3624.44,3497.78,M000199,21082.59,21209.25,0,0
40,TRANSFER,551.96,C000016,2018.32,1466.36,M000060,27184.36,27736.32,0,0
40,PAYMENT,414.2,C000115,1794.9,1380.7,M000160,7406.87,7821.07,0,0
40,PAYMENT,5584.72,C000298,8470.96,2886.24,M000064,3716.8,9301.52,0,0
40,CASH_IN,598.72,C000265,2066.61,1467.9,M000109,5006.2,5604.91,0,0
40,CASH_IN,915.34,C000062,1192.88,277.54,M000152,15585.74,16501.07,0,0
40,PAYMENT,96.17,C000227,10527.28,10431.11,M000129,14258.19,14354.36,0,0
40,CASH_IN,1038.74,C000012,3060.28,2021.53,M000121,2386.3,3425.04,0,0
40,PAYMENT,90.39,C000234,1612.38,1522.0,M000129,2713.72,2804.11,0,0
40,PAYMENT,117.2,C000295,9138.6,9021.4,M000066,9352.75,9469.95,0,0
40,TRANSFER,205.41,C000289,715.99,510.59,M000027,27147.75,27353.16,0,0
40,TRANSFER,264.34,C000067,2475.99,2211.65,M000032,1645.04,1909.38,0,0
40,CASH_OUT,122.19,C000209,4854.92,4732.73,M000072,422.23,544.42,0,0
40,TRANSFER,1534.7,C000217,1534.63,0.0,M000090,22526.82,24061.52,0,0
40,PAYMENT,2850.63,C000235,2793.96,0.0,M000000,6886.95,9737.58,0,0
40,TRANSFER,697.91,C000177,2256.17,1558.27,M000016,23533.5,24231.41,0,0
40,PAYMENT,1513.56,C000244,1229.89,0.0,M000066,4628.03,6141.6,0,0
40,PAYMENT,67.71,C000295,1446.2,1378.49,M000177,5907.54,5975.24,0,0
40,TRANSFER,1446.02,C000041,14404.94,12958.92,M000166,13454.99,14901.01,0,0
40,TRANSFER,258.69,C000043,5926.71,5668.02,M000154,41422.93,41681.62,0,0
41,CASH_OUT,32.93,C000088,32165.26,32132.33,M000193,19299.86,19332.79,0,0
41,CASH_OUT,180.15,C000298,5581.43,5401.27,M000181,7642.36,7822.51,0,0
41,PAYMENT,718.75,C000143,45373.27,44654.52,M000140,3727.66,4446.4,0,0
41,CASH_OUT,274.68,C000094,6095.08,5820.4,M000023,8390.15,8664.83,0,0
41,TRANSFER,841.88,C000110,1387.34,545.46,M000040,4410.6,5252.48,0,0
41,TRANSFER,73.03,C000202,7911.49,7838.46,M000030,5609.75,5682.78,0,0
41,PAYMENT,643.72,C000004,3268.14,2624.41,M000062,2951.81,3595.53,0,0
41,CASH_OUT,468.62,C000220,1092.98,624.36,M000140,8725.75,9194.38,0,0
41,PAYMENT,115.8,C000146,890.45,774.65,M000125,10957.77,11073.57,0,0
41,PAYMENT,183.54,C000104,14927.87,14744.34,M000092,4155.36,4338.9,0,0
41,CASH_OUT,185.21,C000218,4885.5,4700.29,M000123,1763.22,1948.43,0,0
41,CASH_IN,159.05,C000263,24104.62,23945.57,M000161,16944.94,17103.99,0,0
41,PAYMENT,181.05,C000286,4662.48,4481.43,M000176,5791.84,5972.89,0,0
41,CASH_OUT,2147.37,C000271,56292.34,54144.97,M000043,17066.91,19214.27,0,0
41,TRANSFER,3975.48,C000139,13607.89,9632.41,M000096,13010.36,16985.84,0,0
41,PAYMENT,530.36,C000283,4860.68,4330.32,M000173,8768.96,9299.32,0,0
41,PAYMENT,1000.9,C000289,1856.34,855.45,M000184,3900.09,4900.99,0,0
41,TRANSFER,479.37,C000082,20319.24,19839.86,M000027,10218.35,10697.72,0,0
41,TRANSFER,364.26,C000223,4570.45,4206.19,M000053,13945.06,14309.32,0,0
41,PAYMENT,301.57,C000102,3418.15,3116.58,M000108,2454.01,2755.58,0,0
41,PAYMENT,307.27,C000002,14337.66,14030.4,M000025,1101.83,1409.1,0,0
41,PAYMENT,639.07,C000277,13197.22,12558.16,M000032,14616.52,15255.59,0,0
41,PAYMENT,1067.82,C000083,24344.13,23276.32,M000145,3103.14,4170.96,0,0
41,TRANSFER,565.99,C000286,3314.77,2748.78,M000060,4776.9,5342.89,0,0
41,PAYMENT,118.71,C000005,4287.18,4168.48,M000043,3860.72,3979.43,0,0
41,CASH_OUT,539.86,C000117,2515.04,1975.18,M000042,706.28,1246.15,0,0
41,TRANSFER,407.2,C000014,5109.99,4702.79,M000166,1940.79,2347.99,0,0
41,CASH_OUT,1414.89,C000235,2746.41,1331.52,M000071,1563.84,2978.73,0,0
41,PAYMENT,682.81,C000195,1976.86,1294.05,M000165,4079.6,4762.4,0,0
41,PAYMENT,186.9,C000000,27719.55,27532.65,M000116,4053.14,4240.04,0,0
41,CASH_IN,956.49,C000090,9101.06,8144.57,M000039,1947.79,2904.28,0,0
41,CASH_IN,171.69,C000191,3794.47,3622.78,M000058,2755.81,2927.5,0,0
41,CASH_OUT,789.59,C000037,896.87,107.28,M000199,2272.22,3061.81,0,0
41,TRANSFER,403.19,C000242,2731.84,2328.65,M000124,1772.88,2176.08,0,0
41,PAYMENT,369.44,C000057,6450.04,6080.6,M000050,19974.99,20344.43,0,0
41,PAYMENT,830.33,C000285,4277.9,3447.57,M000011,526.32,1356.65,0,0
41,CASH_OUT,64.34,C000007,5928.16,5863.82,M000001,2000.3,2064.64,0,0
41,CASH_IN,382.99,C000270,865.06,482.07,M000121,1892.94,2275.93,0,0
41,TRANSFER,403.43,C000126,9092.33,8688.9,M000043,4646.25,5049.68,0,0
41,TRANSFER,277.4,C000010,3924.25,3646.86,M000058,8725.15,9002.55,0,0
41,CASH_OUT,113.08,C000154,14991.34,14878.26,M000012,22870.92,22984.0,0,0
41,PAYMENT,2040.2,C000054,5075.98,3035.79,M000080,9764.24,11804.44,0,0
41,PAYMENT,317.09,C000203,2142.83,1825.74,M000198,3866.01,4183.1,0,0
41,TRANSFER,791.43,C000185,3809.76,3018.33,M000106,1580.94,2372.37,0,0
41,TRANSFER,2605.09,C000050,19540.79,16935.7,M000149,11237.41,13842.49,0,0
41,CASH_OUT,109.68,C000054,12614.61,12504.93,M000009,926.84,1036.52,0,0
41,CASH_IN,1238.66,C000190,6474.97,5236.31,M000119,2945.65,4184.31,0,0
41,CASH_IN,69.39,C000071,2419.6,2350.21,M000168,9589.87,9659.26,0,0
41,TRANSFER,117.19,C000079,9626.6,9509.41,M000089,50990.46,51107.65,0,0
41,CASH_OUT,601.29,C000086,830.87,229.58,M000085,2567.02,3168.3,0,0
41,PAYMENT,151.85,C000288,2011.38,1859.53,M000175,1313.37,1465.22,0,0
41,TRANSFER,576.61,C000203,22502.68,21926.07,M000186,7952.56,8529.18,0,0
41,CASH_OUT,606.04,C000209,6932.52,6326.48,M000008,2126.67,2732.71,0,0
41,PAYMENT,391.13,C000152,841.97,450.83,M000097,6168.82,6559.95,0,0
41,PAYMENT,371.1,C000035,39911.63,39540.53,M000158,8122.17,8493.27,0,0
41,CASH_OUT,231.17,C000248,5830.15,5598.98,M000193,3648.4,3879.56,0,0
41,DEBIT,614.7,C000152,3203.24,2588.54,M000068,6952.78,7567.48,0,0
41,PAYMENT,437.65,C000261,5238.21,4800.56,M000125,4342.72,4780.37,0,0
41,PAYMENT,98.04,C000040,2699.95,2601.91,M000027,14322.49,14420.53,0,0
41,CASH_OUT,350.13,C000106,1367.5,1017.37,M000102,11214.81,11564.94,0,0
41,CASH_IN,636.05,C000007,1728.48,1092.42,M000067,15069.54,15705.59,0,0
41,CASH_IN,1178.47,C000142,9002.71,7824.24,M000166,9291.87,10470.34,0,0
41,TRANSFER,393.4,C000230,3832.6,3439.2,M000118,190.31,583.7,0,0
41,PAYMENT,2532.41,C000246,5326.8,2794.39,M000197,2726.25,5258.67,0,0
41,PAYMENT,191.71,C000121,7782.15,7590.44,M000130,3837.21,4028.92,0,0
41,TRANSFER,2288.5,C000196,2644.52,356.02,M000066,6631.93,8920.43,0,0
41,CASH_OUT,734.2,C000259,16437.75,15703.55,M000037,6504.36,7238.56,0,0
41,PAYMENT,1446.91,C000136,2798.59,1351.69,M000022,2257.55,3704.46,0,0
41,CASH_OUT,114.99,C000049,24359.82,24244.83,M000129,27896.36,28011.35,0,0
41,CASH_IN,98.73,C000214,1117.03,1018.3,M000157,5612.08,5710.82,0,0
41,CASH_IN,213.86,C000125,1616.6,1402.74,M000066,900.6,1114.46,0,0
41,TRANSFER,1282.22,C000063,39564.42,38282.19,M000011,3143.76,4425.99,0,0
41,PAYMENT,436.84,C000030,9811.7,9374.86,M000052,810.45,1247.28,0,0
41,CASH_OUT,531.27,C000101,6959.23,6427.96,M000129,3563.69,4094.96,0,0
41,CASH_IN,456.62,C000182,923.19,466.58,M000128,1663.79,2120.41,0,0
41,CASH_IN,328.78,C000085,1928.41,1599.63,M000037,16472.83,16801.61,0,0
41,PAYMENT,764.22,C000155,14397.09,13632.87,M000159,3988.14,4752.36,0,0
42,PAYMENT,1225.23,C000142,6398.19,5172.96,M000033,4728.66,5953.89,0,0
42,TRANSFER,464.25,C000182,2796.06,2331.81,M000078,2891.57,3355.82,0,0
42,PAYMENT,161.1,C000194,2503.99,2342.89,M000174,4852.42,5013.52,0,0
42,PAYMENT,177.1,C000125,3160.79,2983.69,M000065,7197.87,7374.98,0,0
42,PAYMENT,220.28,C000007,4531.74,4311.46,M000174,6840.56,7060.84,0,0
42,TRANSFER,181.58,C000114,1628.79,1447.21,M000011,4742.8,4924.39,0,0
42,DEBIT,2115.66,C000186,9457.66,7342.0,M000027,12484.9,14600.56,0,0
42,CASH_IN,694.84,C000039,1682.57,987.72,M000082,5304.29,5999.13,0,0
42,PAYMENT,457.23,C000000,26368.05,25910.82,M000143,52271.02,52728.25,0,0
42,PAYMENT,54.93,C000209,17938.43,17883.5,M000184,2522.76,2577.7,0,0
42,CASH_IN,260.99,C000165,3551.06,3290.07,M000152,4045.62,4306.61,0,0
42,CASH_IN,247.67,C000292,2353.25,2105.57,M000168,5550.64,5798.31,0,0
42,PAYMENT,195.29,C000299,13793.07,13597.78,M000016,6233.6,6428.89,0,0
42,PAYMENT,830.47,C000180,2942.57,2112.1,M000098,8174.44,9004.91,0,0
42,PAYMENT,169.26,C000045,30286.38,30117.12,M000124,17608.49,17777.75,0,0
42,CASH_IN,187.1,C000156,776.54,589.44,M000121,2417.93,2605.03,0,0
42,PAYMENT,626.91,C000204,4907.13,4280.22,M000195,15482.5,16109.42,0,0
42,TRANSFER,204.68,C000069,1879.22,1674.54,M000197,4415.48,4620.16,0,0
42,CASH_OUT,977.14,C000279,4684.98,3707.83,M000189,1135.64,2112.78,0,0
42,TRANSFER,362.67,C000127,7955.84,7593.17,M000150,2314.89,2677.56,0,0
42,PAYMENT,487.73,C000176,4700.71,4212.98,M000085,3191.41,3679.15,0,0
42,CASH_OUT,1265.92,C000150,4411.02,3145.1,M000096,2004.57,3270.5,0,0
42,PAYMENT,414.9,C000216,12398.32,11983.42,M000139,6552.46,6967.36,0,0
42,CASH_IN,392.16,C000195,1325.49,933.33,M000173,13878.73,14270.89,0,0
42,PAYMENT,656.66,C000016,5309.55,4652.89,M000053,4040.23,4696.88,0,0
42,CASH_IN,1781.73,C000106,2626.65,844.93,M000062,6150.05,7931.77,0,0
42,TRANSFER,1649.03,C000280,1629.82,0.0,M000171,21974.36,23623.38,0,0
42,CASH_OUT,108.02,C000118,1418.77,1310.76,M000000,2050.06,2158.08,0,0
42,CASH_OUT,593.93,C000238,2913.96,2320.03,M000015,7356.76,7950.69,0,0
42,CASH_IN,183.32,C000145,17448.63,17265.31,M000127,18546.37,18729.69,0,0
42,CASH_IN,1724.14,C000264,9831.8,8107.66,M000143,4511.32,6235.47,0,0
42,TRANSFER,121.64,C000028,2436.8,2315.16,M000184,49546.66,49668.3,0,0
42,TRANSFER,35.68,C000260,2862.1,2826.42,M000078,6167.13,6202.81,0,0
42,CASH_OUT,674.7,C000039,3423.15,2748.44,M000023,4468.75,5143.45,0,0
42,PAYMENT,3560.31,C000249,6064.23,2503.92,M000057,813.6,4373.91,0,0
42,CASH_OUT,487.86,C000228,4379.22,3891.36,M000110,3931.15,4419.02,0,0
42,CASH_OUT,264.08,C000106,5289.88,5025.79,M000044,1949.76,2213.84,0,0
42,PAYMENT,373.46,C000295,15404.38,15030.92,M000112,1790.88,2164.34,0,0
42,CASH_OUT,395.07,C000171,1423.79,1028.72,M000002,2757.36,3152.43,0,0
42,CASH_OUT,220.78,C000080,6783.22,6562.45,M000041,6923.04,7143.82,0,0
42,PAYMENT,251.74,C000268,10719.39,10467.65,M000080,418.57,670.31,0,0
42,CASH_IN,189.91,C000158,5607.28,5417.37,M000105,15008.82,15198.74,0,0
42,CASH_OUT,117.84,C000221,7675.69,7557.85,M000164,5134.28,5252.11,0,0
42,PAYMENT,638.22,C000200,2560.56,1922.34,M000187,11198.88,11837.1,0,0
42,CASH_IN,257.53,C000065,8679.85,8422.32,M000014,10881.13,11138.66,0,0
42,CASH_IN,60.87,C000281,5084.77,5023.91,M000053,2390.9,2451.76,0,0
42,TRANSFER,1100.56,C000034,3391.82,2291.26,M000058,3263.55,4364.11,0,0
42,CASH_IN,583.11,C000144,14069.83,13486.72,M000078,11223.87,11806.98,0,0
42,PAYMENT,213.86,C000139,3808.25,3594.39,M000173,2907.41,3121.27,0,0
42,PAYMENT,274.6,C000010,3083.82,2809.22,M000190,10057.88,10332.48,0,0
42,CASH_OUT,165.5,C000057,6731.06,6565.56,M000161,2966.06,3131.56,0,0
42,TRANSFER,12610.7,C000283,5412.84,0.0,M000191,5685.63,18296.33,1,0
42,PAYMENT,211.49,C000117,6226.03,6014.55,M000090,6765.17,6976.66,0,0
42,PAYMENT,1310.44,C000070,12716.48,11406.04,M000021,4911.6,6222.03,0,0
42,CASH_OUT,225.52,C000048,1209.15,983.63,M000066,10998.7,11224.22,0,0
42,CASH_OUT,548.95,C000110,2186.23,1637.28,M000053,1613.58,2162.53,0,0
42,PAYMENT,405.13,C000145,16002.07,15596.94,M000081,29491.04,29896.17,0,0
42,PAYMENT,164.54,C000150,2375.31,2210.77,M000087,11884.26,12048.8,0,0
42,CASH_OUT,748.47,C000048,13751.5,13003.03,M000022,6749.16,7497.63,0,0
42,PAYMENT,339.65,C000286,3114.53,2774.88,M000022,18018.43,18358.08,0,0
42,CASH_OUT,440.77,C000062,3930.42,3489.65,M000171,16144.08,16584.85,0,0
42,PAYMENT,4311.42,C000093,489.78,0.0,M000120,3900.34,8211.76,0,0
42,CASH_IN,599.02,C000059,12419.28,11820.26,M000003,6418.39,7017.41,0,0
42,TRANSFER,389.84,C000014,2467.6,2077.76,M000021,5979.69,6369.53,0,0
42,TRANSFER,630.61,C000255,13957.59,13326.98,M000077,35345.92,35976.53,0,0
42,DEBIT,463.32,C000182,1426.21,962.89,M000046,2332.45,2795.76,0,0
42,TRANSFER,205.35,C000216,48741.18,48535.83,M000161,11086.57,11291.92,0,0
42,PAYMENT,150.45,C000101,4619.83,4469.38,M000029,3220.17,3370.62,0,0
42,PAYMENT,458.07,C000207,18162.08,17704.01,M000124,16335.87,16793.94,0,0
42,PAYMENT,16.23,C000162,14728.43,14712.2,M000146,12598.01,12614.24,0,0
42,PAYMENT,139.83,C000244,6227.87,6088.04,M000060,17830.8,17970.63,0,0
42,TRANSFER,56.11,C000072,3267.06,3210.96,M000122,1386.73,1442.83,0,0
42,PAYMENT,887.74,C000282,2097.82,1210.08,M000064,6746.35,7634.09,0,0
42,CASH_IN,1299.0,C000009,1924.83,625.83,M000162,13302.82,14601.83,0,0
42,PAYMENT,1205.54,C000001,52285.0,51079.46,M000190,8993.41,10198.95,0,0
42,TRANSFER,1313.34,C000284,3367.97,2054.63,M000060,1256.18,2569.51,0,0
42,CASH_OUT,1101.43,C000288,6489.83,5388.4,M000144,2398.6,3500.03,0,0
42,CASH_IN,3614.91,C000271,7093.01,3478.1,M000072,3497.01,7111.92,0,0
42,CASH_OUT,1118.74,C000155,1673.96,555.22,M000181,4711.72,5830.46,0,0
42,PAYMENT,1848.07,C000024,7195.32,5347.25,M000011,3156.26,5004.33,0,0
42,PAYMENT,968.62,C000221,2883.79,1915.17,M000129,25373.38,26342.0,0,0
42,PAYMENT,5390.16,C000144,1732.18,0.0,M000033,18454.23,23844.39,0,0
42,CASH_OUT,3643.54,C000104,5841.43,2197.89,M000198,23020.16,26663.7,0,0
42,PAYMENT,451.15,C000104,7376.78,6925.63,M000134,31063.92,31515.07,0,0
42,PAYMENT,670.8,C000224,3446.73,2775.92,M000161,1255.76,1926.56,0,0
43,CASH_IN,1652.44,C000214,3648.32,1995.88,M000008,21315.26,22967.71,0,0
43,PAYMENT,54.8,C000169,4413.46,4358.66,M000029,12537.79,12592.59,0,0
43,DEBIT,131.77,C000004,13639.69,13507.92,M000144,18508.34,18640.11,0,0
43,PAYMENT,484.99,C000272,4456.49,3971.5,M000014,12131.04,12616.02,0,0
43,CASH_OUT,1655.63,C000141,6847.41,5191.78,M000104,18649.29,20304.91,0,0
43,CASH_OUT,637.56,C000128,1919.79,1282.23,M000152,5805.01,6442.57,0,0
43,PAYMENT,4354.54,C000051,15771.6,11417.06,M000174,5035.63,9390.18,0,0
43,CASH_OUT,506.05,C000031,2563.23,2057.18,M000062,3783.26,4289.31,0,0
43,PAYMENT,902.16,C000293,21218.94,20316.78,M000070,2459.53,3361.69,0,0
43,CASH_IN,1749.51,C000060,558.73,0.0,M000176,9291.87,11041.38,0,0
43,TRANSFER,47.35,C000020,5290.52,5243.17,M000198,1376.39,1423.74,0,0
43,TRANSFER,999.34,C000010,7768.5,6769.15,M000190,6893.04,7892.38,0,0
43,TRANSFER,229.55,C000036,2929.29,2699.74,M000151,4602.33,4831.88,0,0
43,PAYMENT,377.53,C000153,40457.83,40080.3,M000047,8917.5,9295.03,0,0
43,PAYMENT,275.44,C000191,1791.73,1516.29,M000073,6245.16,6520.6,0,0
43,CASH_IN,78.43,C000120,6953.84,6875.41,M000061,10960.69,11039.12,0,0
43,PAYMENT,303.2,C000115,7866.92,7563.72,M000115,9378.71,9681.91,0,0
43,CASH_OUT,143.56,C000006,610.71,467.16,M000161,667.2,810.76,0,0
43,PAYMENT,494.54,C000067,3946.68,3452.13,M000100,5190.26,5684.81,0,0
43,PAYMENT,454.56,C000270,8036.72,7582.16,M000053,4082.36,4536.92,0,0
43,PAYMENT,334.94,C000219,4581.16,4246.23,M000029,6808.18,7143.12,0,0
43,PAYMENT,335.93,C000273,4364.51,4028.57,M000055,9625.02,9960.95,0,0
43,PAYMENT,858.56,C000272,4864.29,4005.72,M000174,11321.8,12180.37,0,0
43,TRANSFER,189.34,C000036,2089.15,1899.81,M000137,13305.32,13494.67,0,0
43,CASH_OUT,202.9,C000039,2844.59,2641.69,M000069,4783.03,4985.92,0,0
43,CASH_OUT,122.76,C000152,5417.47,5294.71,M000121,2130.05,2252.81,0,0
43,DEBIT,2816.85,C000230,5729.28,2912.43,M000083,12331.01,15147.86,0,0
43,PAYMENT,480.46,C000153,1249.14,768.68,M000078,1705.35,2185.81,0,0
43,DEBIT,573.05,C000184,2097.58,1524.53,M000077,3954.68,4527.73,0,0
43,CASH_OUT,150.21,C000152,10162.47,10012.26,M000188,18383.9,18534.12,0,0
43,CASH_IN,85.05,C000278,2501.18,2416.13,M000173,5547.91,5632.96,0,0
43,PAYMENT,616.1,C000238,3487.18,2871.08,M000052,6232.09,6848.19,0,0
43,TRANSFER,843.87,C000040,4433.38,3589.5,M000025,11594.16,12438.04,0,0
43,CASH_OUT,159.71,C000236,16576.97,16417.26,M000184,6758.74,6918.45,0,0
43,CASH_OUT,1421.22,C000160,3009.58,1588.36,M000056,12294.81,13716.03,0,0
43,TRANSFER,1458.06,C000098,2468.22,1010.16,M000098,6160.91,7618.97,0,0
43,CASH_IN,210.15,C000022,1505.96,1295.8,M000032,2120.36,2330.52,0,0
43,TRANSFER,406.27,C000228,1839.74,1433.47,M000111,2138.62,2544.88,0,0
43,CASH_OUT,955.51,C000258,11972.39,11016.88,M000167,41295.91,42251.42,0,0
43,CASH_OUT,3772.37,C000132,9042.26,5269.89,M000019,577.6,4349.97,0,0
43,PAYMENT,205.72,C000129,5647.59,5441.86,M000169,16146.29,16352.02,0,0
43,TRANSFER,687.57,C000099,5084.13,4396.56,M000034,3558.39,4245.96,0,0
43,CASH_OUT,8501.26,C000240,34195.57,25694.31,M000066,2050.51,10551.77,1,0
43,TRANSFER,58.9,C000185,3363.61,3304.72,M000065,7777.09,7835.99,0,0
43,CASH_OUT,585.19,C000282,3717.11,3131.92,M000091,21820.43,22405.61,0,0
43,TRANSFER,770.09,C000281,12049.15,11279.05,M000150,3863.71,4633.81,0,0
43,DEBIT,3265.94,C000165,4635.94,1370.0,M000169,16847.44,20113.37,0,0
43,PAYMENT,692.92,C000126,1480.83,787.91,M000104,15143.48,15836.4,0,0
43,CASH_OUT,2925.4,C000290,2773.32,0.0,M000081,846.11,3771.52,0,0
43,TRANSFER,510.42,C000167,5465.84,4955.41,M000046,1669.1,2179.52,0,0
43,TRANSFER,794.15,C000060,885.61,91.46,M000080,2346.1,3140.25,0,0
43,PAYMENT,2826.53,C000194,18797.33,15970.79,M000180,4990.34,7816.88,0,0
43,CASH_IN,718.67,C000096,1013.7,295.03,M000135,1161.83,1880.49,0,0
43,CASH_OUT,2364.68,C000003,7248.77,4884.1,M000084,24781.2,27145.88,0,0
43,CASH_IN,436.8,C000090,19003.79,18567.0,M000123,5804.78,6241.58,0,0
43,PAYMENT,930.42,C000101,8598.08,7667.66,M000136,9037.62,9968.04,0,0
43,PAYMENT,565.2,C000261,19752.15,19186.96,M000147,5803.18,6368.38,0,0
43,CASH_OUT,391.15,C000235,3628.46,3237.31,M000025,7530.28,7921.42,0,0
43,TRANSFER,3234.51,C000086,4156.21,921.7,M000050,33272.99,36507.5,0,0
43,PAYMENT,330.67,C000107,9273.44,8942.77,M000040,9534.67,9865.34,0,0
43,CASH_OUT,2172.54,C000090,4358.9,2186.36,M000131,4339.32,6511.86,0,0
43,TRANSFER,2219.95,C000046,11171.01,8951.06,M000145,4053.23,6273.18,0,0
43,DEBIT,477.11,C000049,1828.26,1351.15,M000093,20580.38,21057.48,0,0
43,TRANSFER,3435.56,C000269,33687.8,30252.24,M000054,911.51,4347.07,1,0
43,CASH_OUT,205.47,C000170,4755.47,4550.0,M000199,4252.35,4457.82,0,0
43,CASH_OUT,3506.43,C000222,4507.94,1001.5,M000013,2750.96,6257.4,0,0
43,TRANSFER,174.83,C000071,11038.1,10863.27,M000188,10178.02,10352.85,0,0
43,CASH_IN,698.47,C000268,2659.86,1961.39,M000061,9948.73,10647.21,0,0
43,CASH_OUT,504.05,C000265,5420.89,4916.85,M000004,2845.13,3349.18,0,0
43,TRANSFER,3068.22,C000236,16857.03,13788.8,M000059,2776.98,5845.2,0,0
43,DEBIT,468.02,C000073,2471.21,2003.2,M000195,1657.59,2125.6,0,0
43,TRANSFER,429.0,C000242,16782.75,16353.75,M000131,5358.64,5787.64,0,0
44,TRANSFER,420.19,C000245,13871.63,13451.45,M000124,22720.82,23141.01,0,0
44,CASH_IN,107.01,C000010,4923.54,4816.52,M000040,12904.77,13011.79,0,0
44,CASH_OUT,457.48,C000261,8455.46,7997.98,M000003,5912.75,6370.23,0,0
44,TRANSFER,775.62,C000112,10198.3,9422.68,M000172,7163.73,7939.36,0,0
44,PAYMENT,1753.18,C000087,7513.47,5760.29,M000107,3156.99,4910.17,0,0
44,CASH_OUT,2363.76,C000248,2011.79,0.0,M000097,9442.52,11806.29,0,0
44,PAYMENT,8220.31,C000233,15070.71,6850.4,M000174,365.87,8586.18,0,0
44,TRANSFER,207.69,C000140,4401.68,4193.98,M000197,3316.71,3524.4,0,0
44,PAYMENT,2515.62,C000181,2777.67,262.04,M000047,1580.29,4095.91,0,0
44,CASH_OUT,380.72,C000157,2926.94,2546.23,M000121,463.79,844.5,0,0
44,PAYMENT,118.0,C000104,1319.54,1201.54,M000089,1593.31,1711.31,0,0
44,CASH_IN,509.74,C000216,5656.34,5146.6,M000075,5416.83,5926.56,0,0
44,CASH_OUT,436.93,C000226,11652.71,11215.78,M000113,3559.81,3996.75,0,0
44,PAYMENT,640.75,C000126,2300.56,1659.81,M000180,9261.96,9902.71,0,0
44,TRANSFER,214.54,C000201,23044.47,22829.92,M000156,9573.9,9788.45,0,0
44,CASH_OUT,67.01,C000225,24004.75,23937.74,M000002,12899.3,12966.31,0,0
44,PAYMENT,2086.12,C000090,2533.11,447.0,M000070,1441.79,3527.91,0,0
44,CASH_OUT,566.36,C000035,1167.13,600.77,M000066,2221.37,2787.73,0,0
44,CASH_OUT,1209.79,C000081,17894.45,16684.66,M000094,3320.85,4530.64,0,0
44,CASH_IN,472.94,C000238,17808.43,17335.49,M000074,3115.97,3588.91,0,0
44,DEBIT,1638.35,C000052,5921.66,4283.31,M000130,5081.54,6719.89,0,0
44,CASH_OUT,926.42,C000299,1199.53,273.11,M000134,14771.09,15697.51,0,0
44,PAYMENT,73.73,C000178,11118.1,11044.37,M000035,6192.14,6265.87,0,0
44,CASH_IN,367.92,C000176,5864.66,5496.74,M000044,1572.54,1940.45,0,0
44,CASH_OUT,147.72,C000033,19488.35,19340.62,M000013,16983.07,17130.79,0,0
44,TRANSFER,806.65,C000027,3538.62,2731.97,M000065,3859.28,4665.93,0,0
44,TRANSFER,3685.36,C000145,3800.84,115.48,M000188,2814.59,6499.94,0,0
44,CASH_IN,3189.9,C000272,9621.28,6431.38,M000029,9538.6,12728.51,0,0
44,PAYMENT,389.35,C000236,3078.04,2688.69,M000090,2911.63,3300.98,0,0
44,TRANSFER,1111.57,C000097,4916.29,3804.71,M000010,2487.97,3599.54,0,0
44,DEBIT,415.93,C000118,2111.15,1695.21,M000198,7339.24,7755.17,0,0
44,PAYMENT,733.32,C000297,8289.51,7556.19,M000003,3824.16,4557.47,0,0
44,PAYMENT,615.73,C000014,8417.72,7801.98,M000192,6733.3,7349.03,0,0
44,TRANSFER,400.58,C000094,6663.39,6262.81,M000049,2739.01,3139.6,0,0
44,PAYMENT,357.99,C000074,2158.57,1800.58,M000098,62190.44,62548.43,0,0
44,PAYMENT,248.38,C000251,31058.32,30809.94,M000169,9075.26,9323.63,0,0
44,CASH_IN,675.83,C000057,8176.18,7500.35,M000060,3863.43,4539.25,0,0
44,PAYMENT,530.98,C000048,3112.56,2581.59,M000026,2459.03,2990.0,0,0
44,CASH_OUT,2420.06,C000187,2889.67,469.6,M000087,20659.17,23079.24,0,0
44,CASH_OUT,838.53,C000268,14248.31,13409.78,M000126,3778.05,4616.57,0,0
44,CASH_IN,659.65,C000163,1845.4,1185.75,M000138,16269.53,16929.18,0,0
44,TRANSFER,1320.57,C000263,3687.32,2366.75,M000121,1767.62,3088.19,0,0
44,PAYMENT,643.04,C000155,425.03,0.0,M000013,2904.46,3547.5,0,0
44,CASH_OUT,270.39,C000129,926.18,655.79,M000104,2300.93,2571.32,0,0
44,CASH_OUT,170.49,C000192,4327.09,4156.6,M000186,11093.97,11264.46,0,0
44,TRANSFER,3811.9,C000055,4915.6,1103.71,M000047,10286.55,14098.45,0,0
44,TRANSFER,327.22,C000285,3617.97,3290.74,M000112,4490.34,4817.56,0,0
44,TRANSFER,273.01,C000238,8698.33,8425.33,M000185,5443.72,5716.72,0,0
44,TRANSFER,1152.08,C000177,2182.49,1030.42,M000190,15106.29,16258.37,0,0
44,PAYMENT,370.02,C000137,2560.69,2190.68,M000070,6549.89,6919.91,0,0
44,TRANSFER,733.76,C000229,11501.1,10767.34,M000050,9797.61,10531.37,0,0
44,PAYMENT,834.77,C000030,4793.87,3959.1,M000063,1510.33,2345.1,0,0
44,PAYMENT,974.26,C000121,2417.48,1443.22,M000138,18756.08,19730.34,0,0
44,TRANSFER,251.95,C000007,1113.93,861.98,M000045,8665.6,8917.55,0,0
44,CASH_OUT,1424.47,C000073,2449.08,1024.6,M000010,764.37,2188.84,0,0
44,PAYMENT,212.38,C000236,3230.17,3017.79,M000110,10158.48,10370.86,0,0
44,PAYMENT,905.48,C000183,9421.48,8516.0,M000141,43510.78,44416.26,0,0
44,CASH_OUT,230.06,C000296,2008.34,1778.28,M000031,4809.48,5039.54,0,0
44,CASH_OUT,2190.27,C000065,67604.94,65414.67,M000185,3935.53,6125.8,0,0
44,TRANSFER,207.08,C000213,2607.51,2400.44,M000195,3051.77,3258.85,0,0
44,CASH_OUT,632.64,C000040,3648.21,3015.57,M000073,4857.31,5489.95,0,0
44,CASH_OUT,471.7,C000260,6291.02,5819.32,M000172,5892.39,6364.09,0,0
44,PAYMENT,727.68,C000127,5432.53,4704.85,M000044,3933.78,4661.46,0,0
44,PAYMENT,442.79,C000100,13688.83,13246.03,M000059,13545.92,13988.71,0,0
44,CASH_IN,228.16,C000250,1633.66,1405.5,M000149,4264.14,4492.3,0,0
44,DEBIT,525.05,C000095,3499.62,2974.57,M000160,18619.01,19144.06,0,0
44,PAYMENT,159.09,C000049,6887.57,6728.48,M000119,17867.43,18026.52,0,0
44,CASH_OUT,2489.81,C000295,428.98,0.0,M000083,24214.17,26703.98,0,0
44,CASH_OUT,1041.4,C000209,2811.03,1769.62,M000034,4521.68,5563.08,0,0
44,PAYMENT,802.23,C000291,1036.27,234.04,M000135,2222.49,3024.72,0,0
44,TRANSFER,837.47,C000244,2845.25,2007.79,M000124,637.9,1475.37,0,0
44,PAYMENT,198.22,C000287,13383.18,13184.96,M000052,15737.23,15935.45,0,0
44,CASH_IN,329.83,C000066,25812.64,25482.81,M000052,7735.97,8065.8,0,0
44,TRANSFER,63.71,C000220,2147.55,2083.84,M000018,3141.74,3205.45,0,0
44,TRANSFER,1062.66,C000231,7821.1,6758.44,M000054,13071.26,14133.92,0,0
44,PAYMENT,2521.53,C000119,4636.92,2115.39,M000057,39914.99,42436.53,0,0
44,TRANSFER,459.13,C000254,7705.15,7246.02,M000103,10690.57,11149.7,0,0
44,CASH_OUT,2221.13,C000247,6523.3,4302.17,M000139,7394.13,9615.26,0,0
44,CASH_OUT,779.76,C000191,63563.71,62783.96,M000045,5130.6,5910.35,0,0
44,PAYMENT,169.45,C000114,6532.89,6363.44,M000118,17354.96,17524.41,0,0
44,PAYMENT,324.18,C000190,5602.01,5277.83,M000189,6399.25,6723.43,0,0
44,TRANSFER,7757.14,C000132,18570.02,10812.88,M000091,24137.82,31894.96,0,0
44,PAYMENT,339.9,C000140,10959.45,10619.55,M000026,5949.49,6289.39,0,0
44,CASH_OUT,315.93,C000248,36034.86,35718.93,M000128,6346.28,6662.21,0,0
44,PAYMENT,855.87,C000165,8682.85,7826.98,M000136,3910.97,4766.84,0,0
44,PAYMENT,1281.18,C000072,2314.46,1033.29,M000113,12586.14,13867.32,0,0
44,CASH_OUT,333.55,C000231,29575.75,29242.19,M000027,8300.04,8633.6,0,0
44,PAYMENT,344.39,C000179,2466.13,2121.74,M000034,11303.66,11648.04,0,0
44,CASH_OUT,178.54,C000239,1320.14,1141.6,M000169,3368.54,3547.08,0,0
44,TRANSFER,649.03,C000097,6888.34,6239.32,M000134,5220.26,5869.29,0,0
44,PAYMENT,2282.96,C000192,2374.36,91.4,M000088,4316.57,6599.53,0,0
44,PAYMENT,303.2,C000155,7894.19,7590.99,M000005,11941.96,12245.17,0,0
44,PAYMENT,280.78,C000058,36572.99,36292.2,M000128,2137.81,2418.59,0,0
44,CASH_OUT,506.52,C000200,3229.85,2723.34,M000169,3212.78,3719.3,0,0
45,CASH_OUT,300.73,C000244,2060.28,1759.55,M000043,1112.93,1413.66,0,0
45,CASH_OUT,610.26,C000212,2387.07,1776.82,M000110,2634.37,3244.63,0,0
45,PAYMENT,1624.24,C000179,2427.73,803.49,M000078,1512.45,3136.69,0,0
45,PAYMENT,1099.48,C000255,1791.28,691.8,M000068,8639.63,9739.1,0,0
45,PAYMENT,1252.27,C000236,19303.55,18051.28,M000058,3395.07,4647.34,0,0
45,PAYMENT,736.85,C000112,14913.93,14177.09,M000153,20336.77,21073.61,0,0
45,CASH_IN,490.74,C000152,2820.96,2330.23,M000090,2001.81,2492.54,0,0
45,TRANSFER,170.97,C000015,1243.49,1072.51,M000044,756.47,927.44,0,0
45,CASH_OUT,365.51,C000241,9918.68,9553.16,M000175,4058.06,4423.58,0,0
45,CASH_OUT,797.3,C000015,9484.01,8686.7,M000145,42060.81,42858.11,0,0
45,TRANSFER,123.46,C000053,4417.82,4294.36,M000082,3612.05,3735.52,0,0
45,PAYMENT,329.36,C000032,11261.98,10932.62,M000078,6288.88,6618.24,0,0
45,PAYMENT,288.25,C000020,7457.92,7169.67,M000186,34138.14,34426.4,0,0
45,DEBIT,172.07,C000101,1078.47,906.41,M000017,16198.31,16370.37,0,0
45,CASH_OUT,347.87,C000256,8683.44,8335.57,M000065,17256.02,17603.89,0,0
45,TRANSFER,1073.11,C000103,14935.62,13862.51,M000084,2318.91,3392.02,0,0
45,PAYMENT,861.63,C000162,11916.43,11054.81,M000078,10932.24,11793.87,0,0
45,CASH_OUT,1014.48,C000170,39635.42,38620.94,M000185,1625.11,2639.59,0,0
45,CASH_OUT,308.57,C000259,3606.97,3298.41,M000083,4836.0,5144.57,0,0
45,PAYMENT,503.3,C000020,9093.7,8590.4,M000179,19671.24,20174.54,0,0
45,PAYMENT,250.24,C000025,3526.8,3276.56,M000026,5596.71,5846.95,0,0
45,CASH_OUT,598.19,C000119,7353.56,6755.36,M000058,8327.95,8926.14,0,0
45,PAYMENT,933.52,C000045,10200.15,9266.63,M000167,2786.23,3719.76,0,0
45,CASH_IN,343.67,C000202,6562.49,6218.82,M000040,2870.57,3214.24,0,0
45,PAYMENT,374.52,C000087,18021.8,17647.28,M000094,5341.59,5716.11,0,0
45,TRANSFER,752.94,C000091,5489.05,4736.11,M000085,15361.49,16114.44,0,0
45,PAYMENT,176.92,C000021,4144.14,3967.22,M000192,3489.0,3665.92,0,0
45,TRANSFER,1010.52,C000215,6501.45,5490.93,M000144,1346.42,2356.94,0,0
45,TRANSFER,1443.17,C000050,2718.74,1275.56,M000058,788.65,2231.83,0,0
45,PAYMENT,106.17,C000052,2122.48,2016.32,M000181,4580.27,4686.44,0,0
45,CASH_OUT,1421.61,C000000,1348.53,0.0,M000098,1662.02,3083.63,0,0
45,PAYMENT,3031.76,C000177,3889.3,857.54,M000196,2531.9,5563.66,0,0
45,PAYMENT,1375.51,C000286,1497.57,122.05,M000048,45651.79,47027.3,0,0
45,CASH_OUT,208.17,C000130,5571.19,5363.02,M000121,23696.04,23904.22,0,0
45,TRANSFER,477.14,C000095,4535.72,4058.57,M000127,15365.18,15842.32,0,0
45,CASH_IN,137.1,C000014,12599.21,12462.11,M000176,6105.31,6242.41,0,0
45,CASH_OUT,504.26,C000087,2172.06,1667.8,M000052,7661.88,8166.14,0,0
45,CASH_OUT,561.49,C000274,14948.97,14387.48,M000193,21328.98,21890.47,0,0
45,PAYMENT,5491.07,C000208,2113.71,0.0,M000085,1457.43,6948.5,0,0
45,CASH_OUT,795.78,C000254,53924.73,53128.94,M000005,1361.17,2156.96,0,0
45,CASH_IN,138.59,C000048,8915.07,8776.48,M000150,15900.21,16038.8,0,0
45,TRANSFER,324.09,C000275,4290.15,3966.06,M000120,2749.12,3073.21,0,0
45,PAYMENT,148.49,C000134,4833.11,4684.62,M000021,10352.42,10500.91,0,0
45,DEBIT,1661.27,C000076,886.3,0.0,M000189,7435.57,9096.84,0,0
45,PAYMENT,701.84,C000140,8128.56,7426.72,M000107,3196.54,3898.38,0,0
45,TRANSFER,4007.98,C000216,1518.72,0.0,M000192,33221.0,37228.98,0,0
45,TRANSFER,678.81,C000265,3517.74,2838.94,M000069,1620.39,2299.2,0,0
45,CASH_IN,228.57,C000126,4840.66,4612.1,M000121,4192.55,4421.12,0,0
45,TRANSFER,143.09,C000260,3056.19,2913.1,M000121,5020.22,5163.31,0,0
45,PAYMENT,353.49,C000074,6060.36,5706.86,M000154,3088.31,3441.81,0,0
45,TRANSFER,477.06,C000106,4736.91,4259.85,M000161,7397.61,7874.67,0,0
45,PAYMENT,466.88,C000271,3362.75,2895.87,M000023,6145.78,6612.66,0,0
45,PAYMENT,88.55,C000283,2140.04,2051.49,M000151,8784.75,8873.3,0,0
45,TRANSFER,623.38,C000183,16956.55,16333.17,M000010,9675.07,10298.46,0,0
45,PAYMENT,3007.32,C000187,2631.83,0.0,M000097,20157.79,23165.11,0,0
45,PAYMENT,1738.09,C000128,11452.91,9714.82,M000069,2900.04,4638.13,0,0
45,CASH_OUT,381.88,C000221,3941.28,3559.39,M000144,7595.63,7977.52,0,0
45,CASH_OUT,1568.41,C000147,4091.26,2522.85,M000082,2271.38,3839.79,0,0
45,TRANSFER,294.28,C000095,5543.53,5249.25,M000182,1858.53,2152.82,0,0
45,CASH_OUT,143.09,C000054,3722.99,3579.9,M000189,18935.64,19078.74,0,0
45,PAYMENT,638.23,C000022,11664.24,11026.01,M000079,28881.85,29520.08,0,0
45,CASH_IN,1845.82,C000189,8920.25,7074.43,M000005,1501.45,3347.27,0,0
45,PAYMENT,147.56,C000224,6757.21,6609.66,M000149,16428.87,16576.43,0,0
45,PAYMENT,7403.91,C000214,12799.99,5396.08,M000103,18401.34,25805.25,1,0
45,DEBIT,1686.61,C000004,8131.18,6444.56,M000160,11676.55,13363.16,0,0
45,CASH_IN,1719.28,C000180,3443.38,1724.1,M000030,4679.43,6398.71,0,0
45,PAYMENT,394.35,C000173,3070.36,2676.01,M000042,4491.31,4885.66,0,0
45,TRANSFER,164.79,C000020,2204.58,2039.79,M000044,2911.83,3076.63,0,0
45,PAYMENT,788.21,C000042,3147.89,2359.69,M000162,7556.46,8344.67,0,0
45,TRANSFER,115.6,C000146,1098.28,982.67,M000096,12102.96,12218.57,0,0
45,PAYMENT,283.09,C000256,3098.79,2815.7,M000169,5657.15,5940.24,0,0
45,CASH_OUT,1395.55,C000011,8218.25,6822.71,M000110,9175.95,10571.49,0,0
45,CASH_OUT,7805.36,C000114,1236.99,0.0,M000008,3197.52,11002.89,0,0
46,PAYMENT,4154.11,C000266,12779.34,8625.23,M000178,6540.57,10694.68,0,0
46,PAYMENT,450.14,C000198,3880.11,3429.97,M000116,7860.67,8310.81,0,0
46,CASH_IN,209.54,C000058,5814.94,5605.41,M000065,2417.87,2627.41,0,0
46,PAYMENT,92.46,C000083,4127.18,4034.72,M000034,9408.98,9501.44,0,0
46,CASH_IN,455.36,C000234,3794.14,3338.78,M000175,12579.36,13034.72,0,0
46,TRANSFER,90.16,C000065,116639.2,116549.04,M000140,11844.67,11934.83,0,0
46,CASH_IN,492.93,C000058,6249.77,5756.84,M000121,4255.4,4748.33,0,0
46,TRANSFER,138.74,C000028,7349.1,7210.36,M000029,27542.5,27681.24,0,0
46,CASH_OUT,513.29,C000278,5437.89,4924.59,M000166,3864.79,4378.09,0,0
46,PAYMENT,744.46,C000126,20435.88,19691.42,M000028,3141.02,3885.48,0,0
46,CASH_IN,559.18,C000293,4156.15,3596.97,M000150,32791.31,33350.49,0,0
46,CASH_IN,4317.38,C000188,907.82,0.0,M000071,14674.45,18991.83,0,0
46,TRANSFER,497.93,C000292,26670.33,26172.4,M000026,2435.74,2933.67,0,0
46,CASH_IN,799.87,C000096,4758.09,3958.22,M000193,10494.29,11294.16,0,0
46,CASH_OUT,510.24,C000148,2395.52,1885.28,M000094,3065.34,3575.58,0,0
46,TRANSFER,416.65,C000187,2213.57,1796.92,M000188,12226.24,12642.89,0,0
46,PAYMENT,1516.11,C000207,11869.85,10353.74,M000163,1339.98,2856.09,0,0
46,PAYMENT,710.52,C000113,811.1,100.58,M000040,1890.69,2601.21,0,0
46,TRANSFER,680.67,C000042,1458.66,777.99,M000023,2695.91,3376.58,0,0
46,TRANSFER,665.81,C000209,7122.86,6457.05,M000183,7210.19,7875.99,0,0
46,PAYMENT,2867.91,C000117,51395.37,48527.46,M000128,1714.21,4582.12,0,0
46,CASH_OUT,118.03,C000086,4588.57,4470.54,M000038,649.01,767.03,0,0
46,TRANSFER,196.49,C000073,3135.14,2938.65,M000046,3199.71,3396.2,0,0
46,PAYMENT,133.01,C000104,8819.38,8686.37,M000169,1312.69,1445.7,0,0
46,PAYMENT,865.94,C000187,5209.11,4343.17,M000090,6643.68,7509.62,0,0
46,PAYMENT,122.72,C000092,23948.18,23825.46,M000177,12978.79,13101.51,0,0
46,PAYMENT,649.15,C000067,22590.87,21941.72,M000044,5144.14,5793.3,0,0
46,PAYMENT,660.84,C000282,2477.98,1817.14,M000139,778.07,1438.91,0,0
46,CASH_OUT,1636.54,C000031,1496.03,0.0,M000138,8331.74,9968.28,0,0
46,CASH_IN,307.95,C000079,29267.19,28959.24,M000072,6147.11,6455.06,0,0
46,PAYMENT,1279.39,C000212,17687.64,16408.24,M000042,7124.19,8403.58,0,0
46,CASH_OUT,422.97,C000013,8272.86,7849.9,M000151,61746.09,62169.05,0,0
46,TRANSFER,1102.31,C000156,3336.97,2234.66,M000158,3074.09,4176.4,0,0
46,CASH_OUT,1015.46,C000078,5025.61,4010.15,M000078,4262.48,5277.95,0,0
46,CASH_OUT,128.33,C000260,3153.74,3025.42,M000086,1911.94,2040.27,0,0
46,PAYMENT,885.25,C000241,11098.47,10213.22,M000170,6877.95,7763.2,0,0
46,CASH_OUT,659.53,C000117,2502.41,1842.88,M000037,7900.64,8560.17,0,0
46,CASH_IN,529.05,C000296,14014.02,13484.96,M000188,4679.98,5209.03,0,0
46,PAYMENT,4561.34,C000153,1342.56,0.0,M000108,7431.03,11992.36,0,0
46,PAYMENT,1127.1,C000210,5425.74,4298.65,M000111,8609.65,9736.75,0,0
46,PAYMENT,1052.96,C000200,955.98,0.0,M000104,16628.54,17681.49,0,0
46,CASH_OUT,1316.8,C000154,9058.6,7741.8,M000175,12857.7,14174.5,0,0
46,PAYMENT,1165.21,C000093,7181.43,6016.22,M000124,1945.88,3111.09,0,0
46,PAYMENT,7060.07,C000044,501.23,0.0,M000175,10306.99,17367.06,1,0
46,TRANSFER,1257.76,C000020,9259.31,8001.55,M000049,2305.08,3562.84,0,0
46,PAYMENT,1517.06,C000175,13119.86,11602.8,M000006,5487.71,7004.78,0,0
46,CASH_OUT,147.96,C000032,15887.08,15739.12,M000145,12601.18,12749.14,0,0
46,PAYMENT,185.91,C000016,3251.01,3065.1,M000041,28756.45,28942.36,0,0
46,TRANSFER,44.73,C000160,2435.8,2391.06,M000020,5683.77,5728.5,0,0
46,TRANSFER,1082.09,C000163,15501.01,14418.92,M000031,2189.31,3271.41,0,0
46,CASH_OUT,369.96,C000059,46613.84,46243.88,M000032,4496.41,4866.37,0,0
46,CASH_OUT,1296.27,C000257,2837.96,1541.69,M000039,4883.47,6179.74,0,0
46,CASH_IN,1188.73,C000077,705.86,0.0,M000169,10005.53,11194.26,0,0
46,PAYMENT,426.0,C000271,5627.44,5201.44,M000120,18274.85,18700.85,0,0
46,CASH_IN,1971.97,C000091,4796.13,2824.16,M000163,21261.95,23233.92,0,0
46,PAYMENT,4098.84,C000110,4213.78,114.94,M000016,10955.67,15054.51,0,0
46,PAYMENT,634.59,C000141,879.98,245.39,M000038,388.02,1022.6,0,0
46,CASH_OUT,4625.98,C000091,3286.68,0.0,M000184,6103.72,10729.7,0,0
46,CASH_OUT,1020.04,C000014,2342.63,1322.59,M000019,9376.25,10396.29,0,0
46,PAYMENT,283.21,C000172,6239.14,5955.93,M000084,2845.65,3128.86,0,0
46,CASH_OUT,795.17,C000212,25323.45,24528.28,M000188,11231.06,12026.23,0,0
46,TRANSFER,788.52,C000070,9686.24,8897.72,M000087,9138.62,9927.14,0,0
46,PAYMENT,85.45,C000195,756.71,671.26,M000137,21960.01,22045.46,0,0
46,PAYMENT,1335.58,C000173,46961.59,45626.0,M000115,4485.38,5820.97,0,0
46,CASH_OUT,362.94,C000212,2010.09,1647.15,M000169,2676.64,3039.59,0,0
46,PAYMENT,465.97,C000258,2516.42,2050.45,M000079,11121.17,11587.14,0,0
46,CASH_OUT,185.19,C000163,4588.49,4403.3,M000077,18370.41,18555.59,0,0
47,PAYMENT,708.76,C000043,1847.56,1138.8,M000122,4304.73,5013.5,0,0
47,PAYMENT,96.93,C000165,5515.08,5418.14,M000009,5145.42,5242.35,0,0
47,PAYMENT,424.1,C000206,43157.97,42733.87,M000198,5951.09,6375.19,0,0
47,PAYMENT,1214.25,C000288,9634.57,8420.32,M000143,2547.05,3761.29,0,0
47,PAYMENT,381.7,C000106,7777.57,7395.87,M000029,11590.09,11971.79,0,0
47,PAYMENT,1199.64,C000032,31050.24,29850.6,M000143,4239.26,5438.9,0,0
47,PAYMENT,158.89,C000295,5229.1,5070.22,M000078,5685.51,5844.4,0,0
47,TRANSFER,146.65,C000072,7373.79,7227.14,M000017,4510.76,4657.41,0,0
47,PAYMENT,398.93,C000159,7526.23,7127.3,M000036,1893.84,2292.77,0,0
47,CASH_OUT,320.46,C000228,1861.41,1540.95,M000197,19298.26,19618.72,0,0
47,CASH_IN,262.02,C000224,2238.59,1976.57,M000100,2501.81,2763.83,0,0
47,PAYMENT,2063.57,C000106,2238.28,174.71,M000156,16808.91,18872.48,0,0
47,CASH_OUT,579.82,C000016,11099.87,10520.05,M000059,13529.72,14109.54,0,0
47,PAYMENT,1208.02,C000060,4847.9,3639.88,M000057,6432.38,7640.4,0,0
47,PAYMENT,1012.64,C000284,2834.69,1822.06,M000051,1460.7,2473.34,0,0
47,PAYMENT,113.18,C000265,4747.7,4634.52,M000097,28137.15,28250.33,0,0
47,PAYMENT,309.21,C000008,2541.63,2232.42,M000065,11375.27,11684.48,0,0
47,CASH_IN,79.61,C000195,376.42,296.81,M000070,12371.54,12451.15,0,0
47,CASH_OUT,3562.23,C000069,1427.91,0.0,M000029,3895.47,7457.7,0,0
47,PAYMENT,987.23,C000194,1813.05,825.82,M000108,1259.93,2247.16,0,0
47,PAYMENT,1897.19,C000208,816.77,0.0,M000039,4031.51,5928.69,0,0
47,CASH_IN,4311.86,C000004,13674.61,9362.75,M000155,4512.76,8824.62,0,0
47,TRANSFER,45.44,C000190,3162.79,3117.35,M000144,6005.12,6050.56,0,0
47,CASH_OUT,182.45,C000045,4247.96,4065.51,M000154,2510.59,2693.04,0,0
47,PAYMENT,300.77,C000253,9056.56,8755.79,M000079,7534.66,7835.43,0,0
47,TRANSFER,536.75,C000283,2643.59,2106.84,M000095,2633.71,3170.46,0,0
47,CASH_OUT,873.65,C000295,2783.02,1909.37,M000101,3749.64,4623.29,0,0
47,PAYMENT,1273.13,C000175,773.49,0.0,M000179,6682.24,7955.36,0,0
47,CASH_OUT,751.38,C000212,12692.97,11941.58,M000177,8443.8,9195.18,0,0
47,PAYMENT,769.82,C000091,24784.85,24015.03,M000015,7960.4,8730.22,0,0
47,PAYMENT,3385.77,C000237,6871.81,3486.04,M000023,751.89,4137.66,0,0
47,CASH_IN,819.19,C000119,2966.66,2147.47,M000149,7417.19,8236.38,0,0
47,CASH_IN,648.64,C000217,2854.19,2205.55,M000090,2419.81,3068.45,0,0
47,CASH_IN,175.66,C000023,1636.66,1461.0,M000190,27800.73,27976.39,0,0
47,DEBIT,2831.9,C000064,7777.87,4945.97,M000021,435.73,3267.63,0,0
47,TRANSFER,113.38,C000187,13870.79,13757.41,M000021,18221.27,18334.65,0,0
47,CASH_IN,950.07,C000259,16986.7,16036.64,M000132,14808.11,15758.18,0,0
47,TRANSFER,812.36,C000037,5177.66,4365.29,M000112,5153.68,5966.04,0,0
47,PAYMENT,1969.52,C000168,11818.62,9849.1,M000041,3278.47,5248.0,0,0
47,CASH_OUT,212.09,C000177,75189.58,74977.49,M000129,4568.64,4780.73,0,0
47,CASH_IN,798.51,C000065,7630.5,6832.0,M000150,6788.8,7587.3,0,0
47,TRANSFER,411.67,C000204,3147.06,2735.38,M000166,4907.85,5319.52,0,0
47,PAYMENT,227.04,C000298,4074.9,3847.86,M000125,9875.77,10102.81,0,0
47,PAYMENT,706.74,C000091,8802.54,8095.81,M000173,15180.25,15886.99,0,0
47,CASH_OUT,1544.51,C000226,5700.56,4156.04,M000104,3140.65,4685.16,0,0
47,CASH_OUT,398.55,C000054,3676.78,3278.23,M000113,14709.3,15107.85,0,0
47,CASH_OUT,284.4,C000169,12116.63,11832.23,M000041,5152.67,5437.07,0,0
47,CASH_OUT,48.03,C000019,22236.27,22188.24,M000052,6451.14,6499.17,0,0
47,PAYMENT,116.01,C000068,5910.13,5794.12,M000039,1922.0,2038.02,0,0
47,TRANSFER,807.47,C000097,4859.67,4052.2,M000030,28424.87,29232.35,1,0
47,PAYMENT,334.77,C000075,79045.19,78710.42,M000135,10554.11,10888.88,0,0
47,PAYMENT,773.45,C000285,1801.56,1028.11,M000164,643.43,1416.88,0,0
47,CASH_OUT,1102.73,C000201,1455.7,352.97,M000009,20031.45,21134.18,0,0
47,CASH_OUT,61.01,C000217,9201.81,9140.8,M000158,2693.69,2754.7,0,0
47,PAYMENT,1078.56,C000005,19567.07,18488.51,M000122,135.33,1213.89,0,0
47,CASH_IN,566.36,C000043,3021.59,2455.22,M000057,4699.11,5265.48,0,0
47,TRANSFER,1072.69,C000089,3716.27,2643.58,M000077,9085.48,10158.17,0,0
47,DEBIT,1708.58,C000128,6859.05,5150.47,M000013,5164.67,6873.25,0,0
47,TRANSFER,1770.65,C000265,915.07,0.0,M000030,14369.18,16139.83,0,0
47,PAYMENT,118.93,C000290,3155.2,3036.27,M000048,3590.72,3709.65,0,0
47,PAYMENT,576.77,C000129,3048.54,2471.77,M000140,1901.02,2477.78,0,0
47,PAYMENT,95.65,C000200,1401.81,1306.17,M000062,25343.24,25438.89,0,0
47,CASH_OUT,1671.25,C000041,17364.6,15693.35,M000054,28083.17,29754.42,0,0
47,PAYMENT,963.47,C000229,3711.56,2748.08,M000029,2416.99,3380.46,0,0
47,PAYMENT,1807.21,C000139,7425.39,5618.18,M000172,13596.75,15403.97,0,0
47,CASH_OUT,1353.03,C000224,168.04,0.0,M000072,21456.88,22809.91,0,0
47,CASH_IN,282.27,C000298,7640.77,7358.5,M000043,6846.2,7128.48,0,0
47,CASH_IN,528.41,C000091,1066.81,538.4,M000085,2025.87,2554.28,0,0
47,CASH_IN,971.67,C000298,4804.76,3833.09,M000184,10265.97,11237.64,0,0
47,CASH_OUT,871.95,C000251,6787.01,5915.06,M000158,21083.87,21955.83,0,0
47,TRANSFER,532.33,C000253,6265.81,5733.47,M000086,4879.22,5411.55,0,0
47,PAYMENT,63.95,C000147,3280.22,3216.27,M000090,16016.68,16080.64,0,0
47,PAYMENT,1234.96,C000132,4775.89,3540.93,M000053,3921.1,5156.06,0,0
47,PAYMENT,803.73,C000059,4937.26,4133.53,M000117,1296.97,2100.7,0,0
47,CASH_IN,46.52,C000270,2833.45,2786.93,M000154,8380.23,8426.76,0,0
47,PAYMENT,1794.5,C000281,1131.27,0.0,M000117,69502.02,71296.51,0,0
47,PAYMENT,432.25,C000128,5493.41,5061.15,M000075,12756.59,13188.84,0,0
47,CASH_OUT,1518.9,C000265,5046.39,3527.49,M000050,17702.44,19221.34,0,0
47,CASH_OUT,912.62,C000000,1996.38,1083.76,M000153,3937.99,4850.62,0,0
47,PAYMENT,1109.7,C000157,12621.69,11511.99,M000118,9393.77,10503.47,0,0
47,CASH_OUT,462.11,C000066,1774.23,1312.12,M000122,13195.72,13657.83,0,0
47,CASH_OUT,123.8,C000222,19324.97,19201.17,M000138,6001.17,6124.96,0,0
47,DEBIT,307.94,C000214,1200.05,892.1,M000128,28840.18,29148.12,0,0
47,PAYMENT,1357.44,C000227,25163.6,23806.16,M000010,4620.04,5977.48,0,0
47,PAYMENT,823.21,C000151,1732.21,909.01,M000019,37904.39,38727.6,0,0
47,PAYMENT,904.12,C000119,837.97,0.0,M000083,9081.16,9985.28,0,0
47,CASH_OUT,344.59,C000067,3029.59,2685.0,M000142,4411.39,4755.98,0,0
47,DEBIT,134.54,C000022,12603.94,12469.4,M000072,1604.13,1738.67,0,0
47,PAYMENT,1572.07,C000017,3076.37,1504.31,M000116,4565.29,6137.36,0,0
48,PAYMENT,1528.51,C000013,8957.76,7429.25,M000115,1140.65,2669.16,0,0
48,CASH_OUT,6050.27,C000236,8044.79,1994.52,M000087,1032.18,7082.46,0,0
48,PAYMENT,1777.91,C000257,5707.29,3929.38,M000023,2635.75,4413.66,0,0
48,DEBIT,784.0,C000140,1267.3,483.29,M000180,30117.74,30901.74,0,0
48,CASH_IN,248.73,C000298,7213.81,6965.08,M000143,22010.22,22258.94,0,0
48,PAYMENT,380.11,C000009,845.41,465.31,M000114,9992.48,10372.59,0,0
48,CASH_IN,255.44,C000014,4890.37,4634.93,M000127,823.74,1079.18,0,0
48,CASH_IN,1051.49,C000274,2766.48,1714.99,M000020,6738.77,7790.26,0,0
48,PAYMENT,1333.96,C000100,7410.82,6076.87,M000141,16496.29,17830.25,0,0
48,CASH_IN,1478.85,C000197,3518.06,2039.21,M000022,40993.18,42472.03,0,0
48,PAYMENT,367.21,C000037,1262.43,895.22,M000101,8925.24,9292.45,0,0
48,DEBIT,2861.39,C000244,19367.03,16505.65,M000042,13334.9,16196.28,0,0
48,CASH_OUT,259.67,C000268,1534.87,1275.19,M000123,3298.23,3557.9,0,0
48,CASH_OUT,248.13,C000102,1043.94,795.81,M000136,6065.33,6313.46,0,0
48,CASH_OUT,749.12,C000109,19118.52,18369.4,M000119,939.65,1688.77,0,0
48,PAYMENT,1955.0,C000287,2695.67,740.67,M000056,1084.96,3039.96,0,0
48,TRANSFER,72.82,C000250,6756.72,6683.9,M000107,28582.06,28654.88,0,0
48,CASH_OUT,107.3,C000167,1589.19,1481.88,M000039,10580.5,10687.81,0,0
48,CASH_IN,492.41,C000171,8214.21,7721.81,M000001,7535.16,8027.57,0,0
48,PAYMENT,365.32,C000048,19252.93,18887.6,M000020,5286.95,5652.28,0,0
48,CASH_IN,3431.47,C000158,12431.84,9000.38,M000023,1716.88,5148.35,0,0
48,PAYMENT,655.72,C000121,1102.23,446.51,M000046,1715.57,2371.29,0,0
48,PAYMENT,537.72,C000130,930.17,392.45,M000080,5268.46,5806.18,0,0
48,CASH_OUT,264.02,C000150,4056.72,3792.7,M000059,4671.61,4935.63,0,0
48,PAYMENT,1267.98,C000134,2431.03,1163.05,M000128,2844.11,4112.09,0,0
48,TRANSFER,409.4,C000006,2590.58,2181.18,M000053,3206.87,3616.27,0,0
48,PAYMENT,219.52,C000149,1479.29,1259.77,M000093,1784.37,2003.9,0,0
48,TRANSFER,808.49,C000197,7410.09,6601.6,M000144,16429.52,17238.02,0,0
48,PAYMENT,3376.19,C000000,2524.76,0.0,M000029,9374.5,12750.69,0,0
48,CASH_OUT,33.47,C000051,1188.9,1155.43,M000048,5480.88,5514.34,0,0
48,PAYMENT,810.75,C000022,7070.11,6259.36,M000036,7925.39,8736.14,0,0
48,CASH_OUT,403.5,C000013,2507.23,2103.72,M000165,2495.11,2898.61,0,0
48,PAYMENT,314.48,C000069,7076.13,6761.65,M000004,7775.68,8090.16,0,0
48,PAYMENT,671.47,C000036,1841.64,1170.17,M000034,7755.44,8426.91,0,0
48,PAYMENT,798.62,C000056,3353.27,2554.65,M000159,8374.39,9173.01,0,0
48,PAYMENT,115.24,C000246,8285.16,8169.92,M000033,27509.46,27624.7,0,0
48,PAYMENT,1332.03,C000299,2231.48,899.45,M000094,37015.37,38347.4,0,0
48,CASH_OUT,3400.51,C000158,7743.76,4343.25,M000060,6864.71,10265.23,0,0
48,PAYMENT,1934.64,C000258,1750.91,0.0,M000015,5389.39,7324.03,0,0
48,CASH_IN,359.72,C000231,253.52,0.0,M000141,92452.15,92811.86,0,0
48,PAYMENT,671.21,C000109,1252.88,581.68,M000165,8180.04,8851.24,0,0
48,PAYMENT,279.33,C000221,387.71,108.38,M000095,5114.25,5393.58,0,0
48,PAYMENT,88.49,C000256,5364.77,5276.28,M000199,2811.62,2900.11,0,0
48,PAYMENT,105.84,C000207,3666.69,3560.85,M000144,10082.9,10188.74,0,0
48,PAYMENT,704.22,C000165,7193.23,6489.0,M000118,3314.71,4018.93,0,0
48,TRANSFER,109.7,C000093,6521.01,6411.31,M000133,43153.7,43263.4,0,0
48,CASH_OUT,163.05,C000232,14697.72,14534.66,M000163,1281.49,1444.54,0,0
48,PAYMENT,1581.62,C000221,29356.24,27774.62,M000177,14668.2,16249.83,0,0
48,PAYMENT,108.79,C000239,14089.82,13981.03,M000122,12681.48,12790.27,0,0
48,PAYMENT,2253.74,C000234,4245.61,1991.87,M000066,4915.19,7168.93,0,0
48,CASH_OUT,2728.73,C000214,15053.35,12324.62,M000000,2983.49,5712.22,0,0
48,PAYMENT,251.16,C000093,17557.46,17306.3,M000141,2133.36,2384.52,0,0
48,TRANSFER,502.44,C000102,14456.46,13954.02,M000059,5830.08,6332.52,0,0
48,PAYMENT,2770.48,C000253,2087.05,0.0,M000091,9677.79,12448.27,0,0
48,CASH_OUT,727.51,C000029,1433.26,705.75,M000119,14614.56,15342.07,0,0
48,PAYMENT,1950.6,C000274,4138.41,2187.81,M000139,3177.78,5128.37,0,0
48,PAYMENT,122.06,C000188,2142.43,2020.37,M000051,8576.72,8698.78,0,0
48,PAYMENT,903.41,C000071,5146.16,4242.76,M000139,2301.36,3204.76,0,0
48,DEBIT,1349.03,C000264,1222.82,0.0,M000185,2303.69,3652.72,0,0
48,CASH_OUT,1001.15,C000038,7164.3,6163.15,M000173,14541.11,15542.26,0,0
48,TRANSFER,179.03,C000027,12314.51,12135.48,M000147,16464.42,16643.45,0,0
48,CASH_OUT,586.04,C000111,2094.41,1508.37,M000133,1762.78,2348.82,0,0
48,PAYMENT,700.86,C000101,12147.17,11446.31,M000178,8434.92,9135.78,0,0
48,PAYMENT,428.07,C000037,3796.93,3368.87,M000099,2458.3,2886.36,0,0
48,TRANSFER,816.9,C000080,10352.11,9535.21,M000116,2728.83,3545.73,0,0
48,TRANSFER,2069.55,C000190,5861.21,3791.66,M000022,4045.89,6115.44,0,0
48,TRANSFER,1490.02,C000072,4376.93,2886.9,M000175,4476.56,5966.59,0,0
48,PAYMENT,305.32,C000089,6412.06,6106.74,M000006,13233.25,13538.57,0,0
48,PAYMENT,1237.83,C000226,4382.82,3144.99,M000098,41923.89,43161.72,0,0
48,PAYMENT,366.1,C000014,1621.58,1255.48,M000096,70427.3,70793.4,0,0
48,CASH_IN,100.72,C000137,14286.77,14186.05,M000151,1620.79,1721.51,0,0
48,CASH_IN,206.87,C000080,3823.24,3616.37,M000080,1717.4,1924.27,0,0
48,CASH_OUT,2107.68,C000225,7005.28,4897.6,M000047,2760.1,4867.78,0,0
48,CASH_OUT,450.8,C000266,15565.33,15114.53,M000180,8601.68,9052.48,0,0
48,CASH_OUT,299.8,C000090,3712.21,3412.42,M000050,2636.01,2935.8,0,0
49,CASH_IN,392.91,C000247,1290.41,897.49,M000133,4572.77,4965.68,0,0
49,PAYMENT,1554.42,C000023,33761.38,32206.96,M000102,2939.51,4493.93,0,0
49,CASH_IN,71.89,C000098,13957.22,13885.33,M000058,13183.81,13255.7,0,0
49,TRANSFER,5493.94,C000297,20121.95,14628.01,M000107,1168.62,6662.56,0,0
49,PAYMENT,120.54,C000246,8237.28,8116.74,M000041,4480.97,4601.51,0,0
49,PAYMENT,2425.66,C000118,7833.13,5407.47,M000173,34618.19,37043.85,0,0
49,PAYMENT,303.68,C000124,5261.58,4957.9,M000065,2212.32,2516.0,0,0
49,CASH_IN,2205.95,C000180,1480.14,0.0,M000147,18462.74,20668.69,0,0
49,TRANSFER,698.3,C000025,5779.68,5081.38,M000179,9896.97,10595.27,0,0
49,CASH_OUT,559.11,C000168,16359.23,15800.12,M000002,1382.16,1941.27,0,0
49,PAYMENT,1007.42,C000101,3595.27,2587.85,M000106,1710.44,2717.87,0,0
49,CASH_IN,8594.96,C000050,18827.34,10232.39,M000130,3430.7,12025.66,0,0
49,PAYMENT,644.79,C000063,717.32,72.53,M000010,7190.33,7835.12,0,0
49,TRANSFER,3151.09,C000226,2449.38,0.0,M000107,23786.57,26937.66,0,0
49,PAYMENT,130.45,C000183,2321.63,2191.19,M000187,19437.35,19567.8,0,0
49,CASH_OUT,491.99,C000162,64138.58,63646.59,M000036,13561.66,14053.65,0,0
49,TRANSFER,305.04,C000223,6448.24,6143.2,M000143,3493.28,3798.32,0,0
49,TRANSFER,2063.96,C000060,2258.77,194.81,M000038,435.42,2499.38,0,0
49,PAYMENT,439.17,C000122,1181.88,742.72,M000022,20207.75,20646.91,0,0
49,PAYMENT,368.16,C000181,20237.63,19869.47,M000185,4574.81,4942.97,0,0
49,DEBIT,961.78,C000109,2064.77,1102.99,M000049,22836.32,23798.1,0,0
49,PAYMENT,155.99,C000213,5078.68,4922.69,M000031,2167.16,2323.15,0,0
49,CASH_OUT,618.76,C000116,6427.87,5809.11,M000159,681.81,1300.57,0,0
49,PAYMENT,365.48,C000123,2913.13,2547.65,M000034,7323.29,7688.77,0,0
49,CASH_OUT,234.59,C000274,1753.43,1518.85,M000090,16071.88,16306.46,0,0
49,PAYMENT,36.83,C000185,1405.89,1369.05,M000026,2201.01,2237.84,0,0
49,TRANSFER,242.94,C000190,4767.68,4524.74,M000137,41031.36,41274.3,0,0
49,TRANSFER,295.96,C000288,4437.25,4141.29,M000165,1958.16,2254.12,0,0
49,CASH_IN,1061.44,C000285,4872.13,3810.69,M000127,4352.32,5413.77,0,0
49,PAYMENT,74.17,C000191,9196.17,9122.0,M000190,1919.56,1993.72,0,0
49,PAYMENT,2281.49,C000205,1310.26,0.0,M000170,3879.18,6160.67,0,0
49,PAYMENT,3869.9,C000017,3157.86,0.0,M000122,991.38,4861.28,0,0
49,PAYMENT,445.56,C000082,5152.45,4706.89,M000130,1074.86,1520.42,0,0
49,PAYMENT,231.98,C000254,3555.34,3323.36,M000059,1626.77,1858.75,0,0
49,DEBIT,420.07,C000202,1851.69,1431.62,M000083,1040.67,1460.74,0,0
49,PAYMENT,577.89,C000136,1332.56,754.67,M000093,1874.53,2452.42,0,0
49,CASH_OUT,2189.98,C000262,11050.34,8860.36,M000084,1160.14,3350.12,0,0
49,CASH_IN,544.13,C000067,4127.01,3582.87,M000162,5582.35,6126.48,0,0
49,PAYMENT,2495.0,C000232,18944.44,16449.44,M000038,1921.53,4416.53,0,0
49,PAYMENT,338.25,C000097,825.51,487.25,M000010,19885.19,20223.44,0,0
49,CASH_OUT,663.27,C000214,9030.37,8367.09,M000152,5075.62,5738.89,0,0
49,CASH_OUT,663.93,C000041,3229.06,2565.13,M000047,10351.47,11015.4,0,0
49,DEBIT,232.06,C000290,6439.72,6207.67,M000127,11182.76,11414.82,0,0
49,PAYMENT,263.71,C000175,15523.77,15260.06,M000004,44899.48,45163.19,0,0
49,CASH_OUT,719.31,C000040,601.3,0.0,M000040,5313.71,6033.02,0,0
49,CASH_IN,1260.89,C000214,6246.96,4986.07,M000138,18408.4,19669.29,0,0
49,CASH_OUT,750.11,C000133,7994.73,7244.63,M000161,14562.92,15313.02,0,0
49,CASH_OUT,866.48,C000276,5181.73,4315.25,M000187,29229.3,30095.78,0,0
49,PAYMENT,22.78,C000128,5143.21,5120.43,M000082,10954.49,10977.28,0,0
49,TRANSFER,137.75,C000265,4511.31,4373.56,M000126,8791.48,8929.23,0,0
49,CASH_OUT,761.8,C000213,3367.01,2605.21,M000142,1827.45,2589.24,0,0
49,PAYMENT,1795.06,C000065,2274.93,479.86,M000096,50542.04,52337.11,0,0
49,TRANSFER,300.47,C000058,16751.04,16450.57,M000067,2015.73,2316.2,0,0
49,PAYMENT,3845.6,C000217,11851.17,8005.57,M000193,9645.32,13490.93,0,0
49,CASH_IN,2814.75,C000072,1947.98,0.0,M000102,7604.81,10419.55,0,0
49,CASH_OUT,122.65,C000111,12378.22,12255.57,M000107,5476.32,5598.97,0,0
49,PAYMENT,80.39,C000010,27073.67,26993.28,M000024,31966.02,32046.41,0,0
49,TRANSFER,798.89,C000276,577.19,0.0,M000155,16776.18,17575.08,0,0
49,TRANSFER,171.67,C000046,3400.14,3228.47,M000069,3374.54,3546.21,0,0
49,TRANSFER,2308.93,C000127,1548.03,0.0,M000122,5154.29,7463.22,0,0
49,PAYMENT,179.16,C000133,5002.64,4823.49,M000010,2659.92,2839.07,0,0
49,PAYMENT,1599.23,C000155,6760.05,5160.82,M000185,12483.18,14082.41,0,0
49,CASH_IN,640.24,C000091,5661.7,5021.46,M000001,689.16,1329.4,0,0
49,PAYMENT,192.2,C000163,1413.45,1221.25,M000185,12177.09,12369.29,0,0
49,CASH_OUT,1030.15,C000120,5172.49,4142.34,M000083,857.85,1888.0,0,0
49,PAYMENT,5447.44,C000007,701.73,0.0,M000072,6543.96,11991.4,0,0
49,PAYMENT,385.26,C000116,8409.57,8024.3,M000194,4007.39,4392.66,0,0
49,TRANSFER,91.03,C000189,2224.17,2133.14,M000172,793.98,885.01,0,0
49,CASH_OUT,634.24,C000049,16200.59,15566.35,M000164,2536.05,3170.3,0,0
49,PAYMENT,159.49,C000097,22495.55,22336.06,M000116,3051.05,3210.54,0,0
49,CASH_IN,3124.87,C000080,6174.27,3049.4,M000178,5660.01,8784.87,0,0
49,CASH_OUT,86.79,C000294,7255.35,7168.56,M000062,4130.88,4217.67,0,0
49,CASH_OUT,575.07,C000117,10554.31,9979.24,M000093,2505.19,3080.26,0,0
49,CASH_OUT,77.75,C000169,3105.52,3027.78,M000174,6648.5,6726.25,0,0
49,CASH_IN,229.35,C000129,7672.76,7443.41,M000134,6010.24,6239.6,0,0
49,TRANSFER,626.11,C000294,8030.27,7404.16,M000148,3311.13,3937.24,0,0
50,PAYMENT,371.52,C000008,25268.51,24897.0,M000198,6863.2,7234.71,0,0
50,CASH_OUT,1628.31,C000078,5182.16,3553.85,M000069,7842.86,9471.17,0,0
50,PAYMENT,372.55,C000109,46160.4,45787.85,M000184,3143.52,3516.06,0,0
50,CASH_OUT,1412.41,C000179,11871.3,10458.89,M000140,10871.65,12284.05,0,0
50,PAYMENT,349.71,C000162,1020.42,670.71,M000047,957.0,1306.71,0,0
50,CASH_OUT,84.56,C000156,5235.86,5151.3,M000084,19559.82,19644.38,0,0
50,CASH_OUT,3428.16,C000003,2179.28,0.0,M000039,1512.4,4940.56,1,0
50,PAYMENT,180.81,C000283,27415.53,27234.72,M000159,9883.05,10063.86,0,0
50,TRANSFER,488.55,C000113,7433.84,6945.29,M000138,18287.38,18775.93,0,0
50,PAYMENT,1284.55,C000175,1525.38,240.82,M000022,12896.53,14181.09,0,0
50,DEBIT,1828.76,C000160,1388.55,0.0,M000158,2168.99,3997.75,0,0
50,TRANSFER,6811.03,C000070,5592.8,0.0,M000155,2969.91,9780.94,1,0
50,PAYMENT,1144.13,C000172,9912.8,8768.67,M000033,15075.93,16220.06,0,0
50,TRANSFER,1527.98,C000119,313.37,0.0,M000000,11879.75,13407.72,0,0
50,CASH_OUT,130.85,C000136,1354.28,1223.43,M000180,15298.84,15429.69,0,0
50,CASH_IN,115.79,C000054,13974.54,13858.75,M000191,1604.47,1720.26,0,0
50,DEBIT,1516.53,C000266,1651.92,135.39,M000130,1220.88,2737.41,0,0
50,CASH_IN,152.07,C000160,7968.52,7816.45,M000121,12437.63,12589.7,0,0
50,PAYMENT,1210.04,C000176,5914.52,4704.48,M000198,3470.01,4680.05,0,0
50,PAYMENT,332.41,C000047,4312.59,3980.18,M000001,8205.39,8537.8,0,0
50,TRANSFER,722.02,C000207,16881.26,16159.24,M000185,5702.55,6424.56,0,0
50,PAYMENT,1166.45,C000172,20610.77,19444.32,M000018,32431.84,33598.29,0,0
50,DEBIT,755.73,C000281,6813.73,6058.0,M000166,13088.45,13844.18,0,0
50,TRANSFER,6506.15,C000291,1588.84,0.0,M000110,5014.26,11520.41,0,0
50,CASH_OUT,574.04,C000193,5288.59,4714.54,M000001,37128.73,37702.78,0,0
50,CASH_OUT,91.69,C000197,5696.04,5604.35,M000110,7838.73,7930.42,0,0
50,TRANSFER,2552.49,C000028,2501.14,0.0,M000100,10596.9,13149.39,0,0
50,CASH_OUT,1154.77,C000296,391.84,0.0,M000151,7819.1,8973.87,0,0
50,PAYMENT,594.3,C000011,2531.75,1937.45,M000049,6358.9,6953.2,0,0
50,PAYMENT,236.58,C000135,37376.0,37139.42,M000034,12621.73,12858.31,0,0
50,TRANSFER,226.82,C000064,2474.83,2248.01,M000011,5754.76,5981.58,0,0
50,TRANSFER,362.52,C000178,33402.17,33039.65,M000177,5311.32,5673.83,0,0
50,CASH_OUT,69.5,C000190,3285.88,3216.38,M000019,2604.37,2673.87,0,0
50,PAYMENT,646.78,C000018,6292.96,5646.18,M000111,19290.44,19937.22,0,0
50,PAYMENT,299.72,C000280,5044.53,4744.8,M000119,6160.54,6460.26,0,0
50,TRANSFER,453.42,C000154,5036.56,4583.14,M000150,1767.96,2221.38,0,0
50,PAYMENT,1139.29,C000299,923.13,0.0,M000199,2805.19,3944.48,0,0
50,CASH_OUT,370.42,C000280,1101.09,730.66,M000135,5942.81,6313.23,0,0
50,TRANSFER,3590.0,C000172,1326.23,0.0,M000020,933.57,4523.57,0,0
50,PAYMENT,349.37,C000168,1258.22,908.85,M000108,13877.04,14226.41,0,0
50,CASH_OUT,1396.09,C000023,6967.0,5570.92,M000139,1588.08,2984.17,0,0
50,CASH_OUT,549.23,C000229,18308.77,17759.55,M000194,4065.08,4614.31,0,0
50,PAYMENT,92.72,C000156,737.04,644.33,M000012,8474.83,8567.55,0,0
50,TRANSFER,624.16,C000082,9290.04,8665.87,M000144,2900.73,3524.89,0,0
50,CASH_OUT,433.99,C000244,2734.83,2300.84,M000166,2285.07,2719.05,0,0
50,TRANSFER,106.38,C000086,6660.51,6554.13,M000098,53514.81,53621.19,0,0
50,PAYMENT,2027.77,C000227,1264.79,0.0,M000165,3527.99,5555.76,0,0
50,CASH_OUT,211.38,C000047,23442.34,23230.95,M000024,2826.37,3037.76,0,0
50,CASH_OUT,577.22,C000154,2861.58,2284.36,M000008,3076.13,3653.35,0,0
50,PAYMENT,319.21,C000220,9150.34,8831.13,M000165,3869.94,4189.15,0,0
50,DEBIT,299.69,C000289,4770.5,4470.81,M000198,9413.08,9712.77,0,0
50,PAYMENT,2259.98,C000017,6758.15,4498.18,M000116,3240.09,5500.07,0,0
50,PAYMENT,1450.73,C000129,8035.22,6584.49,M000134,1804.37,3255.1,0,0
50,CASH_IN,496.12,C000100,3380.97,2884.85,M000129,5717.29,6213.41,0,0
50,CASH_OUT,698.2,C000009,16918.01,16219.81,M000182,62753.66,63451.86,0,0
50,CASH_OUT,3433.42,C000076,7022.07,3588.65,M000196,3278.02,6711.44,0,0
50,TRANSFER,592.22,C000103,1394.21,801.99,M000177,5423.17,6015.39,0,0
50,CASH_IN,118.63,C000002,1721.82,1603.19,M000083,7910.44,8029.07,0,0
50,PAYMENT,33.34,C000279,3647.66,3614.32,M000174,7180.79,7214.13,0,0
50,PAYMENT,469.74,C000250,1545.75,1076.01,M000082,14155.07,14624.8,0,0
51,PAYMENT,211.35,C000261,7410.35,7199.0,M000079,20127.52,20338.87,0,0
51,CASH_IN,2708.36,C000250,13068.52,10360.17,M000184,44564.99,47273.35,0,0
51,CASH_IN,273.45,C000008,11047.51,10774.07,M000022,4458.16,4731.6,0,0
51,CASH_OUT,484.9,C000218,3379.01,2894.11,M000129,4572.04,5056.95,0,0
51,CASH_IN,308.53,C000001,12627.55,12319.01,M000099,4347.03,4655.57,0,0
51,CASH_IN,140.07,C000075,5663.38,5523.3,M000145,8417.72,8557.8,0,0
51,CASH_IN,200.29,C000266,2531.38,2331.09,M000037,3697.7,3897.99,0,0
51,CASH_OUT,836.62,C000084,5582.45,4745.83,M000032,18756.46,19593.09,0,0
51,CASH_OUT,433.78,C000240,25673.35,25239.57,M000138,2260.14,2693.92,0,0
51,TRANSFER,206.48,C000255,6416.84,6210.36,M000194,59186.03,59392.51,0,0
51,TRANSFER,4156.29,C000256,1001.4,0.0,M000101,784.4,4940.69,0,0
51,TRANSFER,338.9,C000191,395.21,56.31,M000111,3482.05,3820.95,0,0
51,CASH_OUT,815.41,C000072,10412.46,9597.05,M000040,4441.44,5256.85,0,0
51,PAYMENT,1244.19,C000205,7555.88,6311.69,M000112,21401.68,22645.86,0,0
51,PAYMENT,376.71,C000242,1246.33,869.63,M000157,3640.49,4017.2,0,0
51,CASH_IN,143.35,C000212,1006.8,863.45,M000097,3454.11,3597.46,0,0
51,CASH_IN,148.44,C000222,712.72,564.29,M000088,5183.96,5332.4,0,0
51,TRANSFER,538.19,C000264,4645.11,4106.91,M000163,1601.24,2139.44,0,0
51,PAYMENT,1539.88,C000120,1195.71,0.0,M000079,8542.68,10082.56,0,0
51,TRANSFER,1611.31,C000121,986.39,0.0,M000127,3729.59,5340.9,0,0
51,CASH_OUT,659.83,C000124,4969.79,4309.96,M000128,7407.0,8066.83,0,0
51,PAYMENT,378.36,C000245,21135.21,20756.85,M000053,8493.53,8871.88,0,0
51,CASH_IN,886.45,C000053,2689.13,1802.68,M000026,3469.4,4355.85,0,0
51,PAYMENT,57.92,C000192,11525.3,11467.39,M000005,22249.43,22307.35,0,0
51,PAYMENT,185.37,C000169,1983.23,1797.86,M000144,27721.8,27907.17,0,0
51,TRANSFER,353.55,C000098,16209.15,15855.6,M000035,9539.13,9892.68,0,0
51,CASH_OUT,704.7,C000026,4401.08,3696.38,M000031,20648.86,21353.56,0,0
51,CASH_OUT,2110.24,C000122,18250.8,16140.56,M000011,5131.13,7241.37,0,0
51,PAYMENT,423.88,C000146,2000.39,1576.51,M000051,1621.88,2045.76,0,0
51,CASH_IN,423.89,C000258,11317.41,10893.51,M000156,5081.23,5505.12,0,0
51,TRANSFER,103.61,C000190,12348.55,12244.94,M000049,471.1,574.71,0,0
51,CASH_OUT,300.1,C000210,1078.24,778.14,M000181,14615.93,14916.04,0,0
51,TRANSFER,329.63,C000080,61259.58,60929.95,M000039,1351.16,1680.79,0,0
51,PAYMENT,84.49,C000051,2136.93,2052.44,M000077,9470.96,9555.45,0,0
51,CASH_OUT,4545.66,C000237,2294.74,0.0,M000135,13404.43,17950.09,0,0
51,TRANSFER,1020.98,C000293,10325.95,9304.97,M000180,429.69,1450.66,0,0
51,PAYMENT,527.15,C000273,1124.56,597.41,M000130,639.93,1167.08,0,0
51,TRANSFER,712.64,C000268,6288.15,5575.51,M000052,2700.05,3412.69,0,0
51,PAYMENT,120.63,C000247,11407.9,11287.26,M000073,1278.07,1398.7,0,0
51,PAYMENT,1026.55,C000215,2340.15,1313.6,M000181,1593.02,2619.57,0,0
51,PAYMENT,570.39,C000216,25478.51,24908.12,M000020,2204.72,2775.11,0,0
51,CASH_OUT,146.77,C000166,1485.05,1338.27,M000173,6438.6,6585.37,0,0
51,PAYMENT,2551.71,C000010,1241.24,0.0,M000136,6060.76,8612.47,0,0
51,DEBIT,3446.73,C000231,3298.35,0.0,M000110,3600.93,7047.66,0,0
51,PAYMENT,338.51,C000265,11829.17,11490.66,M000086,12484.38,12822.89,0,0
51,CASH_IN,854.83,C000118,2575.53,1720.7,M000060,7866.96,8721.79,0,0
51,CASH_OUT,425.79,C000075,8620.83,8195.04,M000173,6069.05,6494.84,0,0
51,PAYMENT,331.46,C000275,8259.53,7928.07,M000064,7505.91,7837.37,0,0
51,TRANSFER,874.41,C000116,3759.49,2885.08,M000152,9520.8,10395.21,0,0
51,CASH_OUT,350.19,C000156,3870.66,3520.47,M000104,2369.54,2719.73,0,0
51,PAYMENT,1781.74,C000209,15397.5,13615.76,M000112,4881.48,6663.23,0,0
51,CASH_IN,418.78,C000006,4032.88,3614.1,M000142,2181.71,2600.49,0,0
51,CASH_IN,314.76,C000210,26094.29,25779.53,M000138,1329.95,1644.71,0,0
51,DEBIT,3621.62,C000260,3249.18,0.0,M000099,22577.68,26199.3,0,0
51,CASH_OUT,1238.33,C000051,8410.49,7172.16,M000064,3656.95,4895.28,0,0
51,CASH_OUT,264.15,C000239,2058.03,1793.88,M000153,10786.21,11050.36,0,0
51,CASH_OUT,715.38,C000027,19193.36,18477.98,M000007,8301.6,9016.97,0,0
51,CASH_OUT,1355.82,C000152,758.48,0.0,M000151,13949.75,15305.57,0,0
51,TRANSFER,1808.4,C000291,20721.55,18913.15,M000191,10363.15,12171.55,0,0
51,CASH_OUT,753.39,C000088,11027.0,10273.61,M000002,12917.5,13670.89,0,0
51,PAYMENT,103.59,C000016,6091.1,5987.5,M000144,3778.25,3881.84,0,0
51,TRANSFER,456.22,C000257,33702.19,33245.97,M000195,27515.47,27971.69,0,0
51,CASH_OUT,1107.66,C000156,9463.54,8355.87,M000120,10391.67,11499.33,0,0
51,PAYMENT,1861.0,C000203,8147.07,6286.07,M000041,1190.18,3051.18,0,0
51,PAYMENT,2301.91,C000236,3383.22,1081.31,M000071,1943.72,4245.63,0,0
51,CASH_OUT,625.01,C000108,13334.75,12709.74,M000083,10765.38,11390.39,0,0
51,PAYMENT,816.72,C000045,1076.76,260.04,M000062,6537.48,7354.2,0,0
51,CASH_IN,701.85,C000240,1095.29,393.44,M000034,9126.43,9828.28,0,0
51,TRANSFER,364.48,C000293,6538.05,6173.57,M000039,2873.39,3237.87,0,0
51,CASH_OUT,435.58,C000130,2738.7,2303.11,M000129,11196.85,11632.43,0,0
51,TRANSFER,2388.9,C000113,3174.67,785.77,M000172,5324.65,7713.55,0,0
51,CASH_OUT,223.46,C000218,3353.0,3129.54,M000128,4312.22,4535.68,0,0
51,CASH_OUT,1500.03,C000035,2961.33,1461.3,M000039,1040.63,2540.66,0,0
51,CASH_OUT,12272.1,C000246,4007.92,0.0,M000152,133023.58,145295.68,0,0
51,TRANSFER,284.59,C000108,12250.92,11966.33,M000069,18690.39,18974.98,0,0
51,CASH_IN,223.27,C000190,4244.36,4021.09,M000006,6748.37,6971.64,0,0
51,TRANSFER,161.89,C000298,2055.57,1893.68,M000026,3619.89,3781.78,0,0
51,CASH_IN,826.33,C000037,809.31,0.0,M000112,14823.42,15649.75,0,0
51,TRANSFER,299.53,C000268,3409.71,3110.18,M000051,1998.21,2297.73,0,0
51,CASH_OUT,748.57,C000132,14235.84,13487.27,M000093,12593.11,13341.68,0,0
51,PAYMENT,665.39,C000142,20271.51,19606.12,M000084,5179.14,5844.53,0,0
51,PAYMENT,551.29,C000260,2616.84,2065.55,M000172,5020.31,5571.6,0,0
51,PAYMENT,1150.34,C000140,2766.79,1616.45,M000113,9588.66,10739.0,0,0
51,CASH_OUT,228.76,C000075,3466.08,3237.32,M000178,2801.51,3030.27,0,0
51,TRANSFER,180.46,C000013,1768.51,1588.06,M000150,2125.2,2305.65,0,0
52,DEBIT,92.67,C000079,4566.04,4473.37,M000125,1057.39,1150.06,0,0
52,PAYMENT,463.13,C000221,31587.13,31124.0,M000138,2695.38,3158.51,0,0
52,PAYMENT,710.13,C000170,2793.09,2082.96,M000143,8609.42,9319.55,0,0
52,CASH_OUT,415.84,C000086,9197.06,8781.22,M000104,6273.02,6688.85,0,0
52,PAYMENT,1565.2,C000069,2163.1,597.9,M000023,4684.95,6250.14,0,0
52,CASH_OUT,249.94,C000084,1440.23,1190.29,M000136,613.1,863.04,0,0
52,TRANSFER,680.74,C000278,2903.66,2222.92,M000029,8133.55,8814.29,0,0
52,CASH_IN,570.38,C000164,2504.26,1933.88,M000103,4456.58,5026.96,0,0
52,CASH_OUT,46.25,C000054,5817.63,5771.38,M000172,1745.25,1791.5,0,0
52,PAYMENT,206.33,C000293,21144.48,20938.14,M000130,28017.91,28224.24,0,0
52,DEBIT,419.87,C000234,5968.52,5548.65,M000094,13971.54,14391.41,0,0
52,DEBIT,987.98,C000169,3008.37,2020.4,M000158,3889.31,4877.29,0,0
52,CASH_IN,377.77,C000010,11505.96,11128.19,M000045,8802.42,9180.2,0,0
52,PAYMENT,942.24,C000280,4312.26,3370.01,M000041,10158.45,11100.7,0,0
52,PAYMENT,328.69,C000051,2988.91,2660.22,M000050,6813.08,7141.77,0,0
52,PAYMENT,720.81,C000103,5618.25,4897.45,M000000,8727.21,9448.02,0,0
52,CASH_OUT,210.22,C000247,1642.99,1432.77,M000193,10328.91,10539.13,0,0
52,PAYMENT,1701.62,C000145,4598.61,2897.0,M000094,1241.71,2943.33,0,0
52,TRANSFER,16.23,C000096,6428.14,6411.91,M000076,1752.07,1768.29,0,0
52,PAYMENT,119.97,C000117,13005.8,12885.83,M000031,2524.77,2644.74,0,0
52,PAYMENT,1356.79,C000017,3730.59,2373.8,M000111,1010.1,2366.89,0,0
52,PAYMENT,539.22,C000222,3448.96,2909.74,M000068,40109.73,40648.95,0,0
52,PAYMENT,773.31,C000254,29598.75,28825.44,M000054,5352.62,6125.94,0,0
52,CASH_OUT,1059.8,C000150,4699.81,3640.01,M000175,925.23,1985.03,0,0
52,PAYMENT,37.05,C000060,22439.9,22402.84,M000072,7796.97,7834.02,0,0
52,DEBIT,673.87,C000001,4809.91,4136.04,M000038,1376.32,2050.19,0,0
52,TRANSFER,275.21,C000113,2004.62,1729.41,M000165,2629.48,2904.69,0,0
52,PAYMENT,1913.79,C000173,9378.37,7464.58,M000079,10530.31,12444.11,0,0
52,TRANSFER,473.67,C000054,6407.11,5933.45,M000151,3211.52,3685.19,0,0
52,CASH_OUT,340.86,C000164,4394.6,4053.73,M000122,2927.79,3268.65,0,0
52,PAYMENT,308.61,C000225,473.44,164.83,M000070,1983.3,2291.91,0,0
52,CASH_OUT,361.35,C000270,7852.11,7490.76,M000185,3484.92,3846.27,0,0
52,CASH_IN,76.97,C000253,13658.65,13581.68,M000102,3923.66,4000.63,0,0
52,TRANSFER,439.91,C000099,5173.46,4733.55,M000037,27796.66,28236.57,0,0
52,TRANSFER,366.22,C000174,1736.0,1369.78,M000102,7538.09,7904.31,0,0
52,TRANSFER,303.31,C000291,17906.99,17603.68,M000182,5306.24,5609.54,0,0
52,PAYMENT,57.32,C000069,3882.8,3825.49,M000026,20988.76,21046.08,0,0
52,PAYMENT,1042.33,C000058,1263.46,221.13,M000006,20798.25,21840.58,0,0
52,PAYMENT,336.11,C000181,19068.47,18732.36,M000028,39117.17,39453.29,0,0
52,TRANSFER,466.77,C000273,1424.0,957.24,M000078,46686.87,47153.64,0,0
52,TRANSFER,115.74,C000140,4336.96,4221.22,M000029,4534.54,4650.28,0,0
52,CASH_OUT,67.7,C000243,1822.1,1754.39,M000172,82100.34,82168.04,0,0
52,CASH_OUT,1671.95,C000085,1396.92,0.0,M000104,16220.46,17892.41,0,0
52,TRANSFER,1114.46,C000219,5034.18,3919.72,M000109,12188.29,13302.75,0,0
52,CASH_OUT,1601.57,C000087,21143.39,19541.82,M000028,4945.71,6547.28,0,0
52,PAYMENT,2696.09,C000178,3841.64,1145.55,M000192,1037.13,3733.23,0,0
52,PAYMENT,2051.59,C000092,1094.25,0.0,M000028,2120.96,4172.55,0,0
52,TRANSFER,1128.32,C000145,6847.05,5718.74,M000098,3441.33,4569.64,0,0
52,CASH_IN,352.6,C000254,7797.75,7445.15,M000012,1937.46,2290.06,0,0
52,PAYMENT,2282.53,C000293,13518.73,11236.19,M000047,6772.59,9055.13,0,0
52,CASH_OUT,439.01,C000032,936.04,497.03,M000191,1446.07,1885.08,0,0
52,CASH_OUT,1626.65,C000214,3663.59,2036.94,M000120,10285.05,11911.7,0,0
52,PAYMENT,468.45,C000185,1892.51,1424.07,M000112,2600.09,3068.54,0,0
52,CASH_OUT,236.3,C000153,8430.31,8194.01,M000084,3023.98,3260.28,0,0
52,PAYMENT,1699.64,C000121,9150.16,7450.52,M000047,18499.7,20199.34,0,0
52,PAYMENT,331.86,C000212,470.08,138.22,M000031,14069.0,14400.86,0,0
52,CASH_IN,700.29,C000048,3054.93,2354.65,M000070,3274.84,3975.12,0,0
52,TRANSFER,1473.25,C000014,3433.37,1960.12,M000076,181.69,1654.94,0,0
52,PAYMENT,168.1,C000098,384.1,216.0,M000073,15682.99,15851.09,0,0
52,TRANSFER,1782.31,C000226,4795.24,3012.92,M000092,12932.58,14714.89,0,0
52,CASH_OUT,187.41,C000198,2507.57,2320.15,M000144,6447.8,6635.21,0,0
52,PAYMENT,238.13,C000075,6624.91,6386.79,M000046,4736.0,4974.13,0,0
52,CASH_IN,276.49,C000014,1668.21,1391.71,M000126,1754.38,2030.87,0,0
52,CASH_IN,731.84,C000218,2654.1,1922.27,M000027,10574.07,11305.91,0,0
52,CASH_OUT,45.57,C000192,12241.35,12195.77,M000112,12609.09,12654.67,0,0
52,CASH_IN,152.3,C000097,2622.42,2470.12,M000086,3507.89,3660.19,0,0
52,PAYMENT,1509.74,C000208,639.49,0.0,M000068,9996.39,11506.14,0,0
52,CASH_IN,302.45,C000207,9500.4,9197.95,M000088,2332.57,2635.02,0,0
52,TRANSFER,1162.79,C000010,1495.99,333.2,M000137,14361.22,15524.01,0,0
52,CASH_OUT,1098.52,C000288,4281.75,3183.23,M000182,3095.81,4194.33,0,0
52,PAYMENT,360.17,C000094,1399.95,1039.78,M000046,9801.83,10162.0,0,0
52,PAYMENT,1234.28,C000011,13018.69,11784.41,M000028,14975.81,16210.1,0,0
52,PAYMENT,501.17,C000214,2582.3,2081.13,M000043,11399.68,11900.85,0,0
52,CASH_OUT,807.99,C000261,14315.28,13507.29,M000088,8229.1,9037.08,0,0
52,PAYMENT,436.04,C000174,1221.54,785.5,M000057,1598.03,2034.07,0,0
52,PAYMENT,1905.55,C000288,9228.31,7322.76,M000018,19474.96,21380.51,0,0
52,CASH_OUT,357.01,C000034,6016.85,5659.84,M000054,9699.6,10056.61,0,0
52,CASH_OUT,950.98,C000155,3070.28,2119.3,M000001,17037.11,17988.09,0,0
52,PAYMENT,1109.14,C000110,1579.09,469.95,M000084,1781.04,2890.18,0,0
53,CASH_OUT,200.89,C000244,912.95,712.07,M000105,537.41,738.3,0,0
53,PAYMENT,525.58,C000189,3640.86,3115.28,M000194,5932.51,6458.09,0,0
53,TRANSFER,122.69,C000100,1729.18,1606.49,M000038,8294.67,8417.36,0,0
53,PAYMENT,1069.25,C000158,5786.1,4716.86,M000006,13462.42,14531.67,0,0
53,PAYMENT,542.07,C000115,32811.77,32269.7,M000028,1900.68,2442.75,0,0
53,TRANSFER,410.91,C000223,2457.12,2046.21,M000014,12522.61,12933.52,0,0
53,TRANSFER,1867.81,C000073,2771.64,903.83,M000160,5099.9,6967.71,0,0
53,CASH_OUT,575.94,C000062,1077.86,501.92,M000180,13300.99,13876.94,0,0
53,TRANSFER,501.87,C000121,7181.94,6680.06,M000087,2141.15,2643.03,0,0
53,TRANSFER,636.31,C000260,1174.19,537.88,M000124,2033.75,2670.06,0,0
53,PAYMENT,310.52,C000065,1137.0,826.47,M000161,11377.85,11688.37,0,0
53,CASH_IN,405.98,C000187,6736.37,6330.39,M000053,2114.3,2520.28,0,0
53,CASH_OUT,240.23,C000011,2286.74,2046.5,M000100,7767.33,8007.57,0,0
53,PAYMENT,272.14,C000043,5750.3,5478.16,M000060,18793.4,19065.54,0,0
53,PAYMENT,463.09,C000128,6983.32,6520.23,M000066,10841.86,11304.95,0,0
53,CASH_IN,424.7,C000155,9698.29,9273.59,M000108,5755.19,6179.88,0,0
53,PAYMENT,490.12,C000211,9531.86,9041.75,M000086,4401.5,4891.62,0,0
53,PAYMENT,249.91,C000207,4823.01,4573.1,M000147,23950.03,24199.94,0,0
53,PAYMENT,1227.74,C000279,8753.5,7525.76,M000023,8785.69,10013.43,0,0
53,TRANSFER,162.52,C000108,5670.09,5507.57,M000065,1786.24,1948.76,0,0
53,CASH_OUT,407.07,C000003,486.31,79.24,M000197,9310.18,9717.25,0,0
53,PAYMENT,1022.68,C000294,9846.01,8823.33,M000062,43717.39,44740.07,0,0
53,PAYMENT,562.51,C000131,3209.85,2647.34,M000158,6577.04,7139.55,0,0
53,PAYMENT,433.24,C000248,23529.42,23096.17,M000128,783.79,1217.03,0,0
53,PAYMENT,1023.83,C000217,3989.8,2965.96,M000113,15600.61,16624.45,0,0
53,TRANSFER,102.47,C000021,2743.08,2640.61,M000198,2198.56,2301.04,0,0
53,CASH_OUT,737.02,C000139,4207.13,3470.11,M000138,16323.64,17060.66,0,0
53,TRANSFER,1195.86,C000092,9186.7,7990.84,M000022,8626.51,9822.37,0,0
53,CASH_IN,178.24,C000293,3903.39,3725.14,M000025,3659.55,3837.8,0,0
53,PAYMENT,99.64,C000131,7522.25,7422.61,M000098,26271.95,26371.59,0,0
53,PAYMENT,230.55,C000063,2958.62,2728.07,M000053,1417.95,1648.5,0,0
53,CASH_IN,619.81,C000014,3036.28,2416.47,M000186,5351.87,5971.68,0,0
53,CASH_IN,1682.72,C000197,8165.97,6483.25,M000007,10908.94,12591.67,0,0
53,TRANSFER,464.5,C000045,626.88,162.39,M000113,6869.77,7334.27,0,0
53,PAYMENT,1102.97,C000013,14813.92,13710.95,M000180,11233.12,12336.09,0,0
53,TRANSFER,530.81,C000165,1392.72,861.91,M000102,29441.82,29972.63,0,0
53,PAYMENT,632.63,C000152,4498.72,3866.09,M000119,5771.95,6404.58,0,0
53,TRANSFER,100.73,C000225,13685.09,13584.35,M000102,26707.1,26807.83,0,0
53,PAYMENT,227.69,C000295,6049.97,5822.27,M000149,3226.75,3454.45,0,0
53,PAYMENT,849.95,C000281,4352.85,3502.9,M000149,14656.01,15505.96,0,0
53,TRANSFER,5704.71,C000251,11370.28,5665.57,M000040,26164.11,31868.82,0,0
53,TRANSFER,100.84,C000263,7256.9,7156.06,M000048,11680.4,11781.25,0,0
53,CASH_OUT,2529.39,C000108,2280.93,0.0,M000175,10002.32,12531.71,0,0
53,PAYMENT,819.64,C000267,9986.2,9166.56,M000040,5794.58,6614.23,0,0
53,TRANSFER,1108.85,C000285,8012.88,6904.03,M000051,27744.16,28853.01,0,0
53,CASH_OUT,401.52,C000242,14719.03,14317.51,M000145,14123.19,14524.71,0,0
53,TRANSFER,393.91,C000095,10371.88,9977.97,M000032,3044.09,3438.0,0,0
53,PAYMENT,396.72,C000242,14016.79,13620.07,M000081,2386.41,2783.14,0,0
53,TRANSFER,491.46,C000268,6057.96,5566.5,M000029,67050.3,67541.76,0,0
53,CASH_OUT,266.48,C000292,3977.0,3710.52,M000152,14789.82,15056.3,0,0
53,CASH_OUT,1506.42,C000119,2645.75,1139.33,M000162,6293.74,7800.16,0,0
53,CASH_OUT,609.64,C000175,6525.56,5915.92,M000026,3178.94,3788.58,0,0
53,CASH_IN,669.48,C000234,6884.11,6214.63,M000163,5795.89,6465.37,0,0
53,PAYMENT,1015.48,C000139,5080.32,4064.84,M000025,2830.47,3845.95,0,0
53,PAYMENT,154.55,C000091,4793.85,4639.3,M000088,18208.51,18363.06,0,0
53,TRANSFER,872.69,C000153,6237.41,5364.72,M000196,16655.82,17528.51,0,0
53,PAYMENT,1037.05,C000288,3163.43,2126.38,M000050,4061.18,5098.23,0,0
53,PAYMENT,765.55,C000072,1706.69,941.14,M000171,5567.94,6333.5,0,0
53,CASH_OUT,992.17,C000149,4985.42,3993.26,M000035,26740.03,27732.2,0,0
53,PAYMENT,150.52,C000067,8187.72,8037.19,M000043,4823.1,4973.62,0,0
53,CASH_OUT,3028.1,C000139,5564.62,2536.52,M000161,3048.05,6076.15,0,0
53,DEBIT,475.23,C000119,7429.68,6954.46,M000135,20977.33,21452.55,0,0
53,PAYMENT,755.5,C000149,4183.64,3428.14,M000171,16417.89,17173.39,0,0
53,CASH_IN,506.9,C000066,1933.28,1426.38,M000180,13475.77,13982.67,0,0
53,CASH_IN,902.22,C000090,1676.95,774.73,M000138,3086.36,3988.58,0,0
53,PAYMENT,243.01,C000084,2877.29,2634.28,M000019,4058.47,4301.48,0,0
53,TRANSFER,258.52,C000217,1694.53,1436.01,M000101,5299.12,5557.65,0,0
53,PAYMENT,135.19,C000231,42950.56,42815.37,M000155,11648.52,11783.71,0,0
53,DEBIT,666.32,C000185,38060.43,37394.11,M000002,3294.54,3960.87,0,0
53,DEBIT,680.14,C000160,4215.59,3535.45,M000168,7216.16,7896.3,0,0
53,CASH_OUT,211.98,C000273,7433.96,7221.98,M000004,4757.13,4969.12,0,0
53,TRANSFER,1752.08,C000159,2517.81,765.72,M000194,8147.84,9899.92,0,0
53,TRANSFER,828.63,C000039,1800.27,971.64,M000148,42143.83,42972.46,0,0
53,TRANSFER,2148.09,C000167,9865.59,7717.5,M000069,8029.8,10177.89,0,0
53,TRANSFER,580.71,C000088,1131.99,551.28,M000057,1059.46,1640.17,0,0
53,CASH_OUT,802.65,C000018,10221.62,9418.97,M000170,28138.64,28941.29,0,0
53,PAYMENT,208.81,C000222,993.86,785.05,M000183,7692.56,7901.37,0,0
53,PAYMENT,469.31,C000126,522.15,52.84,M000154,5662.56,6131.87,0,0
53,PAYMENT,2718.18,C000250,13809.75,11091.56,M000050,6747.51,9465.7,0,0
53,PAYMENT,955.66,C000151,1320.81,365.15,M000077,10799.53,11755.19,0,0
53,CASH_OUT,164.92,C000049,2937.24,2772.31,M000168,22785.81,22950.73,0,0
53,TRANSFER,514.01,C000240,8072.09,7558.07,M000118,498.32,1012.34,0,0
53,TRANSFER,960.25,C000170,2135.21,1174.95,M000164,15098.67,16058.92,0,0
53,TRANSFER,690.55,C000220,2110.86,1420.31,M000132,32329.58,33020.13,0,0
53,CASH_OUT,150.89,C000270,7557.44,7406.55,M000015,3955.62,4106.51,0,0
53,CASH_OUT,92.51,C000168,5993.51,5901.0,M000122,2557.07,2649.58,0,0
53,CASH_IN,4387.59,C000097,8649.61,4262.02,M000187,4258.9,8646.49,0,0
53,PAYMENT,201.68,C000152,9280.04,9078.36,M000025,7604.44,7806.12,0,0
53,TRANSFER,1128.15,C000252,5192.54,4064.39,M000184,3435.03,4563.18,0,0
53,CASH_OUT,9406.72,C000111,2533.1,0.0,M000173,21311.32,30718.04,0,0
53,PAYMENT,2244.74,C000015,866.73,0.0,M000148,2346.51,4591.25,1,0
53,PAYMENT,378.72,C000195,3979.08,3600.36,M000177,65328.21,65706.93,0,0
53,CASH_IN,600.89,C000085,1162.68,561.78,M000153,2646.17,3247.06,0,0
53,TRANSFER,217.14,C000026,2238.45,2021.3,M000178,4890.45,5107.59,0,0
53,CASH_IN,819.5,C000206,13105.76,12286.25,M000078,1733.66,2553.16,0,0
53,PAYMENT,164.32,C000052,12883.64,12719.32,M000016,10568.14,10732.46,0,0
53,CASH_OUT,365.53,C000112,924.09,558.56,M000018,3605.4,3970.92,0,0
53,CASH_OUT,572.71,C000233,58358.65,57785.94,M000108,4453.08,5025.79,0,0
53,PAYMENT,369.08,C000179,12662.85,12293.77,M000065,5904.56,6273.63,0,0
53,CASH_IN,984.33,C000166,2278.9,1294.57,M000144,417.0,1401.32,0,0
54,CASH_IN,152.89,C000090,3365.84,3212.95,M000055,7681.57,7834.46,0,0
54,CASH_IN,2335.66,C000060,3685.02,1349.36,M000106,6660.79,8996.45,0,0
54,PAYMENT,99.26,C000046,1497.37,1398.11,M000076,6210.3,6309.56,0,0
54,PAYMENT,1555.61,C000295,15051.82,13496.21,M000141,9444.36,10999.97,0,0
54,CASH_OUT,165.9,C000010,2844.07,2678.17,M000076,1600.68,1766.58,0,0
54,CASH_IN,1501.16,C000226,23476.89,21975.73,M000029,10693.18,12194.34,0,0
54,PAYMENT,617.1,C000065,1387.99,770.89,M000056,1843.98,2461.08,0,0
54,PAYMENT,4280.42,C000192,2062.12,0.0,M000140,2921.74,7202.16,0,0
54,CASH_IN,1590.68,C000143,22265.99,20675.31,M000064,11501.18,13091.86,0,0
54,CASH_IN,61.71,C000203,2688.85,2627.14,M000095,5425.78,5487.49,0,0
54,PAYMENT,960.38,C000149,4030.19,3069.82,M000043,11084.69,12045.07,0,0
54,TRANSFER,1911.55,C000138,41259.06,39347.5,M000046,15182.97,17094.52,0,0
54,CASH_OUT,305.77,C000157,2176.97,1871.2,M000016,5284.42,5590.19,0,0
54,CASH_OUT,285.38,C000003,3927.83,3642.45,M000111,10756.09,11041.48,0,0
54,TRANSFER,306.23,C000014,1500.42,1194.2,M000040,4089.47,4395.7,0,0
54,PAYMENT,393.88,C000028,8888.67,8494.79,M000029,4848.78,5242.66,0,0
54,CASH_IN,308.2,C000286,4561.95,4253.74,M000057,5609.35,5917.55,0,0
54,PAYMENT,154.98,C000051,17752.78,17597.81,M000186,4083.07,4238.04,0,0
54,CASH_OUT,518.66,C000163,1792.59,1273.93,M000124,12581.08,13099.75,0,0
54,PAYMENT,169.21,C000061,911.07,741.86,M000148,14940.21,15109.42,0,0
54,CASH_IN,174.05,C000059,6151.21,5977.16,M000087,4029.59,4203.65,0,0
54,PAYMENT,2756.25,C000104,5460.59,2704.34,M000084,1329.73,4085.98,0,0
54,CASH_OUT,282.16,C000218,1247.58,965.43,M000046,3143.66,3425.82,0,0
54,TRANSFER,1285.61,C000085,13313.05,12027.44,M000088,4174.57,5460.18,0,0
54,PAYMENT,4904.74,C000176,1197.74,0.0,M000107,3314.44,8219.18,0,0
54,CASH_IN,1677.39,C000010,15258.17,13580.77,M000069,15800.06,17477.46,0,0
54,CASH_OUT,497.18,C000002,7811.32,7314.14,M000192,18149.7,18646.88,0,0
54,PAYMENT,242.82,C000106,2018.48,1775.65,M000077,1066.93,1309.75,0,0
54,CASH_OUT,121.01,C000056,4037.28,3916.27,M000094,2980.06,3101.07,0,0
54,CASH_OUT,245.14,C000206,1473.83,1228.69,M000023,9254.05,9499.19,0,0
54,PAYMENT,826.67,C000261,25918.33,25091.66,M000092,19082.73,19909.4,0,0
54,CASH_IN,1485.82,C000256,15195.6,13709.78,M000000,3460.69,4946.5,0,0
54,TRANSFER,948.55,C000002,1180.98,232.44,M000145,6349.64,7298.19,0,0
54,CASH_IN,487.13,C000053,20325.29,19838.16,M000035,10724.78,11211.91,0,0
54,PAYMENT,1618.35,C000034,1210.65,0.0,M000112,4768.7,6387.05,0,0
54,PAYMENT,981.76,C000266,5272.09,4290.33,M000092,9279.82,10261.58,0,0
54,TRANSFER,101.71,C000120,19403.87,19302.16,M000179,7189.56,7291.27,0,0
54,TRANSFER,900.28,C000183,6248.15,5347.88,M000193,5068.92,5969.2,0,0
54,PAYMENT,86.12,C000197,9778.8,9692.68,M000193,2878.5,2964.62,0,0
54,PAYMENT,1882.12,C000122,2247.84,365.72,M000102,14369.41,16251.53,0,0
54,PAYMENT,1368.45,C000144,5991.37,4622.92,M000044,29123.3,30491.74,0,0
54,CASH_IN,256.15,C000217,13961.52,13705.37,M000120,20652.3,20908.45,0,0
54,TRANSFER,1700.16,C000232,591.67,0.0,M000180,7134.57,8834.73,0,0
54,PAYMENT,716.57,C000118,8679.31,7962.73,M000059,4347.2,5063.78,0,0
54,CASH_OUT,163.2,C000251,44317.01,44153.81,M000071,4902.77,5065.97,0,0
54,CASH_OUT,277.39,C000231,88248.55,87971.15,M000044,8831.13,9108.53,0,0
54,CASH_IN,196.12,C000056,4882.84,4686.72,M000118,1083.05,1279.17,0,0
54,PAYMENT,156.78,C000204,11156.45,10999.67,M000122,3216.34,3373.12,0,0
54,PAYMENT,1595.87,C000209,18543.77,16947.89,M000026,7042.27,8638.14,0,0
54,CASH_OUT,628.33,C000087,7124.41,6496.07,M000041,1673.95,2302.29,0,0
54,PAYMENT,391.6,C000244,9554.61,9163.01,M000005,2024.88,2416.48,0,0
54,TRANSFER,981.75,C000097,4138.18,3156.44,M000154,9446.31,10428.06,0,0
54,CASH_IN,476.88,C000212,3590.91,3114.03,M000086,3427.94,3904.82,0,0
54,CASH_OUT,272.69,C000279,8517.32,8244.63,M000052,2566.99,2839.68,0,0
54,TRANSFER,279.34,C000288,5051.08,4771.74,M000135,16270.58,16549.92,0,0
54,DEBIT,591.6,C000103,963.78,372.18,M000092,2538.56,3130.17,0,0
54,TRANSFER,113.25,C000223,5110.08,4996.84,M000100,13526.58,13639.82,0,0
54,TRANSFER,72.09,C000151,2666.28,2594.19,M000048,14938.41,15010.5,0,0
54,TRANSFER,931.55,C000217,1875.04,943.49,M000072,4436.04,5367.59,0,0
54,TRANSFER,112.29,C000139,3132.0,3019.71,M000037,6511.59,6623.88,0,0
54,TRANSFER,2522.71,C000258,2645.94,123.23,M000070,7131.73,9654.44,0,0
54,PAYMENT,23103.7,C000072,8450.83,0.0,M000178,6281.66,29385.36,1,0
54,PAYMENT,1340.23,C000011,10428.06,9087.83,M000146,10894.61,12234.84,0,0
54,PAYMENT,258.27,C000248,12009.59,11751.32,M000048,3036.92,3295.19,0,0
54,PAYMENT,257.77,C000122,2305.56,2047.79,M000016,592.5,850.28,0,0
54,PAYMENT,210.03,C000190,14232.46,14022.43,M000048,13696.74,13906.77,0,0
54,PAYMENT,2141.22,C000257,4160.35,2019.13,M000018,11158.28,13299.49,0,0
54,TRANSFER,309.62,C000289,4590.32,4280.69,M000060,8387.4,8697.02,0,0
54,PAYMENT,630.74,C000084,3185.15,2554.41,M000191,5759.55,6390.29,0,0
54,PAYMENT,88.32,C000063,1412.7,1324.38,M000136,2345.3,2433.63,0,0
54,CASH_OUT,208.06,C000042,12534.47,12326.41,M000048,20670.5,20878.56,0,0
54,CASH_OUT,510.01,C000222,4144.51,3634.5,M000039,7758.5,8268.51,0,0
54,PAYMENT,161.29,C000168,3606.75,3445.47,M000166,6797.6,6958.88,0,0
54,PAYMENT,143.02,C000287,8623.41,8480.39,M000176,11610.29,11753.31,0,0
54,CASH_IN,888.59,C000258,12181.29,11292.7,M000133,8467.98,9356.57,0,0
54,TRANSFER,93.33,C000296,4347.94,4254.61,M000131,3608.43,3701.77,0,0
54,CASH_IN,835.7,C000050,4544.89,3709.2,M000066,5608.73,6444.43,0,0
54,PAYMENT,999.48,C000136,5619.32,4619.83,M000084,703.83,1703.31,0,0
54,CASH_OUT,90.64,C000049,5046.01,4955.37,M000179,1431.26,1521.9,0,0
54,PAYMENT,1195.56,C000162,1103.13,0.0,M000138,9431.04,10626.6,0,0
54,CASH_OUT,240.33,C000265,11953.86,11713.52,M000139,4777.27,5017.6,0,0
54,CASH_IN,115.7,C000254,26681.42,26565.71,M000141,21785.6,21901.3,0,0
54,CASH_IN,432.42,C000139,4433.83,4001.41,M000000,738.32,1170.74,0,0
54,PAYMENT,497.84,C000082,9298.4,8800.56,M000100,1973.81,2471.65,0,0
54,PAYMENT,235.78,C000271,4628.09,4392.31,M000157,8152.4,8388.18,0,0
54,PAYMENT,639.18,C000132,22483.63,21844.45,M000199,6777.31,7416.5,0,0
54,TRANSFER,343.72,C000096,4815.27,4471.56,M000048,5507.32,5851.03,0,0
54,PAYMENT,77.26,C000298,5210.51,5133.25,M000185,11905.74,11983.0,0,0
54,TRANSFER,562.01,C000022,5190.69,4628.68,M000144,4440.89,5002.9,0,0
54,DEBIT,426.81,C000276,3063.41,2636.6,M000176,2908.04,3334.85,0,0
54,CASH_OUT,314.88,C000067,3049.31,2734.44,M000166,6930.09,7244.97,0,0
54,TRANSFER,2762.04,C000144,6056.76,3294.71,M000197,3208.43,5970.47,0,0
54,PAYMENT,697.93,C000019,4518.4,3820.47,M000166,16935.25,17633.18,0,0
54,CASH_OUT,171.52,C000143,361.62,190.11,M000085,10012.26,10183.78,0,0
54,CASH_OUT,231.81,C000188,5386.65,5154.84,M000055,3597.21,3829.02,0,0
54,PAYMENT,583.88,C000122,4747.36,4163.47,M000127,9421.24,10005.12,0,0
54,PAYMENT,674.33,C000071,7541.81,6867.48,M000170,6881.58,7555.91,0,0
54,PAYMENT,246.8,C000185,33332.11,33085.3,M000048,29655.85,29902.65,0,0
54,PAYMENT,804.18,C000281,13006.59,12202.42,M000141,4220.44,5024.61,0,0
54,DEBIT,245.36,C000113,8441.43,8196.07,M000148,14477.99,14723.35,0,0
55,CASH_OUT,3431.2,C000262,4736.53,1305.33,M000103,9245.58,12676.78,0,0
55,CASH_OUT,406.88,C000035,12938.68,12531.8,M000047,31477.52,31884.4,0,0
55,TRANSFER,2290.98,C000004,1402.38,0.0,M000126,1106.21,3397.19,0,0
55,PAYMENT,1376.74,C000236,6498.54,5121.8,M000158,927.63,2304.38,0,0
55,CASH_OUT,243.07,C000164,310.59,67.52,M000028,3095.6,3338.67,0,0
55,PAYMENT,529.63,C000076,2626.41,2096.78,M000081,39889.75,40419.38,0,0
55,PAYMENT,466.7,C000122,2400.38,1933.67,M000196,5718.11,6184.81,0,0
55,TRANSFER,105.12,C000226,1503.38,1398.26,M000124,2633.79,2738.91,0,0
55,CASH_OUT,547.96,C000232,4679.06,4131.1,M000090,9662.85,10210.82,0,0
55,PAYMENT,299.08,C000288,5578.93,5279.85,M000054,13994.82,14293.9,0,0
55,PAYMENT,353.43,C000130,13996.61,13643.17,M000003,3694.2,4047.64,0,0
55,PAYMENT,859.65,C000154,10842.63,9982.98,M000100,7386.18,8245.83,0,0
55,CASH_OUT,357.0,C000294,2894.33,2537.33,M000187,6347.8,6704.81,0,0
55,TRANSFER,410.77,C000210,3380.57,2969.81,M000184,5368.68,5779.45,0,0
55,PAYMENT,411.62,C000266,17513.98,17102.37,M000179,9485.34,9896.96,0,0
55,PAYMENT,788.69,C000061,15104.71,14316.02,M000170,2762.49,3551.18,0,0
55,TRANSFER,88.2,C000019,1463.24,1375.04,M000186,42862.34,42950.54,0,0
55,CASH_IN,353.82,C000244,1391.07,1037.24,M000131,2913.13,3266.95,0,0
55,DEBIT,798.42,C000117,4919.33,4120.91,M000174,2637.92,3436.34,0,0
55,TRANSFER,337.51,C000073,9181.46,8843.95,M000084,1034.11,1371.61,0,0
55,CASH_OUT,1472.44,C000215,2573.25,1100.81,M000049,4254.01,5726.45,0,0
55,CASH_OUT,1149.81,C000058,1448.44,298.63,M000182,4233.1,5382.91,0,0
55,PAYMENT,459.23,C000201,4883.57,4424.34,M000140,5709.72,6168.95,0,0
55,CASH_IN,1086.47,C000183,3059.54,1973.07,M000105,2378.11,3464.57,0,0
55,CASH_OUT,541.47,C000208,1653.99,1112.52,M000093,8849.22,9390.69,0,0
55,PAYMENT,1504.65,C000124,10009.7,8505.05,M000126,3209.06,4713.7,0,0
55,TRANSFER,1399.12,C000170,2615.03,1215.91,M000094,5725.33,7124.46,0,0
55,PAYMENT,378.84,C000169,1352.1,973.25,M000085,586.55,965.39,0,0
55,PAYMENT,2704.55,C000032,3827.44,1122.89,M000101,1552.27,4256.83,0,0
55,TRANSFER,136.6,C000280,4435.27,4298.67,M000196,7335.41,7472.01,0,0
55,CASH_OUT,930.54,C000263,371.96,0.0,M000198,3575.95,4506.49,0,0
55,PAYMENT,7559.02,C000243,5336.18,0.0,M000006,10559.32,18118.34,0,0
55,CASH_OUT,1072.01,C000238,4439.06,3367.05,M000054,2626.92,3698.93,0,0
55,PAYMENT,442.01,C000209,11552.04,11110.04,M000071,1104.48,1546.48,0,0
55,PAYMENT,1112.2,C000248,19764.98,18652.79,M000026,3567.05,4679.24,0,0
55,PAYMENT,94.68,C000085,1177.72,1083.04,M000149,2983.66,3078.34,0,0
55,CASH_IN,1164.36,C000269,10593.62,9429.26,M000061,3986.06,5150.42,0,0
55,PAYMENT,970.63,C000223,1451.03,480.4,M000006,2978.52,3949.14,0,0
55,CASH_IN,98.46,C000248,6116.54,6018.08,M000046,9021.82,9120.29,0,0
55,PAYMENT,1008.45,C000056,2313.92,1305.47,M000039,2092.12,3100.57,0,0
55,TRANSFER,572.7,C000256,41313.67,40740.97,M000036,6710.4,7283.1,0,0
55,PAYMENT,155.78,C000198,1403.72,1247.94,M000159,13480.28,13636.06,0,0
55,PAYMENT,598.52,C000291,723.97,125.45,M000010,24265.1,24863.62,0,0
55,PAYMENT,398.3,C000095,6460.16,6061.87,M000106,6396.82,6795.12,0,0
55,PAYMENT,1986.1,C000110,4200.0,2213.9,M000165,1891.32,3877.42,0,0
55,TRANSFER,4915.06,C000069,17887.56,12972.5,M000104,1703.81,6618.87,1,0
55,TRANSFER,210.84,C000275,21100.74,20889.9,M000023,5897.09,6107.93,0,0
55,CASH_OUT,778.84,C000187,19952.62,19173.77,M000074,22015.66,22794.5,0,0
55,TRANSFER,236.93,C000016,3036.07,2799.14,M000198,1954.75,2191.68,0,0
55,CASH_OUT,2613.44,C000296,3899.61,1286.17,M000179,3580.92,6194.36,0,0
55,TRANSFER,28.62,C000127,5525.91,5497.29,M000037,9045.99,9074.61,0,0
55,PAYMENT,113.79,C000263,1471.62,1357.83,M000122,2939.36,3053.15,0,0
55,CASH_IN,464.49,C000159,3893.32,3428.83,M000051,1686.92,2151.4,0,0
55,PAYMENT,452.9,C000212,2486.02,2033.12,M000110,2585.6,3038.5,0,0
55,TRANSFER,394.85,C000088,4205.91,3811.06,M000030,3820.3,4215.15,0,0
55,TRANSFER,175.66,C000090,4337.68,4162.02,M000079,6700.76,6876.42,0,0
55,CASH_OUT,559.97,C000281,8839.0,8279.03,M000087,13363.71,13923.69,0,0
55,CASH_OUT,1302.93,C000011,8466.5,7163.57,M000072,4272.57,5575.51,0,0
55,CASH_IN,169.4,C000036,4243.67,4074.28,M000101,1495.02,1664.42,0,0
55,PAYMENT,588.34,C000140,23433.43,22845.09,M000134,4263.72,4852.06,0,0
55,CASH_IN,275.81,C000109,2377.85,2102.04,M000180,11798.95,12074.76,0,0
55,PAYMENT,410.79,C000156,4062.0,3651.21,M000055,1991.66,2402.45,0,0
55,CASH_IN,1126.81,C000254,5807.3,4680.49,M000062,4111.05,5237.87,0,0
55,CASH_OUT,428.44,C000088,10273.4,9844.96,M000102,2997.5,3425.94,0,0
55,CASH_OUT,942.38,C000271,1455.35,512.97,M000194,5727.19,6669.57,0,0
55,CASH_OUT,1942.4,C000143,3903.39,1960.99,M000050,364.4,2306.8,0,0
55,CASH_IN,869.85,C000215,5542.11,4672.27,M000128,17079.35,17949.2,0,0
55,TRANSFER,46.23,C000217,6348.71,6302.48,M000080,2128.72,2174.95,0,0
55,PAYMENT,1396.12,C000032,7970.87,6574.76,M000129,9225.4,10621.51,0,0
55,TRANSFER,1425.0,C000069,5875.72,4450.72,M000181,746.76,2171.76,0,0
55,PAYMENT,257.41,C000268,2424.05,2166.64,M000193,10169.89,10427.31,0,0
55,PAYMENT,53.47,C000246,5427.06,5373.59,M000121,1655.96,1709.43,0,0
55,CASH_OUT,1291.32,C000094,2970.98,1679.66,M000124,3883.09,5174.41,0,0
55,TRANSFER,296.98,C000234,2433.49,2136.51,M000047,8187.89,8484.87,0,0
55,DEBIT,1610.6,C000279,5320.39,3709.79,M000020,11243.13,12853.73,0,0
55,PAYMENT,263.7,C000263,11519.02,11255.32,M000184,1073.09,1336.79,0,0
55,PAYMENT,1002.98,C000004,13897.48,12894.51,M000143,4628.22,5631.2,0,0
55,PAYMENT,197.67,C000012,3087.54,2889.88,M000016,2074.56,2272.22,0,0
55,PAYMENT,443.56,C000146,21671.26,21227.7,M000002,1682.83,2126.38,0,0
55,TRANSFER,458.26,C000081,3187.3,2729.04,M000127,5803.16,6261.43,0,0
55,PAYMENT,1461.74,C000075,1710.08,248.34,M000128,1946.7,3408.44,0,0
55,CASH_IN,1331.09,C000296,2807.76,1476.67,M000037,6515.49,7846.58,0,0
55,PAYMENT,207.3,C000195,13950.37,13743.06,M000081,2060.13,2267.43,0,0
55,PAYMENT,221.56,C000286,1552.95,1331.39,M000033,10037.97,10259.53,0,0
55,CASH_OUT,523.71,C000299,4755.35,4231.64,M000000,4299.98,4823.69,0,0
55,CASH_OUT,697.24,C000191,904.42,207.18,M000105,1459.48,2156.72,0,0
55,CASH_OUT,849.48,C000126,8947.14,8097.66,M000185,3830.16,4679.64,0,0
55,PAYMENT,4444.15,C000233,18640.54,14196.39,M000057,7057.31,11501.46,0,0
55,PAYMENT,971.12,C000118,8453.14,7482.02,M000163,7169.9,8141.02,0,0
55,PAYMENT,503.51,C000087,7741.61,7238.1,M000108,10939.09,11442.6,0,0
55,CASH_OUT,777.4,C000047,16039.21,15261.82,M000075,10063.91,10841.31,0,0
55,PAYMENT,81.95,C000179,15161.04,15079.08,M000085,4318.49,4400.44,0,0
55,CASH_OUT,799.6,C000105,20745.93,19946.32,M000018,8440.07,9239.67,0,0
55,TRANSFER,163.32,C000086,1975.31,1811.98,M000120,5676.45,5839.77,0,0
55,PAYMENT,973.47,C000064,4139.42,3165.95,M000022,4522.71,5496.18,0,0
55,PAYMENT,291.07,C000052,16834.43,16543.36,M000049,16426.62,16717.69,0,0
56,CASH_OUT,395.84,C000164,3269.7,2873.86,M000181,19874.04,20269.88,0,0
56,PAYMENT,173.88,C000022,5328.03,5154.15,M000150,33614.08,33787.96,0,0
56,PAYMENT,1774.73,C000216,9247.12,7472.39,M000131,17158.05,18932.77,0,0
56,CASH_OUT,3559.84,C000275,22909.78,19349.95,M000017,15534.48,19094.32,0,0
56,PAYMENT,903.91,C000154,20887.89,19983.98,M000039,4073.28,4977.19,0,0
56,PAYMENT,619.48,C000278,23328.21,22708.73,M000111,12874.22,13493.7,0,0
56,PAYMENT,225.69,C000100,8969.26,8743.57,M000078,612.19,837.88,0,0
56,PAYMENT,332.4,C000219,6432.21,6099.81,M000121,8358.05,8690.44,0,0
56,CASH_IN,639.01,C000043,5883.27,5244.26,M000088,2327.03,2966.04,0,0
56,TRANSFER,297.63,C000094,89648.76,89351.13,M000165,1753.95,2051.58,0,0
56,CASH_IN,1266.84,C000048,1181.54,0.0,M000170,7004.67,8271.51,0,0
56,TRANSFER,1092.13,C000204,3525.1,2432.97,M000049,2812.9,3905.03,0,0
56,CASH_IN,3306.29,C000195,11712.24,8405.95,M000040,1505.55,4811.84,0,0
56,PAYMENT,1976.98,C000236,475.1,0.0,M000030,13464.54,15441.52,0,0
56,CASH_OUT,647.15,C000163,22883.35,22236.2,M000198,1483.16,2130.31,0,0
56,TRANSFER,131.12,C000189,12928.38,12797.25,M000160,9377.15,9508.27,0,0
56,CASH_IN,1784.33,C000008,5381.89,3597.57,M000001,3137.21,4921.53,0,0
56,CASH_OUT,975.34,C000147,6455.27,5479.93,M000155,6417.39,7392.73,0,0
56,PAYMENT,91.61,C000157,3907.13,3815.52,M000130,5150.9,5242.51,0,0
56,TRANSFER,472.2,C000214,1567.86,1095.65,M000193,7229.39,7701.59,0,0
56,TRANSFER,81.22,C000221,3353.46,3272.25,M000000,5884.54,5965.75,0,0
56,TRANSFER,912.76,C000176,3628.13,2715.37,M000159,6632.49,7545.26,0,0
56,PAYMENT,134.49,C000266,3547.22,3412.74,M000044,2281.17,2415.66,0,0
56,DEBIT,1084.98,C000024,3732.24,2647.26,M000128,4285.39,5370.36,0,0
56,PAYMENT,548.7,C000283,2865.93,2317.23,M000150,2201.12,2749.82,0,0
56,CASH_IN,10729.51,C000050,13407.08,2677.57,M000144,38800.2,49529.71,0,0
56,PAYMENT,12293.24,C000023,8428.38,0.0,M000034,6018.06,18311.29,1,0
56,TRANSFER,1303.18,C000241,6193.93,4890.76,M000068,5966.4,7269.58,0,0
56,CASH_OUT,377.37,C000277,4104.41,3727.04,M000031,27612.48,27989.85,0,0
56,PAYMENT,803.54,C000000,4045.02,3241.48,M000030,1159.48,1963.02,0,0
56,PAYMENT,409.58,C000018,1893.77,1484.18,M000164,15645.8,16055.39,0,0
56,DEBIT,433.51,C000001,24073.08,23639.57,M000007,14095.23,14528.74,0,0
56,TRANSFER,672.87,C000251,3702.53,3029.66,M000081,2033.3,2706.18,0,0
56,CASH_IN,1438.62,C000058,4176.48,2737.86,M000014,12120.97,13559.58,0,0
56,PAYMENT,6199.76,C000017,8486.51,2286.74,M000048,14559.8,20759.56,0,0
56,PAYMENT,2638.43,C000281,1801.84,0.0,M000131,687.99,3326.42,0,0
56,CASH_IN,757.16,C000223,14375.27,13618.1,M000052,2719.96,3477.12,0,0
56,CASH_OUT,1995.71,C000210,11932.44,9936.73,M000191,33197.21,35192.92,0,0
56,TRANSFER,185.76,C000128,4689.54,4503.79,M000122,1091.41,1277.17,0,0
56,PAYMENT,367.49,C000247,16250.54,15883.05,M000001,1000.06,1367.55,0,0
56,TRANSFER,1816.65,C000223,4977.8,3161.15,M000165,26682.9,28499.55,0,0
56,CASH_IN,382.95,C000061,6925.34,6542.39,M000093,2610.81,2993.76,0,0
56,PAYMENT,749.54,C000174,23410.19,22660.64,M000196,7710.99,8460.53,0,0
56,PAYMENT,15891.38,C000116,3289.61,0.0,M000052,4003.9,19895.28,0,0
56,TRANSFER,853.61,C000127,11878.65,11025.04,M000035,1130.87,1984.48,0,0
56,PAYMENT,552.84,C000131,20366.09,19813.25,M000080,9440.33,9993.17,0,0
56,TRANSFER,1985.12,C000054,13060.77,11075.65,M000183,4717.62,6702.74,0,0
56,PAYMENT,429.54,C000269,4800.43,4370.88,M000100,8215.62,8645.16,0,0
56,PAYMENT,1188.07,C000206,6591.06,5402.98,M000149,44836.43,46024.51,0,0
56,TRANSFER,636.03,C000244,6099.48,5463.45,M000044,8139.04,8775.07,0,0
56,PAYMENT,859.72,C000058,2538.77,1679.05,M000097,1725.94,2585.66,0,0
56,CASH_IN,580.93,C000102,13830.24,13249.31,M000011,7828.12,8409.05,0,0
56,PAYMENT,108.27,C000297,2209.64,2101.38,M000186,10627.77,10736.04,0,0
56,CASH_OUT,215.57,C000284,18788.51,18572.94,M000110,70086.03,70301.6,0,0
56,CASH_IN,2124.4,C000262,40525.8,38401.4,M000000,14500.4,16624.79,0,0
56,TRANSFER,573.22,C000249,7422.53,6849.31,M000040,9404.31,9977.53,0,0
56,TRANSFER,1138.72,C000102,5129.38,3990.67,M000037,2831.5,3970.21,0,0
56,PAYMENT,1260.43,C000113,3637.75,2377.32,M000126,4042.85,5303.29,0,0
56,TRANSFER,93.98,C000179,5207.8,5113.82,M000102,5314.0,5407.98,0,0
56,PAYMENT,211.31,C000217,2426.86,2215.55,M000116,14225.7,14437.01,0,0
56,TRANSFER,580.47,C000215,2837.63,2257.16,M000062,4180.57,4761.04,0,0
56,PAYMENT,405.19,C000273,5147.96,4742.77,M000137,12697.14,13102.33,0,0
56,PAYMENT,1044.29,C000098,7077.68,6033.39,M000165,35328.9,36373.2,0,0
56,CASH_OUT,132.8,C000202,2544.58,2411.79,M000100,12017.69,12150.49,0,0
56,CASH_OUT,2985.93,C000068,2346.96,0.0,M000097,14783.44,17769.38,0,0
56,CASH_OUT,43811.51,C000145,3977.73,0.0,M000159,21183.36,64994.87,1,0
56,CASH_IN,1185.48,C000174,6960.47,5775.0,M000023,13529.52,14714.99,0,0
56,CASH_IN,1237.84,C000226,6011.42,4773.58,M000115,6346.46,7584.3,0,0
56,PAYMENT,1737.74,C000180,1787.44,49.7,M000170,1075.9,2813.63,0,0
56,TRANSFER,59.36,C000149,7199.29,7139.93,M000071,8845.08,8904.44,0,0
56,TRANSFER,343.24,C000095,11329.14,10985.9,M000121,5920.73,6263.97,0,0
56,CASH_IN,442.44,C000239,19366.36,18923.91,M000084,17133.56,17576.01,0,0
56,TRANSFER,219.16,C000049,632.48,413.32,M000094,4469.98,4689.14,0,0
56,TRANSFER,152.11,C000102,2521.87,2369.76,M000075,4159.63,4311.74,0,0
56,DEBIT,1722.69,C000136,5755.73,4033.04,M000106,22042.41,23765.1,0,0
56,CASH_IN,134.57,C000270,4465.48,4330.91,M000163,34592.49,34727.06,0,0
56,CASH_IN,655.72,C000009,17252.62,16596.9,M000168,5755.76,6411.47,0,0
56,CASH_OUT,1513.13,C000274,2433.54,920.41,M000013,6211.02,7724.15,0,0
56,PAYMENT,1003.55,C000195,9059.39,8055.84,M000169,45592.91,46596.46,0,0
56,TRANSFER,2047.27,C000115,5141.47,3094.2,M000105,14598.67,16645.94,0,0
56,PAYMENT,135.64,C000132,2440.52,2304.87,M000141,5237.07,5372.71,0,0
57,PAYMENT,344.32,C000027,13575.04,13230.72,M000163,8129.5,8473.82,0,0
57,CASH_OUT,137.32,C000006,3426.9,3289.59,M000042,32201.65,32338.97,0,0
57,CASH_OUT,151.9,C000099,3518.52,3366.62,M000133,13385.81,13537.71,0,0
57,CASH_OUT,1194.34,C000102,2624.65,1430.31,M000014,6563.14,7757.48,0,0
57,PAYMENT,501.1,C000010,3412.51,2911.4,M000006,6131.17,6632.27,0,0
57,TRANSFER,1006.23,C000148,4288.78,3282.55,M000044,6310.42,7316.65,0,0
57,CASH_OUT,764.98,C000294,2521.99,1757.02,M000176,11881.65,12646.63,0,0
57,CASH_OUT,594.46,C000159,5248.39,4653.92,M000082,4206.69,4801.16,0,0
57,DEBIT,582.43,C000280,31003.86,30421.42,M000008,7688.1,8270.54,0,0
57,CASH_OUT,773.75,C000038,10256.64,9482.89,M000123,4857.84,5631.59,0,0
57,PAYMENT,467.98,C000250,8882.65,8414.67,M000020,2851.93,3319.91,0,0
57,CASH_OUT,1891.36,C000173,1952.79,61.43,M000083,2289.07,4180.43,0,0
57,CASH_IN,213.36,C000194,24908.01,24694.64,M000047,11763.97,11977.33,0,0
57,PAYMENT,462.96,C000029,5602.42,5139.46,M000145,43169.12,43632.08,0,0
57,PAYMENT,273.57,C000234,14106.29,13832.73,M000005,32353.32,32626.89,0,0
57,PAYMENT,345.03,C000250,5397.07,5052.04,M000089,3756.19,4101.22,0,0
57,PAYMENT,188.49,C000187,38294.39,38105.89,M000009,9200.37,9388.86,0,0
57,TRANSFER,133.25,C000147,22574.37,22441.13,M000100,15504.95,15638.2,0,0
57,TRANSFER,244.48,C000133,661.59,417.11,M000009,1295.6,1540.08,1,0
57,PAYMENT,2507.05,C000164,7199.03,4691.98,M000171,2417.37,4924.42,0,0
57,TRANSFER,171.27,C000067,4016.12,3844.86,M000104,3478.03,3649.3,0,0
57,PAYMENT,496.22,C000198,10770.08,10273.86,M000147,2637.32,3133.54,0,0
57,PAYMENT,136.16,C000043,5383.7,5247.54,M000103,2347.59,2483.75,0,0
57,PAYMENT,2906.9,C000226,4413.83,1506.92,M000047,1692.22,4599.12,0,0
57,TRANSFER,1080.1,C000210,12110.55,11030.45,M000063,2655.49,3735.59,0,0
57,PAYMENT,177.59,C000064,13992.85,13815.26,M000155,27628.89,27806.48,0,0
57,PAYMENT,5656.64,C000011,15325.06,9668.42,M000106,11234.83,16891.47,0,0
57,CASH_OUT,555.96,C000063,7989.87,7433.91,M000082,17358.84,17914.81,0,0
57,CASH_OUT,388.98,C000235,5596.28,5207.3,M000136,2613.23,3002.21,0,0
57,CASH_IN,2668.0,C000100,1693.27,0.0,M000043,12669.46,15337.46,0,0
57,PAYMENT,210.02,C000110,4857.32,4647.3,M000077,26426.51,26636.53,0,0
57,PAYMENT,781.16,C000169,2680.91,1899.75,M000183,12382.58,13163.74,0,0
57,PAYMENT,2145.39,C000280,7343.3,5197.91,M000082,5652.48,7797.87,0,0
57,CASH_OUT,517.1,C000162,13992.52,13475.42,M000189,4489.17,5006.27,0,0
57,CASH_OUT,1443.47,C000200,6133.66,4690.19,M000024,1359.68,2803.15,0,0
57,TRANSFER,4267.98,C000016,7638.21,3370.23,M000030,982.1,5250.08,1,0
57,DEBIT,502.01,C000242,2794.9,2292.89,M000101,1199.28,1701.28,0,0
57,CASH_IN,257.4,C000069,6663.65,6406.25,M000151,642.55,899.95,0,0
57,DEBIT,1065.77,C000088,2792.3,1726.53,M000136,3578.14,4643.91,0,0
57,PAYMENT,3764.27,C000128,12260.51,8496.24,M000005,4413.68,8177.95,0,0
57,CASH_OUT,3185.31,C000211,2040.35,0.0,M000059,3519.3,6704.6,0,0
57,PAYMENT,721.49,C000099,6378.33,5656.84,M000132,2236.45,2957.94,0,0
57,CASH_OUT,766.66,C000195,2098.52,1331.86,M000094,3930.47,4697.13,0,0
57,PAYMENT,234.31,C000079,503.97,269.66,M000147,34724.54,34958.86,0,0
57,CASH_OUT,971.59,C000255,2181.95,1210.36,M000011,12847.89,13819.48,0,0
57,TRANSFER,304.0,C000173,2054.87,1750.87,M000000,178.24,482.25,0,0
57,PAYMENT,1524.9,C000004,1465.56,0.0,M000093,2940.12,4465.02,0,0
57,PAYMENT,75.66,C000289,12585.91,12510.25,M000059,2664.43,2740.09,0,0
57,TRANSFER,358.31,C000275,5393.44,5035.14,M000082,16617.14,16975.45,0,0
57,PAYMENT,268.3,C000142,6272.35,6004.06,M000082,5710.66,5978.96,0,0
57,CASH_IN,165.18,C000208,10074.22,9909.04,M000034,10965.12,11130.31,0,0
57,CASH_IN,577.71,C000076,16967.19,16389.47,M000009,5118.57,5696.29,0,0
57,PAYMENT,770.92,C000033,6291.62,5520.69,M000024,11245.69,12016.62,0,0
57,PAYMENT,875.42,C000188,3116.55,2241.13,M000133,312.84,1188.26,0,0
57,PAYMENT,236.19,C000232,1923.26,1687.07,M000082,2731.28,2967.48,0,0
57,CASH_OUT,383.17,C000244,9918.97,9535.8,M000152,3245.76,3628.93,0,0
57,DEBIT,91.22,C000069,3328.73,3237.51,M000091,17334.36,17425.58,0,0
57,PAYMENT,1082.23,C000010,9573.28,8491.04,M000028,7212.96,8295.19,0,0
57,PAYMENT,104.75,C000149,18886.68,18781.93,M000066,1449.12,1553.87,0,0
57,CASH_OUT,338.49,C000181,2354.35,2015.86,M000069,3512.52,3851.01,0,0
57,CASH_OUT,876.72,C000188,10485.84,9609.12,M000197,7215.17,8091.88,0,0
57,CASH_IN,628.8,C000277,2719.6,2090.8,M000127,3146.71,3775.51,0,0
57,CASH_IN,2170.88,C000186,9885.08,7714.2,M000197,2818.45,4989.32,0,0
57,CASH_OUT,158.56,C000153,2631.66,2473.1,M000102,2902.35,3060.91,0,0
57,PAYMENT,726.46,C000168,44052.82,43326.36,M000055,669.46,1395.91,0,0
57,PAYMENT,374.48,C000242,18591.68,18217.2,M000091,17780.77,18155.25,0,0
57,CASH_OUT,1450.38,C000184,5638.3,4187.92,M000045,3108.49,4558.87,1,0
57,CASH_IN,1673.9,C000216,697.36,0.0,M000062,6330.79,8004.69,0,0
57,PAYMENT,814.26,C000211,648.95,0.0,M000029,3388.39,4202.64,0,0
57,PAYMENT,151.66,C000035,723.29,571.64,M000078,10167.96,10319.61,0,0
57,CASH_IN,258.88,C000068,8295.9,8037.02,M000129,6603.1,6861.97,0,0
57,CASH_OUT,544.02,C000225,802.02,258.0,M000010,6925.6,7469.61,0,0
57,PAYMENT,242.29,C000292,18826.31,18584.01,M000119,3226.91,3469.21,0,0
57,TRANSFER,101.23,C000106,2391.89,2290.66,M000091,14941.64,15042.88,0,0
57,PAYMENT,1272.67,C000140,3762.88,2490.2,M000099,3550.94,4823.61,0,0
57,CASH_OUT,318.92,C000047,21484.07,21165.15,M000155,6913.24,7232.16,0,0
57,TRANSFER,744.34,C000171,5301.74,4557.4,M000056,202.2,946.54,0,0
57,CASH_IN,319.51,C000026,1464.79,1145.28,M000114,4306.48,4625.99,0,0
57,TRANSFER,5433.41,C000186,9901.98,4468.57,M000080,15562.76,20996.17,0,0
57,CASH_OUT,454.58,C000297,14199.72,13745.14,M000079,5966.02,6420.61,0,0
57,CASH_IN,290.35,C000261,4643.72,4353.37,M000163,12459.52,12749.87,0,0
57,CASH_OUT,182.05,C000272,6645.46,6463.4,M000171,10588.89,10770.95,0,0
57,TRANSFER,2169.8,C000104,2017.53,0.0,M000167,6441.49,8611.28,0,0
57,CASH_IN,79.52,C000121,28979.74,28900.22,M000172,6681.33,6760.85,0,0
57,TRANSFER,2179.56,C000296,2487.42,307.85,M000048,1942.7,4122.26,0,0
57,PAYMENT,409.47,C000026,4874.07,4464.6,M000198,4542.56,4952.04,0,0
57,TRANSFER,720.89,C000002,573.45,0.0,M000017,2553.47,3274.37,0,0
57,TRANSFER,284.12,C000201,33786.36,33502.25,M000160,4065.37,4349.49,0,0
57,DEBIT,335.02,C000152,12588.89,12253.87,M000141,1942.98,2278.0,0,0
57,TRANSFER,99.53,C000213,2915.94,2816.42,M000159,1432.48,1532.0,0,0
57,PAYMENT,1077.82,C000129,347.63,0.0,M000097,1644.54,2722.36,0,0
57,TRANSFER,1987.66,C000078,15529.93,13542.26,M000189,4798.22,6785.88,0,0
57,CASH_OUT,90.7,C000146,15937.34,15846.64,M000046,10337.34,10428.04,0,0
57,TRANSFER,242.47,C000276,14092.04,13849.57,M000182,22443.68,22686.15,0,0
58,CASH_IN,742.83,C000019,2331.15,1588.32,M000140,2931.36,3674.19,0,0
58,CASH_IN,149.65,C000115,17402.88,17253.23,M000118,5277.24,5426.89,0,0
58,CASH_OUT,317.28,C000035,35116.36,34799.08,M000064,2775.53,3092.81,0,0
58,CASH_OUT,1142.98,C000237,2550.52,1407.54,M000057,1325.08,2468.06,0,0
58,PAYMENT,286.11,C000295,2403.68,2117.58,M000116,9134.31,9420.42,0,0
58,PAYMENT,110.6,C000037,12565.68,12455.08,M000198,944.82,1055.42,0,0
58,CASH_IN,1566.96,C000032,3498.69,1931.73,M000172,12715.74,14282.7,0,0
58,TRANSFER,30.26,C000091,2821.08,2790.82,M000180,717.01,747.27,0,0
58,DEBIT,969.71,C000161,3477.27,2507.56,M000140,19650.93,20620.64,0,0
58,CASH_IN,379.98,C000005,1591.48,1211.5,M000079,19089.35,19469.34,0,0
58,PAYMENT,436.01,C000156,3273.01,2837.0,M000117,17702.54,18138.54,0,0
58,CASH_OUT,127.61,C000191,5536.32,5408.71,M000176,2999.09,3126.7,0,0
58,DEBIT,272.31,C000157,14198.72,13926.4,M000092,5789.35,6061.66,0,0
58,CASH_OUT,502.09,C000133,9280.47,8778.37,M000182,491.67,993.76,0,0
58,DEBIT,429.86,C000060,3842.47,3412.61,M000040,1287.76,1717.62,0,0
58,TRANSFER,668.14,C000289,2466.94,1798.8,M000013,3526.47,4194.61,0,0
58,PAYMENT,229.66,C000257,11091.01,10861.35,M000131,11489.83,11719.49,0,0
58,TRANSFER,186.41,C000288,2173.63,1987.22,M000126,2145.18,2331.59,0,0
58,PAYMENT,2934.87,C000064,16344.74,13409.87,M000142,15250.24,18185.11,0,0
58,CASH_IN,1010.11,C000214,5773.39,4763.29,M000080,7411.27,8421.38,0,0
58,PAYMENT,598.9,C000192,5516.12,4917.22,M000024,28070.42,28669.32,0,0
58,PAYMENT,177.61,C000214,1200.64,1023.03,M000090,1228.31,1405.92,0,0
58,TRANSFER,779.24,C000184,7443.3,6664.06,M000184,3402.17,4181.41,0,0
58,DEBIT,572.85,C000113,4624.57,4051.72,M000185,9220.68,9793.53,0,0
58,DEBIT,346.03,C000291,2266.02,1919.99,M000034,7809.68,8155.71,0,0
58,CASH_IN,180.57,C000127,8527.43,8346.86,M000102,1819.58,2000.16,0,0
58,TRANSFER,459.84,C000252,6925.65,6465.81,M000130,3562.56,4022.41,0,0
58,TRANSFER,309.3,C000292,3799.2,3489.9,M000019,2128.4,2437.7,0,0
58,CASH_IN,742.18,C000073,5106.23,4364.05,M000135,58298.42,59040.6,0,0
58,PAYMENT,378.6,C000283,1279.21,900.61,M000024,6819.4,7197.99,0,0
58,CASH_IN,490.4,C000232,1767.65,1277.25,M000025,3489.33,3979.73,0,0
58,PAYMENT,606.98,C000155,3211.39,2604.42,M000052,4495.14,5102.12,0,0
58,PAYMENT,2873.24,C000021,14569.84,11696.6,M000068,3224.67,6097.91,0,0
58,PAYMENT,312.33,C000237,3276.59,2964.26,M000044,5520.97,5833.29,0,0
58,PAYMENT,56.59,C000272,3272.51,3215.91,M000157,8433.2,8489.8,0,0
58,PAYMENT,600.31,C000001,6226.29,5625.98,M000010,17852.95,18453.25,0,0
58,PAYMENT,433.89,C000053,3703.88,3269.99,M000018,2750.47,3184.37,0,0
58,PAYMENT,213.54,C000072,1901.3,1687.76,M000027,4084.18,4297.72,0,0
58,CASH_IN,619.66,C000112,4312.69,3693.04,M000104,1925.31,2544.96,0,0
58,TRANSFER,206.63,C000161,8794.04,8587.42,M000014,22687.89,22894.52,0,0
58,PAYMENT,2019.05,C000245,1934.12,0.0,M000150,1623.89,3642.95,0,0
58,PAYMENT,255.46,C000151,12994.89,12739.43,M000095,1622.44,1877.89,0,0
58,TRANSFER,3502.86,C000006,2028.47,0.0,M000104,10949.8,14452.66,0,0
58,TRANSFER,1729.36,C000200,14535.98,12806.62,M000181,18383.22,20112.58,0,0
58,PAYMENT,541.42,C000007,8593.34,8051.92,M000158,1253.6,1795.02,0,0
58,PAYMENT,526.73,C000245,30970.08,30443.35,M000187,3491.48,4018.21,0,0
58,PAYMENT,165.34,C000183,17688.57,17523.24,M000155,2061.49,2226.82,0,0
58,CASH_IN,129.19,C000036,3741.54,3612.36,M000165,3086.93,3216.11,0,0
58,PAYMENT,370.44,C000184,7270.25,6899.81,M000185,15566.08,15936.52,0,0
58,PAYMENT,899.49,C000084,16084.71,15185.22,M000100,733.26,1632.75,0,0
58,CASH_IN,500.74,C000292,2498.16,1997.42,M000115,13000.24,13500.99,0,0
58,DEBIT,1188.43,C000192,4290.36,3101.93,M000164,7083.25,8271.68,0,0
58,PAYMENT,318.95,C000089,12142.44,11823.49,M000102,4136.27,4455.22,0,0
58,PAYMENT,255.54,C000020,853.14,597.6,M000052,63601.39,63856.93,0,0
58,PAYMENT,562.05,C000168,3654.86,3092.81,M000087,13588.91,14150.96,0,0
58,CASH_OUT,672.81,C000196,11895.57,11222.76,M000096,6345.33,7018.15,0,0
58,CASH_OUT,465.02,C000150,6329.77,5864.75,M000003,18067.41,18532.43,0,0
58,TRANSFER,950.83,C000164,1020.54,69.7,M000045,4113.62,5064.46,0,0
58,PAYMENT,2224.39,C000185,12810.11,10585.73,M000153,3888.15,6112.54,0,0
58,TRANSFER,192.81,C000016,3353.83,3161.01,M000090,7486.03,7678.84,0,0
58,TRANSFER,367.09,C000073,13595.57,13228.48,M000088,10857.4,11224.48,0,0
58,TRANSFER,55.35,C000110,5317.83,5262.48,M000137,9601.07,9656.42,0,0
58,PAYMENT,688.01,C000071,3910.07,3222.06,M000129,4671.66,5359.67,0,0
59,CASH_IN,72.86,C000089,14104.18,14031.32,M000012,980.31,1053.17,0,0
59,PAYMENT,751.86,C000213,3747.74,2995.89,M000116,9075.07,9826.93,0,0
59,CASH_IN,212.71,C000058,221.0,8.29,M000003,6086.14,6298.85,0,0
59,PAYMENT,84.35,C000103,8036.23,7951.87,M000007,6518.59,6602.95,0,0
59,PAYMENT,247.51,C000183,3118.86,2871.35,M000093,1616.02,1863.54,0,0
59,DEBIT,111.05,C000267,11376.01,11264.96,M000153,17658.74,17769.78,0,0
59,CASH_OUT,421.02,C000088,850.06,429.05,M000134,28755.68,29176.7,0,0
59,TRANSFER,2116.42,C000033,2453.2,336.77,M000093,26945.07,29061.49,0,0
59,PAYMENT,471.21,C000201,4191.15,3719.94,M000068,9337.46,9808.67,0,0
59,CASH_IN,977.31,C000031,3819.35,2842.04,M000198,3863.45,4840.76,0,0
59,PAYMENT,559.44,C000061,11232.74,10673.3,M000052,3477.68,4037.12,0,0
59,PAYMENT,2835.39,C000169,18074.57,15239.18,M000044,5403.78,8239.17,0,0
59,PAYMENT,54.17,C000085,4764.15,4709.99,M000196,19711.93,19766.1,0,0
59,TRANSFER,9359.61,C000194,10479.26,1119.65,M000024,8776.01,18135.62,0,0
59,CASH_OUT,2995.7,C000040,1363.78,0.0,M000096,2153.76,5149.46,0,0
59,CASH_IN,279.73,C000041,19141.28,18861.55,M000040,3901.62,4181.35,0,0
59,DEBIT,1643.68,C000045,8661.6,7017.91,M000191,5133.18,6776.86,0,0
59,CASH_IN,227.61,C000290,1593.58,1365.97,M000145,9226.54,9454.15,0,0
59,TRANSFER,310.29,C000254,3368.14,3057.85,M000193,7747.99,8058.28,0,0
59,DEBIT,745.42,C000162,3143.2,2397.78,M000035,19154.35,19899.76,0,0
59,PAYMENT,31.36,C000233,5001.23,4969.88,M000181,18715.89,18747.24,0,0
59,PAYMENT,390.87,C000003,1405.81,1014.94,M000015,19065.72,19456.59,0,0
59,PAYMENT,254.96,C000107,1494.63,1239.67,M000051,22997.21,23252.17,0,0
59,CASH_OUT,713.36,C000226,2635.1,1921.73,M000066,4110.72,4824.08,0,0
59,CASH_OUT,269.0,C000147,19376.67,19107.67,M000031,1603.35,1872.35,0,0
59,PAYMENT,1095.16,C000288,1047.73,0.0,M000075,3292.88,4388.04,0,0
59,TRANSFER,664.79,C000041,2394.11,1729.31,M000150,2986.21,3651.0,0,0
59,PAYMENT,216.95,C000112,1639.35,1422.4,M000165,7597.85,7814.8,0,0
59,PAYMENT,4041.83,C000271,10937.21,6895.38,M000036,3547.86,7589.7,0,0
59,CASH_OUT,640.84,C000267,34255.05,33614.21,M000093,44051.26,44692.1,0,0
59,DEBIT,352.73,C000026,5210.62,4857.88,M000053,2586.72,2939.45,0,0
59,CASH_OUT,494.09,C000126,6335.9,5841.82,M000106,4168.51,4662.59,0,0
59,PAYMENT,336.13,C000125,4369.46,4033.33,M000070,18059.22,18395.35,0,0
59,CASH_IN,437.05,C000182,15773.58,15336.53,M000173,7254.51,7691.56,0,0
59,DEBIT,633.91,C000123,908.25,274.34,M000139,9824.41,10458.32,0,0
59,CASH_OUT,1247.7,C000260,2112.2,864.5,M000124,24121.67,25369.37,0,0
59,CASH_IN,177.47,C000152,855.85,678.38,M000160,2536.49,2713.95,0,0
59,PAYMENT,1784.74,C000065,6232.58,4447.84,M000132,9144.2,10928.93,0,0
59,PAYMENT,2093.44,C000003,3902.27,1808.84,M000140,10010.43,12103.87,0,0
59,PAYMENT,605.3,C000135,2464.34,1859.03,M000155,4392.68,4997.99,0,0
59,TRANSFER,662.07,C000119,2321.94,1659.87,M000197,1808.62,2470.69,0,0
59,PAYMENT,147.91,C000277,1676.38,1528.46,M000021,1154.22,1302.14,0,0
59,PAYMENT,51.6,C000052,17047.83,16996.23,M000141,10552.81,10604.41,0,0
59,PAYMENT,236.12,C000249,32211.5,31975.38,M000029,5714.99,5951.11,0,0
59,TRANSFER,6382.36,C000169,1858.15,0.0,M000017,12177.49,18559.85,0,0
59,CASH_OUT,989.21,C000022,6671.2,5681.99,M000157,4074.55,5063.76,0,0
59,DEBIT,1341.91,C000182,22701.39,21359.48,M000125,2890.25,4232.16,0,0
59,PAYMENT,446.92,C000290,5437.37,4990.46,M000042,3126.55,3573.46,0,0
59,CASH_OUT,694.76,C000238,8250.69,7555.93,M000070,2802.22,3496.98,0,0
59,CASH_OUT,220.35,C000030,23178.69,22958.34,M000103,2130.29,2350.64,0,0
59,CASH_OUT,444.42,C000281,1767.04,1322.62,M000011,4922.07,5366.49,0,0
59,TRANSFER,850.6,C000221,5159.1,4308.49,M000047,2085.14,2935.74,0,0
59,CASH_OUT,1075.44,C000025,5349.47,4274.02,M000028,1619.87,2695.31,0,0
59,TRANSFER,60.25,C000210,2976.92,2916.67,M000163,7635.07,7695.33,0,0
59,CASH_IN,2177.37,C000282,1057.49,0.0,M000065,828.52,3005.88,0,0
59,PAYMENT,207.88,C000014,5476.37,5268.49,M000139,6412.54,6620.41,0,0
59,TRANSFER,3019.23,C000055,2536.8,0.0,M000198,9123.12,12142.35,1,0
59,TRANSFER,222.97,C000123,10696.27,10473.3,M000015,2294.37,2517.34,0,0
59,CASH_IN,1151.58,C000247,4734.12,3582.53,M000031,20315.84,21467.42,0,0
59,CASH_IN,117.63,C000056,3871.53,3753.9,M000036,1480.03,1597.66,0,0
59,PAYMENT,156.17,C000039,9968.38,9812.21,M000067,12040.92,12197.09,0,0
59,PAYMENT,506.79,C000129,10617.09,10110.3,M000026,2279.63,2786.42,0,0
59,TRANSFER,10314.48,C000160,46795.95,36481.47,M000094,6568.03,16882.52,0,0
59,CASH_IN,192.97,C000183,1354.02,1161.05,M000178,21484.12,21677.09,0,0
59,PAYMENT,244.03,C000231,21601.85,21357.82,M000043,50746.33,50990.36,0,0
59,CASH_IN,9657.0,C000213,2695.52,0.0,M000142,25571.85,35228.85,1,0
59,PAYMENT,1805.3,C000270,7378.13,5572.83,M000045,5268.9,7074.2,0,0
59,CASH_OUT,51.72,C000188,24681.11,24629.39,M000051,14637.79,14689.51,0,0
59,CASH_IN,198.86,C000156,21297.47,21098.61,M000065,3984.5,4183.36,0,0
59,TRANSFER,2140.72,C000086,2126.35,0.0,M000081,18865.06,21005.79,0,0
59,CASH_OUT,911.1,C000273,4556.59,3645.49,M000063,6576.46,7487.56,0,0
59,TRANSFER,338.08,C000150,5102.35,4764.27,M000021,13296.5,13634.58,0,0
59,CASH_OUT,1138.71,C000061,20882.25,19743.54,M000043,2282.58,3421.29,0,0
59,CASH_OUT,170.5,C000283,1904.65,1734.16,M000144,8347.77,8518.26,0,0
59,CASH_OUT,116.07,C000219,3486.44,3370.37,M000036,27389.89,27505.96,0,0
59,CASH_OUT,4613.82,C000186,7808.39,3194.57,M000141,37889.58,42503.39,0,0
59,PAYMENT,886.78,C000279,15362.17,14475.39,M000075,2756.63,3643.41,0,0
59,CASH_OUT,230.29,C000132,6194.47,5964.17,M000046,6868.55,7098.84,0,0
59,PAYMENT,2636.73,C000165,48361.92,45725.19,M000135,6912.05,9548.78,0,0
59,TRANSFER,1573.9,C000072,7809.03,6235.13,M000149,56818.59,58392.49,0,0
59,CASH_OUT,278.1,C000063,20012.62,19734.52,M000090,1970.69,2248.79,0,0
59,CASH_IN,243.4,C000077,3121.26,2877.86,M000029,9192.35,9435.75,0,0
59,PAYMENT,2790.2,C000165,825.49,0.0,M000030,10418.35,13208.55,0,0
60,PAYMENT,370.43,C000196,4116.34,3745.9,M000015,1688.48,2058.91,0,0
60,CASH_OUT,1270.27,C000041,17322.23,16051.96,M000160,75046.07,76316.35,0,0
60,CASH_IN,440.01,C000092,14995.07,14555.05,M000024,4811.47,5251.48,0,0
60,CASH_IN,749.02,C000141,3578.89,2829.87,M000086,3728.57,4477.59,0,0
60,CASH_IN,45.82,C000141,10994.48,10948.66,M000076,4129.18,4175.01,0,0
60,CASH_IN,255.94,C000077,7014.33,6758.39,M000076,6518.62,6774.56,0,0
60,PAYMENT,378.93,C000079,9283.52,8904.59,M000128,3207.33,3586.25,0,0
60,DEBIT,730.8,C000107,1712.24,981.44,M000153,4949.93,5680.73,0,0
60,PAYMENT,800.28,C000277,1472.62,672.34,M000184,7431.51,8231.79,0,0
60,CASH_OUT,81.21,C000121,24079.58,23998.37,M000138,24557.39,24638.6,0,0
60,CASH_OUT,655.58,C000065,6253.51,5597.93,M000032,4075.36,4730.94,0,0
60,PAYMENT,3301.29,C000047,5156.73,1855.44,M000131,3273.41,6574.7,0,0
60,CASH_OUT,220.56,C000234,40256.23,40035.67,M000027,3973.1,4193.66,0,0
60,CASH_IN,373.32,C000046,7120.29,6746.97,M000061,24990.63,25363.95,0,0
60,TRANSFER,2038.22,C000037,2608.1,569.88,M000041,15024.42,17062.64,0,0
60,PAYMENT,1881.59,C000136,1347.99,0.0,M000194,10646.02,12527.61,0,0
60,CASH_OUT,265.21,C000164,4403.54,4138.33,M000192,29907.79,30173.0,0,0
60,TRANSFER,1404.94,C000055,2059.68,654.74,M000101,22463.26,23868.21,0,0
60,CASH_IN,970.41,C000130,1501.59,531.18,M000041,773.07,1743.48,0,0
60,TRANSFER,695.34,C000026,34656.33,33960.99,M000132,10637.86,11333.2,0,0
60,CASH_IN,277.26,C000132,21452.39,21175.13,M000016,2616.12,2893.38,0,0
60,CASH_IN,606.03,C000087,1275.83,669.8,M000089,24528.72,25134.75,0,0
60,CASH_OUT,440.54,C000130,7115.18,6674.65,M000080,4428.28,4868.82,0,0
60,DEBIT,1119.66,C000160,2152.33,1032.67,M000177,2367.0,3486.66,0,0
60,PAYMENT,182.98,C000017,2671.04,2488.06,M000149,10053.46,10236.44,0,0
60,TRANSFER,1523.91,C000196,1579.53,55.62,M000182,6718.08,8241.99,0,0
60,CASH_OUT,866.97,C000039,12257.88,11390.91,M000067,4129.53,4996.51,0,0
60,TRANSFER,456.65,C000115,21117.73,20661.08,M000131,11146.09,11602.74,0,0
60,TRANSFER,181.67,C000206,2890.81,2709.14,M000102,2128.76,2310.43,0,0
60,CASH_OUT,429.35,C000121,12183.95,11754.59,M000072,12635.26,13064.62,0,0
60,CASH_OUT,373.45,C000023,3442.05,3068.6,M000176,8629.18,9002.63,0,0
60,PAYMENT,174.39,C000125,1520.91,1346.51,M000106,14616.01,14790.4,0,0
60,PAYMENT,1662.76,C000296,18761.4,17098.64,M000199,19476.74,21139.5,0,0
60,CASH_OUT,2925.17,C000287,4085.24,1160.07,M000125,4708.06,7633.23,0,0
60,CASH_IN,1303.59,C000241,14678.27,13374.68,M000143,6300.24,7603.83,0,0
60,CASH_OUT,647.45,C000027,1040.6,393.15,M000077,2290.81,2938.26,0,0
60,PAYMENT,494.05,C000096,4149.46,3655.41,M000036,2872.66,3366.71,0,0
60,CASH_IN,1675.21,C000013,12513.35,10838.14,M000121,3266.72,4941.93,0,0
60,PAYMENT,212.97,C000134,621.13,408.16,M000010,8419.81,8632.78,0,0
60,PAYMENT,517.82,C000130,2477.78,1959.97,M000008,3643.01,4160.83,0,0
60,CASH_OUT,252.81,C000147,13880.2,13627.4,M000177,253.55,506.36,0,0
60,CASH_IN,611.3,C000280,10858.36,10247.05,M000173,5336.9,5948.2,0,0
60,TRANSFER,417.77,C000194,3112.56,2694.79,M000013,4010.31,4428.07,0,0
60,PAYMENT,644.7,C000038,5932.74,5288.04,M000147,8647.12,9291.82,0,0
60,CASH_OUT,2992.73,C000246,1139.08,0.0,M000165,16452.77,19445.5,0,0
60,TRANSFER,728.77,C000097,4092.87,3364.1,M000166,6436.57,7165.35,0,0
60,PAYMENT,344.43,C000214,8102.66,7758.23,M000099,11434.98,11779.41,0,0
60,PAYMENT,45.82,C000120,2753.65,2707.84,M000136,21460.25,21506.07,0,0
60,CASH_OUT,2400.9,C000240,1154.23,0.0,M000159,3916.7,6317.6,0,0
60,TRANSFER,162.8,C000175,12035.85,11873.05,M000174,1026.32,1189.12,0,0
60,CASH_IN,152.72,C000013,481.14,328.42,M000036,12553.59,12706.31,0,0
60,CASH_OUT,433.38,C000220,4537.85,4104.47,M000178,5722.83,6156.2,0,0
60,TRANSFER,1170.65,C000037,2242.99,1072.34,M000016,1106.03,2276.68,0,0
60,CASH_IN,1090.25,C000165,3655.28,2565.03,M000157,9369.11,10459.36,0,0
60,TRANSFER,497.83,C000260,39094.04,38596.21,M000140,13848.58,14346.41,0,0
60,PAYMENT,1297.37,C000217,1976.94,679.57,M000185,1382.52,2679.9,0,0
60,PAYMENT,91.21,C000291,2350.16,2258.95,M000182,10275.9,10367.11,0,0
60,CASH_IN,51.01,C000240,1441.52,1390.51,M000115,2286.11,2337.12,0,0
60,PAYMENT,2333.03,C000118,2344.84,11.81,M000133,4761.59,7094.62,0,0
60,TRANSFER,550.21,C000125,1389.51,839.3,M000166,5906.7,6456.91,0,0
60,CASH_OUT,119.6,C000051,2413.7,2294.11,M000158,19069.88,19189.48,0,0
60,PAYMENT,696.52,C000185,7698.45,7001.93,M000114,3063.81,3760.33,0,0
60,TRANSFER,355.93,C000256,3856.83,3500.9,M000040,15673.67,16029.6,0,0
60,PAYMENT,164.57,C000119,6904.26,6739.68,M000040,1593.27,1757.84,0,0
60,PAYMENT,1677.0,C000061,15647.03,13970.03,M000199,3393.42,5070.43,0,0
60,PAYMENT,651.12,C000193,5861.42,5210.29,M000037,9162.33,9813.46,0,0
60,TRANSFER,474.44,C000276,3141.62,2667.18,M000089,5331.57,5806.01,0,0
60,TRANSFER,760.17,C000158,4246.25,3486.08,M000107,3918.7,4678.87,0,0
60,TRANSFER,7089.08,C000017,9054.6,1965.53,M000177,6176.83,13265.91,0,0
60,PAYMENT,226.06,C000228,1483.31,1257.25,M000138,937.19,1163.25,0,0
60,TRANSFER,1344.67,C000278,3843.54,2498.87,M000049,2288.56,3633.24,0,0
60,TRANSFER,565.9,C000148,1554.16,988.26,M000172,6056.7,6622.6,0,0
60,CASH_IN,38.72,C000201,742.64,703.92,M000063,732.6,771.32,0,0
60,CASH_OUT,756.48,C000205,3673.19,2916.71,M000184,5496.99,6253.46,0,0
60,TRANSFER,2217.31,C000022,4531.83,2314.51,M000081,9651.47,11868.78,0,0
60,PAYMENT,652.05,C000105,3300.98,2648.93,M000121,10432.04,11084.09,0,0
60,PAYMENT,1833.88,C000229,12698.88,10865.01,M000064,22012.17,23846.05,0,0
60,PAYMENT,99.24,C000294,549.21,449.96,M000181,10035.3,10134.54,0,0
60,CASH_OUT,459.99,C000063,2544.2,2084.21,M000167,27593.25,28053.25,0,0
60,TRANSFER,666.35,C000231,3390.29,2723.94,M000129,4210.87,4877.22,0,0
60,PAYMENT,2918.93,C000200,1064.77,0.0,M000179,11584.96,14503.89,0,0
60,TRANSFER,111.26,C000127,3421.58,3310.32,M000101,1812.33,1923.59,0,0
60,PAYMENT,213.89,C000186,9272.2,9058.31,M000072,1681.64,1895.53,0,0
60,CASH_IN,521.22,C000003,1502.6,981.39,M000038,5320.67,5841.88,0,0
60,PAYMENT,1175.7,C000214,4060.89,2885.19,M000152,892.4,2068.1,0,0
60,PAYMENT,325.61,C000217,3315.76,2990.15,M000141,4254.42,4580.03,0,0
60,PAYMENT,112.12,C000249,2141.45,2029.33,M000114,8799.21,8911.33,0,0
60,CASH_OUT,1518.08,C000193,1860.76,342.68,M000034,919.2,2437.28,0,0
60,CASH_OUT,301.31,C000270,18116.41,17815.1,M000029,5637.66,5938.97,0,0
61,CASH_OUT,160.78,C000146,1203.5,1042.72,M000015,1031.92,1192.7,0,0
61,CASH_OUT,77.74,C000186,62539.94,62462.19,M000103,6040.0,6117.74,0,0
61,PAYMENT,1077.18,C000147,10083.0,9005.82,M000044,26995.76,28072.95,0,0
61,CASH_OUT,1449.71,C000199,3393.86,1944.14,M000073,3926.1,5375.81,0,0
61,PAYMENT,2836.69,C000169,9093.02,6256.32,M000194,813.75,3650.45,0,0
61,PAYMENT,60.34,C000253,2893.61,2833.27,M000061,3632.52,3692.86,0,0
61,CASH_OUT,397.57,C000017,24218.55,23820.99,M000178,3912.24,4309.8,0,0
61,PAYMENT,240.41,C000136,2403.32,2162.91,M000045,39682.9,39923.31,0,0
61,CASH_IN,593.73,C000033,7614.98,7021.25,M000188,46263.71,46857.44,0,0
61,TRANSFER,981.5,C000277,22260.82,21279.32,M000131,4828.94,5810.44,0,0
61,PAYMENT,2404.74,C000004,25550.61,23145.87,M000133,7613.13,10017.87,0,0
61,CASH_IN,257.31,C000042,15326.73,15069.42,M000075,4756.54,5013.85,0,0
61,CASH_IN,71.95,C000140,3435.27,3363.32,M000079,10484.77,10556.72,0,0
61,CASH_OUT,165.62,C000100,18537.85,18372.23,M000050,10124.56,10290.18,0,0
61,DEBIT,347.32,C000003,3766.68,3419.36,M000150,11430.25,11777.56,0,0
61,PAYMENT,160.88,C000132,1887.87,1726.99,M000176,2052.42,2213.3,0,0
61,PAYMENT,360.22,C000132,5637.15,5276.94,M000177,21247.12,21607.34,0,0
61,CASH_IN,1384.07,C000228,1157.01,0.0,M000020,3262.73,4646.8,0,0
61,CASH_IN,213.23,C000168,6755.55,6542.32,M000168,4502.39,4715.62,0,0
61,TRANSFER,4963.23,C000065,13402.55,8439.31,M000081,5628.97,10592.21,0,0
61,CASH_OUT,747.11,C000274,8056.7,7309.59,M000080,24799.82,25546.93,0,0
61,TRANSFER,531.96,C000136,4637.11,4105.15,M000035,2308.93,2840.89,0,0
61,TRANSFER,206.5,C000015,1714.03,1507.52,M000121,5841.37,6047.87,0,0
61,PAYMENT,178.74,C000035,3059.6,2880.86,M000055,2684.22,2862.96,0,0
61,CASH_IN,63.92,C000066,1726.97,1663.05,M000048,4547.85,4611.76,0,0
61,PAYMENT,8096.96,C000149,2510.46,0.0,M000178,18796.36,26893.32,0,0
61,CASH_OUT,1636.61,C000257,15790.71,14154.11,M000053,29875.3,31511.91,0,0
61,CASH_IN,322.98,C000127,4471.36,4148.38,M000039,3538.77,3861.75,0,0
61,CASH_OUT,344.5,C000166,5808.49,5463.99,M000059,1891.89,2236.39,0,0
61,CASH_OUT,1517.75,C000104,4666.62,3148.87,M000013,4101.73,5619.48,0,0
61,PAYMENT,176.8,C000239,4467.57,4290.77,M000078,3704.84,3881.64,0,0
61,PAYMENT,70.95,C000163,2096.02,2025.07,M000005,4743.63,4814.59,0,0
61,CASH_OUT,236.64,C000032,8942.31,8705.67,M000010,4400.42,4637.06,0,0
61,CASH_OUT,264.1,C000244,1264.21,1000.11,M000153,6119.57,6383.67,0,0
61,PAYMENT,768.46,C000053,6199.22,5430.76,M000052,767.3,1535.76,0,0
61,CASH_IN,234.55,C000252,3397.93,3163.38,M000071,949.88,1184.43,0,0
61,PAYMENT,223.97,C000108,1874.46,1650.49,M000029,6454.69,6678.66,0,0
61,TRANSFER,180.09,C000160,42709.61,42529.52,M000184,16303.64,16483.73,0,0
61,CASH_IN,249.12,C000010,9663.57,9414.45,M000012,1523.34,1772.46,0,0
61,PAYMENT,2319.63,C000239,14165.5,11845.87,M000079,1687.9,4007.54,0,0
61,PAYMENT,1007.41,C000068,875.97,0.0,M000089,13475.93,14483.34,0,0
61,TRANSFER,2617.82,C000072,17583.63,14965.82,M000103,63834.05,66451.87,0,0
61,PAYMENT,336.49,C000237,1511.96,1175.47,M000089,10836.8,11173.28,0,0
61,CASH_IN,619.06,C000158,4985.8,4366.74,M000045,2637.62,3256.68,0,0
61,PAYMENT,740.59,C000050,3699.1,2958.51,M000003,2225.91,2966.5,0,0
61,TRANSFER,688.65,C000074,1028.72,340.07,M000003,807.18,1495.83,0,0
61,TRANSFER,905.49,C000271,3827.5,2922.0,M000140,14719.33,15624.83,0,0
61,PAYMENT,94.84,C000103,10214.05,10119.22,M000122,16261.93,16356.76,0,0
61,TRANSFER,280.46,C000091,7594.9,7314.45,M000003,3590.87,3871.32,0,0
61,TRANSFER,1516.2,C000017,3139.91,1623.71,M000150,3164.22,4680.43,0,0
61,TRANSFER,1679.08,C000125,4229.29,2550.21,M000008,9296.59,10975.67,0,0
61,PAYMENT,3793.16,C000116,2248.92,0.0,M000083,2230.32,6023.48,0,0
61,CASH_IN,1095.54,C000279,16619.61,15524.08,M000076,2477.38,3572.92,0,0
61,PAYMENT,718.85,C000159,4020.97,3302.13,M000197,2034.62,2753.46,0,0
61,CASH_IN,4218.66,C000229,1910.99,0.0,M000007,2676.41,6895.07,0,0
61,CASH_IN,911.7,C000103,6329.6,5417.89,M000052,60863.25,61774.95,0,0
61,PAYMENT,53.9,C000126,11125.24,11071.34,M000197,1003.46,1057.36,0,0
61,TRANSFER,13288.36,C000227,9851.5,0.0,M000096,37768.71,51057.07,0,0
61,CASH_IN,1670.78,C000186,6729.1,5058.31,M000060,11594.84,13265.62,0,0
61,TRANSFER,1766.04,C000088,25483.22,23717.18,M000115,7462.86,9228.9,0,0
61,PAYMENT,714.72,C000195,4077.1,3362.38,M000008,3629.31,4344.02,0,0
61,PAYMENT,1560.96,C000088,1763.68,202.72,M000025,7023.04,8584.0,0,0
61,CASH_OUT,343.45,C000009,6741.43,6397.97,M000029,41665.2,42008.65,0,0
61,PAYMENT,907.22,C000198,7734.08,6826.87,M000159,2962.09,3869.31,0,0
61,PAYMENT,682.82,C000268,374.23,0.0,M000037,3439.44,4122.26,0,0
61,TRANSFER,1322.78,C000113,54988.16,53665.38,M000139,2621.33,3944.1,0,0
61,CASH_OUT,2146.96,C000120,6888.88,4741.92,M000129,2947.91,5094.87,0,0
61,CASH_OUT,5500.96,C000147,7818.91,2317.95,M000150,427.63,5928.59,0,0
61,CASH_OUT,135.02,C000283,7041.03,6906.02,M000139,1948.24,2083.26,0,0
61,TRANSFER,1118.7,C000045,2865.6,1746.89,M000161,19917.91,21036.61,0,0
61,PAYMENT,840.08,C000179,5433.49,4593.41,M000004,2866.19,3706.26,0,0
61,TRANSFER,919.27,C000162,34892.72,33973.45,M000049,1099.47,2018.73,0,0
61,CASH_IN,323.91,C000105,11386.7,11062.78,M000103,16302.55,16626.46,0,0
61,CASH_OUT,593.82,C000256,15930.83,15337.01,M000176,8168.81,8762.63,0,0
61,CASH_OUT,525.68,C000098,8105.63,7579.95,M000113,7567.4,8093.08,0,0
61,PAYMENT,4760.09,C000071,1161.89,0.0,M000114,7963.93,12724.02,0,0
61,PAYMENT,992.11,C000010,11886.01,10893.89,M000156,5524.7,6516.81,0,0
61,TRANSFER,2491.17,C000093,8773.56,6282.39,M000195,3942.19,6433.36,0,0
61,DEBIT,1232.86,C000242,13467.86,12235.0,M000106,4868.96,6101.82,0,0
61,PAYMENT,418.7,C000101,3283.56,2864.86,M000121,2170.23,2588.93,0,0
61,TRANSFER,1072.02,C000011,1495.07,423.05,M000130,5414.47,6486.49,0,0
61,CASH_OUT,359.03,C000125,37275.38,36916.35,M000150,9463.95,9822.98,0,0
61,CASH_IN,334.7,C000194,1554.61,1219.91,M000110,2424.01,2758.71,0,0
61,CASH_OUT,59.01,C000229,2423.88,2364.86,M000131,15344.36,15403.38,0,0
61,CASH_OUT,105.29,C000113,5350.0,5244.71,M000098,8816.56,8921.85,0,0
61,PAYMENT,102.46,C000077,4125.85,4023.39,M000162,5212.06,5314.52,0,0
61,TRANSFER,1939.93,C000128,2573.56,633.63,M000045,2284.6,4224.53,0,0
61,CASH_OUT,2006.25,C000231,13255.99,11249.74,M000068,1562.44,3568.69,0,0
61,DEBIT,2627.97,C000067,5541.21,2913.24,M000167,9820.53,12448.5,0,0
61,DEBIT,288.19,C000065,5613.06,5324.87,M000014,4513.51,4801.7,0,0
61,PAYMENT,113.04,C000235,2917.5,2804.47,M000134,16456.93,16569.97,0,0
61,PAYMENT,22323.82,C000250,66000.12,43676.3,M000130,6441.78,28765.6,1,0
61,PAYMENT,462.28,C000135,10815.75,10353.47,M000157,11416.84,11879.11,0,0
61,TRANSFER,195.65,C000299,14160.66,13965.0,M000136,5615.57,5811.22,0,0
61,CASH_OUT,817.04,C000200,15061.78,14244.73,M000082,10508.04,11325.09,0,0
61,PAYMENT,1505.43,C000033,3654.96,2149.53,M000092,1459.36,2964.79,0,0
61,PAYMENT,956.18,C000200,2524.35,1568.17,M000049,21179.31,22135.49,0,0
61,CASH_IN,858.19,C000117,4904.71,4046.52,M000185,32951.92,33810.11,0,0
62,PAYMENT,1751.61,C000129,7493.76,5742.15,M000185,1806.15,3557.76,0,0
62,PAYMENT,1010.08,C000178,4254.3,3244.22,M000112,8883.0,9893.08,0,0
62,CASH_OUT,1252.17,C000102,2166.39,914.21,M000025,16551.28,17803.45,0,0
62,PAYMENT,171.16,C000183,1968.11,1796.95,M000060,13283.97,13455.13,0,0
62,CASH_IN,407.94,C000148,5565.3,5157.35,M000008,3286.89,3694.83,0,0
62,PAYMENT,118.76,C000115,19938.97,19820.22,M000018,56407.36,56526.12,0,0
62,PAYMENT,224.31,C000071,1934.82,1710.51,M000185,2298.27,2522.59,0,0
62,PAYMENT,446.78,C000152,2727.15,2280.37,M000126,14908.55,15355.32,0,0
62,CASH_IN,608.97,C000266,6200.03,5591.06,M000065,10314.47,10923.43,0,0
62,CASH_OUT,1221.8,C000088,4324.99,3103.2,M000097,5789.9,7011.7,0,0
62,PAYMENT,549.34,C000177,3949.76,3400.41,M000130,9540.92,10090.26,0,0
62,PAYMENT,131.83,C000129,1737.54,1605.71,M000048,2733.05,2864.88,0,0
62,PAYMENT,261.38,C000172,5399.04,5137.66,M000041,2651.44,2912.82,0,0
62,CASH_OUT,750.67,C000269,8506.78,7756.11,M000099,5539.6,6290.27,0,0
62,PAYMENT,779.73,C000151,52771.21,51991.48,M000088,1582.67,2362.4,0,0
62,CASH_OUT,2508.69,C000163,13062.15,10553.46,M000175,4020.13,6528.81,0,0
62,PAYMENT,590.53,C000000,1915.0,1324.47,M000053,6518.4,7108.93,0,0
62,CASH_IN,1452.43,C000093,1100.55,0.0,M000145,6547.77,8000.21,0,0
62,CASH_OUT,1401.5,C000288,5342.34,3940.84,M000195,6596.32,7997.82,0,0
62,CASH_IN,471.09,C000095,2656.59,2185.5,M000039,22326.47,22797.55,0,0
62,PAYMENT,2382.23,C000041,1450.33,0.0,M000156,12840.32,15222.54,0,0
62,CASH_OUT,2044.0,C000286,10464.47,8420.47,M000125,16055.11,18099.11,0,0
62,CASH_IN,1668.18,C000000,2947.02,1278.84,M000074,11006.51,12674.69,0,0
62,PAYMENT,258.33,C000089,11869.08,11610.75,M000026,20946.81,21205.13,0,0
62,PAYMENT,3212.54,C000013,8787.81,5575.27,M000062,9360.24,12572.78,0,0
62,TRANSFER,1607.54,C000244,4230.95,2623.41,M000160,11359.86,12967.39,0,0
62,CASH_OUT,448.16,C000076,2497.4,2049.24,M000148,2339.9,2788.06,0,0
62,TRANSFER,623.86,C000182,15320.55,14696.69,M000020,7595.17,8219.03,0,0
62,PAYMENT,308.94,C000194,10465.13,10156.2,M000023,4602.81,4911.75,0,0
62,CASH_IN,485.41,C000172,2500.04,2014.63,M000031,1560.6,2046.02,0,0
62,PAYMENT,503.76,C000227,4520.77,4017.01,M000117,10859.92,11363.68,0,0
62,CASH_OUT,810.4,C000284,5809.69,4999.29,M000135,91793.04,92603.44,0,0
62,PAYMENT,352.53,C000206,3361.01,3008.48,M000111,17659.11,18011.64,0,0
62,CASH_IN,6487.89,C000237,6321.19,0.0,M000074,11867.86,18355.75,0,0
62,DEBIT,148.95,C000027,734.53,585.59,M000060,2457.68,2606.63,0,0
62,PAYMENT,146.77,C000252,20506.57,20359.79,M000143,598.63,745.41,0,0
62,CASH_IN,232.38,C000026,3110.6,2878.22,M000056,1323.35,1555.73,0,0
62,CASH_OUT,197.37,C000089,1805.31,1607.94,M000170,1103.78,1301.15,0,0
62,CASH_OUT,1254.02,C000030,7233.23,5979.22,M000142,15541.78,16795.8,0,0
62,CASH_OUT,1088.74,C000183,5007.74,3918.99,M000134,3685.05,4773.8,0,0
62,CASH_OUT,478.53,C000171,27010.57,26532.04,M000062,11839.96,12318.49,0,0
62,CASH_IN,441.81,C000077,21048.39,20606.58,M000166,3091.36,3533.17,0,0
62,TRANSFER,332.02,C000080,5106.39,4774.37,M000024,4239.14,4571.16,0,0
62,CASH_OUT,513.87,C000073,13642.54,13128.67,M000122,20545.72,21059.58,0,0
62,TRANSFER,167.46,C000293,4238.95,4071.49,M000096,22894.55,23062.0,0,0
62,PAYMENT,955.63,C000030,30838.6,29882.97,M000156,1159.75,2115.38,0,0
62,TRANSFER,390.53,C000207,12955.34,12564.8,M000193,6167.07,6557.61,0,0
62,PAYMENT,2240.46,C000101,2183.7,0.0,M000119,10292.17,12532.62,0,0
62,CASH_OUT,45.58,C000289,2211.54,2165.95,M000143,2087.18,2132.77,0,0
62,CASH_OUT,1493.55,C000185,5663.31,4169.76,M000156,7844.15,9337.7,0,0
62,PAYMENT,2665.88,C000248,10005.37,7339.49,M000181,19683.23,22349.12,0,0
62,PAYMENT,149.2,C000093,7991.26,7842.05,M000017,31191.9,31341.1,0,0
62,TRANSFER,544.75,C000194,1290.76,746.01,M000191,4211.62,4756.37,0,0
62,PAYMENT,515.74,C000055,17509.52,16993.78,M000107,5541.41,6057.15,0,0
62,PAYMENT,949.06,C000018,2613.45,1664.4,M000080,35666.45,36615.51,0,0
62,PAYMENT,136.95,C000122,9865.82,9728.87,M000127,10595.26,10732.2,0,0
62,PAYMENT,288.97,C000050,1526.1,1237.13,M000074,9504.38,9793.35,0,0
62,TRANSFER,693.17,C000073,23444.99,22751.82,M000085,1283.52,1976.69,0,0
62,PAYMENT,383.53,C000220,5404.46,5020.93,M000002,2454.48,2838.02,0,0
62,PAYMENT,8418.44,C000253,5720.55,0.0,M000042,17447.46,25865.91,1,0
62,CASH_IN,333.33,C000269,39033.65,38700.33,M000056,2934.3,3267.62,0,0
62,TRANSFER,369.9,C000095,8309.01,7939.11,M000133,1594.29,1964.19,0,0
62,TRANSFER,194.96,C000147,17570.16,17375.21,M000133,9591.94,9786.9,0,0
62,TRANSFER,6484.51,C000102,134.61,0.0,M000003,8815.89,15300.4,0,0
62,PAYMENT,230.5,C000277,21046.7,20816.19,M000027,4823.51,5054.02,0,0
62,TRANSFER,2039.08,C000279,5143.79,3104.71,M000133,9487.43,11526.51,0,0
62,CASH_OUT,1239.93,C000182,7131.52,5891.59,M000065,17514.01,18753.94,0,0
62,PAYMENT,343.77,C000230,3618.9,3275.13,M000048,15055.64,15399.41,0,0
62,PAYMENT,175.06,C000043,7901.12,7726.06,M000142,3841.95,4017.01,0,0
62,CASH_IN,1155.54,C000182,5043.66,3888.12,M000144,1645.79,2801.33,0,0
62,CASH_OUT,127.06,C000243,2922.0,2794.95,M000108,8046.3,8173.35,0,0
62,CASH_OUT,99.3,C000252,5907.47,5808.17,M000131,11373.98,11473.28,0,0
62,CASH_OUT,5512.48,C000250,2493.14,0.0,M000123,5991.57,11504.04,0,0
62,DEBIT,71.17,C000287,1808.74,1737.57,M000055,2910.85,2982.02,0,0
62,DEBIT,317.44,C000282,2310.71,1993.27,M000153,7908.34,8225.78,0,0
62,TRANSFER,292.47,C000268,14570.87,14278.4,M000175,6625.48,6917.95,0,0
62,CASH_OUT,981.99,C000052,13722.7,12740.71,M000097,2703.54,3685.53,0,0
62,PAYMENT,362.37,C000050,7024.85,6662.48,M000042,15528.38,15890.76,0,0
63,TRANSFER,45.33,C000233,6007.22,5961.88,M000098,38936.54,38981.87,0,0
63,CASH_IN,1839.13,C000073,2395.51,556.39,M000051,9440.36,11279.48,0,0
63,CASH_OUT,1320.76,C000081,14166.0,12845.24,M000157,50254.77,51575.53,0,0
63,CASH_IN,534.24,C000094,1909.35,1375.12,M000106,6863.61,7397.85,0,0
63,PAYMENT,1796.09,C000105,12536.56,10740.48,M000118,4453.82,6249.91,0,0
63,PAYMENT,647.53,C000183,23680.52,23032.99,M000145,2185.14,2832.67,0,0
63,TRANSFER,1264.24,C000075,3657.73,2393.49,M000167,14400.39,15664.63,0,0
63,PAYMENT,115.01,C000190,10835.08,10720.07,M000016,1105.75,1220.76,0,0
63,TRANSFER,754.52,C000198,16981.53,16227.02,M000008,4275.33,5029.85,0,0
63,PAYMENT,381.29,C000054,1302.81,921.52,M000062,3656.24,4037.53,0,0
63,CASH_OUT,304.94,C000117,6940.8,6635.86,M000080,26663.11,26968.05,0,0
63,PAYMENT,745.35,C000227,18810.66,18065.31,M000065,14645.91,15391.25,0,0
63,PAYMENT,260.9,C000271,3289.16,3028.25,M000024,3369.51,3630.41,0,0
63,PAYMENT,322.07,C000083,3552.91,3230.83,M000134,5463.66,5785.73,0,0
63,PAYMENT,142.29,C000008,4556.0,4413.71,M000190,757.51,899.8,0,0
63,PAYMENT,289.76,C000136,94793.65,94503.9,M000148,16151.42,16441.18,0,0
63,CASH_OUT,365.9,C000282,2188.18,1822.27,M000048,8057.53,8423.44,0,0
63,PAYMENT,237.71,C000183,1196.56,958.85,M000015,9747.47,9985.18,0,0
63,PAYMENT,124.18,C000247,2266.76,2142.58,M000118,19268.71,19392.89,0,0
63,TRANSFER,388.57,C000299,1317.18,928.6,M000125,4001.64,4390.22,0,0
63,CASH_OUT,402.82,C000190,5982.22,5579.39,M000057,3275.51,3678.33,0,0
63,TRANSFER,194.48,C000224,10446.98,10252.5,M000089,7577.78,7772.26,0,0
63,TRANSFER,109.41,C000189,8775.09,8665.67,M000052,28723.41,28832.82,0,0
63,CASH_OUT,997.24,C000200,4838.32,3841.08,M000064,69285.22,70282.46,0,0
63,PAYMENT,273.63,C000010,3238.27,2964.64,M000047,7463.62,7737.25,0,0
63,TRANSFER,360.04,C000157,2096.1,1736.05,M000132,6507.3,6867.34,0,0
63,PAYMENT,198.11,C000132,1914.79,1716.68,M000199,901.91,1100.01,0,0
63,TRANSFER,1572.1,C000093,2187.18,615.08,M000125,11710.25,13282.35,0,0
63,PAYMENT,221.7,C000269,7131.98,6910.27,M000155,11141.32,11363.02,0,0
63,CASH_OUT,185.79,C000091,2399.65,2213.87,M000036,3121.39,3307.18,0,0
63,CASH_IN,118.38,C000156,1078.78,960.41,M000026,14545.51,14663.89,0,0
63,TRANSFER,32.13,C000000,806.58,774.45,M000118,2300.7,2332.83,0,0
63,TRANSFER,507.36,C000093,6487.51,5980.15,M000140,14039.61,14546.97,0,0
63,CASH_IN,956.88,C000134,1012.76,55.88,M000053,21878.15,22835.03,0,0
63,CASH_OUT,2362.16,C000141,1476.01,0.0,M000160,19968.07,22330.23,0,0
63,PAYMENT,526.91,C000283,479.27,0.0,M000037,582.78,1109.69,0,0
63,TRANSFER,444.32,C000005,6116.1,5671.78,M000108,3492.88,3937.2,0,0
63,CASH_IN,835.73,C000002,1818.47,982.74,M000195,33515.24,34350.97,0,0
63,CASH_IN,716.88,C000029,958.56,241.68,M000107,16102.05,16818.92,0,0
63,PAYMENT,536.64,C000193,4428.12,3891.48,M000188,26576.26,27112.91,0,0
63,TRANSFER,1816.64,C000052,4399.79,2583.15,M000077,8834.32,10650.96,0,0
63,TRANSFER,568.34,C000108,9664.3,9095.95,M000102,6893.8,7462.15,0,0
63,TRANSFER,282.62,C000175,16017.38,15734.75,M000104,6064.87,6347.5,0,0
63,DEBIT,643.87,C000250,2815.72,2171.85,M000059,1097.01,1740.88,0,0
63,CASH_IN,2449.04,C000001,5035.32,2586.28,M000185,1450.43,3899.47,0,0
63,DEBIT,421.92,C000035,2772.25,2350.33,M000166,5239.48,5661.41,0,0
63,CASH_OUT,255.63,C000182,5933.1,5677.47,M000111,2141.14,2396.77,0,0
63,TRANSFER,646.71,C000248,2230.26,1583.55,M000020,8290.93,8937.64,0,0
63,CASH_IN,383.09,C000177,7365.88,6982.78,M000089,5761.14,6144.24,0,0
63,TRANSFER,170.68,C000252,10942.26,10771.58,M000104,1821.38,1992.06,0,0
63,PAYMENT,117.1,C000091,15681.2,15564.1,M000114,7191.18,7308.28,0,0
63,CASH_OUT,1368.81,C000146,3974.3,2605.49,M000097,17374.71,18743.52,0,0
63,CASH_IN,395.36,C000208,2317.21,1921.85,M000055,17791.81,18187.16,0,0
63,PAYMENT,394.38,C000247,2114.62,1720.24,M000067,9890.62,10285.0,0,0
63,PAYMENT,416.75,C000236,9346.7,8929.96,M000199,8749.23,9165.97,0,0
63,CASH_OUT,691.49,C000023,18117.43,17425.94,M000002,2853.32,3544.81,0,0
63,CASH_IN,104.89,C000236,8315.29,8210.41,M000122,5797.71,5902.59,0,0
63,CASH_IN,267.68,C000054,4816.24,4548.55,M000184,1686.85,1954.54,0,0
63,TRANSFER,756.0,C000059,4944.98,4188.97,M000145,6603.28,7359.28,0,0
63,TRANSFER,191.08,C000092,18594.95,18403.87,M000155,9254.55,9445.63,0,0
63,CASH_IN,117.97,C000200,3011.07,2893.1,M000185,22225.94,22343.91,0,0
63,CASH_OUT,71.56,C000139,2787.03,2715.47,M000053,6491.26,6562.82,0,0
63,CASH_OUT,679.25,C000119,2399.17,1719.93,M000075,30060.79,30740.03,0,0
63,PAYMENT,1192.22,C000247,13607.87,12415.65,M000155,13566.91,14759.13,0,0
63,CASH_OUT,1599.44,C000152,1725.38,125.93,M000009,2276.58,3876.02,0,0
63,CASH_IN,1556.36,C000038,1535.22,0.0,M000091,14924.53,16480.89,0,0
63,CASH_OUT,111.68,C000251,1474.76,1363.08,M000082,3846.31,3957.99,0,0
63,CASH_OUT,2245.42,C000286,19275.5,17030.08,M000034,3341.09,5586.51,0,0
63,TRANSFER,1148.61,C000190,3043.94,1895.33,M000019,4624.44,5773.05,0,0
63,PAYMENT,498.86,C000131,13411.72,12912.86,M000085,13781.51,14280.37,0,0
63,CASH_OUT,1047.82,C000265,4512.82,3465.01,M000121,6699.97,7747.79,0,0
64,DEBIT,2627.59,C000027,2971.71,344.12,M000009,22680.3,25307.9,0,0
64,CASH_OUT,294.35,C000145,15911.61,15617.26,M000004,10318.68,10613.03,0,0
64,TRANSFER,3034.94,C000026,7830.2,4795.26,M000149,15862.98,18897.92,0,0
64,PAYMENT,1966.03,C000221,19654.09,17688.06,M000141,25456.74,27422.77,0,0
64,DEBIT,239.54,C000105,3317.18,3077.64,M000179,654.4,893.94,0,0
64,TRANSFER,489.4,C000232,4416.46,3927.05,M000066,6128.17,6617.57,0,0
64,PAYMENT,1368.36,C000128,3038.11,1669.74,M000060,5600.15,6968.52,0,0
64,CASH_OUT,1124.29,C000029,4582.42,3458.13,M000161,1912.8,3037.09,0,0
64,TRANSFER,149.22,C000211,4474.6,4325.38,M000081,8851.1,9000.33,0,0
64,DEBIT,2985.5,C000134,6871.29,3885.79,M000133,7576.49,10561.99,0,0
64,CASH_OUT,326.64,C000054,3658.08,3331.44,M000135,23327.06,23653.7,0,0
64,TRANSFER,1521.4,C000231,6898.54,5377.14,M000046,3113.22,4634.62,0,0
64,PAYMENT,233.36,C000288,10295.17,10061.81,M000189,5249.55,5482.91,0,0
64,PAYMENT,1834.76,C000240,1685.32,0.0,M000152,2555.2,4389.96,0,0
64,CASH_OUT,3176.05,C000217,3299.9,123.85,M000003,3681.54,6857.6,1,0
64,TRANSFER,95.78,C000055,3205.58,3109.79,M000115,14109.48,14205.26,0,0
64,CASH_OUT,1189.94,C000270,6288.06,5098.11,M000138,19123.24,20313.18,0,0
64,CASH_IN,1763.64,C000191,11161.81,9398.16,M000183,3371.9,5135.55,0,0
64,CASH_OUT,769.12,C000245,2081.67,1312.56,M000055,13550.81,14319.93,0,0
64,PAYMENT,7692.74,C000206,7585.4,0.0,M000020,8469.23,16161.97,0,0
64,TRANSFER,4535.35,C000052,6193.42,1658.06,M000074,116506.29,121041.65,0,0
64,PAYMENT,3013.25,C000165,5397.35,2384.1,M000107,5440.36,8453.61,0,0
64,TRANSFER,1057.93,C000107,2324.71,1266.77,M000079,12057.02,13114.95,0,0
64,CASH_OUT,659.33,C000230,2640.1,1980.76,M000152,79163.31,79822.65,0,0
64,TRANSFER,501.97,C000142,1226.69,724.72,M000060,1166.07,1668.04,0,0
64,PAYMENT,711.61,C000050,24564.07,23852.47,M000178,6415.49,7127.1,0,0
64,PAYMENT,470.9,C000160,2890.78,2419.88,M000080,1769.79,2240.69,0,0
64,TRANSFER,1763.9,C000207,2070.21,306.31,M000036,3302.75,5066.65,0,0
64,PAYMENT,784.33,C000202,14503.09,13718.76,M000049,4360.17,5144.49,0,0
64,PAYMENT,327.8,C000198,2477.9,2150.1,M000131,6601.12,6928.92,0,0
64,TRANSFER,1929.79,C000217,7772.71,5842.91,M000070,5505.87,7435.67,0,0
64,CASH_OUT,572.69,C000204,6691.51,6118.82,M000182,54135.15,54707.84,0,0
64,PAYMENT,56.31,C000011,31988.77,31932.46,M000176,9097.54,9153.85,0,0
64,TRANSFER,57.89,C000005,2449.08,2391.2,M000048,6790.85,6848.73,0,0
64,PAYMENT,332.23,C000298,7783.55,7451.32,M000104,22713.33,23045.57,0,0
64,PAYMENT,211.07,C000275,7731.5,7520.42,M000040,4485.75,4696.83,0,0
64,PAYMENT,359.58,C000048,5513.16,5153.59,M000167,29907.93,30267.51,0,0
64,PAYMENT,399.62,C000242,2965.78,2566.15,M000158,6286.96,6686.59,0,0
64,TRANSFER,819.84,C000232,2945.93,2126.09,M000074,13070.6,13890.44,0,0
64,PAYMENT,144.57,C000209,4654.29,4509.72,M000122,4814.58,4959.15,0,0
64,PAYMENT,187.54,C000204,6139.27,5951.73,M000178,4566.83,4754.37,0,0
64,CASH_OUT,602.96,C000092,4172.03,3569.07,M000093,6503.26,7106.22,0,0
64,DEBIT,1506.68,C000278,6188.24,4681.56,M000073,21301.47,22808.15,0,0
64,TRANSFER,484.72,C000035,2930.48,2445.76,M000099,18859.43,19344.15,0,0
64,CASH_OUT,623.77,C000012,1887.34,1263.58,M000006,10007.94,10631.71,0,0
64,PAYMENT,407.74,C000098,3541.33,3133.59,M000101,4370.76,4778.51,0,0
64,CASH_OUT,229.48,C000002,3160.03,2930.55,M000110,4084.95,4314.42,0,0
64,PAYMENT,166.56,C000200,24780.4,24613.84,M000174,6498.09,6664.65,0,0
64,CASH_OUT,247.37,C000109,25071.49,24824.12,M000111,15884.26,16131.64,0,0
64,TRANSFER,144.63,C000028,4945.6,4800.98,M000084,13296.08,13440.71,0,0
64,CASH_OUT,4588.7,C000163,3461.43,0.0,M000057,29871.66,34460.36,1,0
64,PAYMENT,334.51,C000140,12044.23,11709.72,M000139,20813.19,21147.7,0,0
64,PAYMENT,252.67,C000288,12824.87,12572.2,M000111,1816.87,2069.55,0,0
64,PAYMENT,262.65,C000293,5137.14,4874.49,M000156,29225.66,29488.31,0,0
64,CASH_IN,723.23,C000068,1607.26,884.03,M000074,9795.05,10518.27,0,0
64,PAYMENT,934.49,C000027,672.11,0.0,M000053,4795.19,5729.67,0,0
64,TRANSFER,2478.16,C000098,2667.55,189.39,M000023,4787.35,7265.5,0,0
64,PAYMENT,2528.25,C000051,1446.81,0.0,M000147,1988.19,4516.44,0,0
64,CASH_OUT,1826.51,C000023,6157.31,4330.8,M000043,2587.37,4413.88,0,0
64,PAYMENT,230.71,C000052,6883.41,6652.7,M000143,3549.64,3780.36,0,0
64,PAYMENT,751.5,C000263,3537.42,2785.92,M000097,2856.27,3607.76,0,0
64,TRANSFER,947.49,C000267,58029.44,57081.95,M000196,11348.27,12295.76,0,0
64,PAYMENT,1696.1,C000071,1380.87,0.0,M000196,5385.59,7081.7,0,0
64,TRANSFER,207.08,C000008,14246.49,14039.42,M000179,14046.9,14253.98,0,0
64,DEBIT,604.06,C000068,3125.5,2521.44,M000167,4719.26,5323.32,0,0
64,TRANSFER,108.34,C000210,1267.38,1159.04,M000011,6320.54,6428.89,0,0
64,PAYMENT,2286.05,C000156,1225.65,0.0,M000066,6608.56,8894.61,0,0
64,TRANSFER,1052.88,C000054,4847.88,3795.0,M000098,7207.82,8260.7,0,0
64,CASH_IN,12912.87,C000149,2744.32,0.0,M000071,1786.83,14699.69,0,0
64,TRANSFER,622.47,C000102,295.66,0.0,M000091,2367.13,2989.6,0,0
64,PAYMENT,301.72,C000067,9538.13,9236.41,M000115,6526.06,6827.77,0,0
65,TRANSFER,87.46,C000027,7478.28,7390.82,M000027,574.78,662.23,0,0
65,CASH_IN,492.42,C000094,13825.72,13333.3,M000029,597.45,1089.88,0,0
65,PAYMENT,702.67,C000114,11599.3,10896.63,M000003,1220.09,1922.76,0,0
65,TRANSFER,1698.16,C000124,3821.9,2123.74,M000011,2531.44,4229.6,0,0
65,CASH_IN,72.6,C000117,9402.43,9329.83,M000077,2980.23,3052.83,0,0
65,PAYMENT,99.6,C000117,1310.76,1211.16,M000152,7272.6,7372.2,0,0
65,PAYMENT,751.65,C000292,2498.4,1746.74,M000035,1572.3,2323.95,0,0
65,CASH_OUT,2479.7,C000143,3149.08,669.38,M000083,3196.93,5676.63,0,0
65,PAYMENT,2367.51,C000296,3781.49,1413.98,M000107,35925.94,38293.45,0,0
65,PAYMENT,1119.29,C000094,13565.99,12446.7,M000099,5508.35,6627.64,0,0
65,CASH_OUT,4238.92,C000030,8451.45,4212.53,M000101,5583.75,9822.67,0,0
65,TRANSFER,236.65,C000043,8506.87,8270.23,M000084,2363.52,2600.16,0,0
65,CASH_OUT,5342.94,C000207,3227.34,0.0,M000183,8441.14,13784.08,0,0
65,CASH_IN,210.66,C000298,3171.35,2960.7,M000120,6550.67,6761.33,0,0
65,PAYMENT,224.13,C000137,4442.75,4218.61,M000022,66751.75,66975.89,0,0
65,PAYMENT,199.75,C000177,3883.36,3683.62,M000018,6611.42,6811.17,0,0
65,TRANSFER,2899.42,C000164,7972.8,5073.39,M000102,4805.38,7704.8,0,0
65,PAYMENT,867.74,C000239,6491.76,5624.02,M000102,3230.3,4098.04,0,0
65,TRANSFER,37.96,C000241,1468.05,1430.09,M000112,9939.62,9977.58,0,0
65,TRANSFER,51.82,C000035,28376.07,28324.25,M000198,329.27,381.09,0,0
65,TRANSFER,106.94,C000047,6365.56,6258.63,M000049,12103.46,12210.4,0,0
65,CASH_IN,257.52,C000127,723.31,465.79,M000176,1897.69,2155.21,0,0
65,TRANSFER,215.55,C000267,1168.77,953.22,M000057,2221.54,2437.09,0,0
65,PAYMENT,531.83,C000278,1283.05,751.22,M000173,23106.16,23637.99,0,0
65,PAYMENT,369.41,C000033,23781.71,23412.31,M000025,1034.61,1404.02,0,0
65,TRANSFER,1919.83,C000147,1414.54,0.0,M000012,2715.49,4635.32,0,0
65,CASH_OUT,313.72,C000197,20183.36,19869.63,M000160,6951.02,7264.75,0,0
65,CASH_IN,442.19,C000004,6120.68,5678.49,M000005,3678.6,4120.79,0,0
65,TRANSFER,528.2,C000067,4118.26,3590.06,M000085,2801.14,3329.34,0,0
65,CASH_OUT,4301.06,C000265,6576.81,2275.75,M000137,14505.62,18806.68,0,0
65,TRANSFER,3284.45,C000108,1442.55,0.0,M000153,2032.29,5316.74,0,0
65,TRANSFER,360.1,C000140,716.89,356.79,M000125,8329.97,8690.07,0,0
65,TRANSFER,704.81,C000042,1684.46,979.64,M000099,6720.76,7425.57,0,0
65,PAYMENT,287.51,C000179,2534.45,2246.94,M000105,5442.9,5730.41,0,0
65,CASH_IN,1338.14,C000254,1392.42,54.27,M000189,12523.5,13861.64,0,0
65,CASH_OUT,1769.21,C000206,911.52,0.0,M000170,6808.99,8578.2,0,0
65,CASH_IN,60.06,C000243,10239.45,10179.39,M000050,9322.58,9382.64,0,0
65,DEBIT,302.52,C000018,1129.49,826.97,M000197,5230.4,5532.92,0,0
65,PAYMENT,72.12,C000057,25955.19,25883.07,M000075,9288.98,9361.1,0,0
65,TRANSFER,874.44,C000219,3390.7,2516.26,M000123,15877.91,16752.35,0,0
65,CASH_OUT,187.08,C000079,2763.47,2576.39,M000019,14386.12,14573.2,0,0
65,CASH_OUT,1213.81,C000153,630.69,0.0,M000137,13595.94,14809.75,0,0
65,CASH_OUT,1136.16,C000278,12873.6,11737.44,M000038,12864.58,14000.74,0,0
65,TRANSFER,603.4,C000043,805.91,202.51,M000049,14910.98,15514.39,0,0
65,PAYMENT,73.66,C000126,1808.95,1735.29,M000097,10639.47,10713.13,0,0
65,CASH_OUT,1013.54,C000298,25665.72,24652.17,M000104,1651.08,2664.63,0,0
65,TRANSFER,1337.02,C000197,3784.32,2447.3,M000174,6181.08,7518.1,0,0
65,PAYMENT,590.78,C000276,3547.72,2956.94,M000194,5245.54,5836.32,0,0
65,CASH_OUT,40.36,C000143,29536.98,29496.62,M000022,3304.53,3344.89,0,0
65,DEBIT,226.91,C000258,4134.4,3907.49,M000198,4937.09,5164.0,0,0
65,TRANSFER,2773.4,C000268,1374.14,0.0,M000119,3563.91,6337.32,0,0
65,CASH_OUT,1651.0,C000047,11336.87,9685.87,M000064,4677.0,6328.01,0,0
65,CASH_OUT,63.88,C000068,5123.15,5059.27,M000000,15740.5,15804.39,0,0
65,CASH_OUT,1201.62,C000261,17812.35,16610.73,M000161,3002.99,4204.61,0,0
65,PAYMENT,1219.74,C000059,9118.8,7899.06,M000028,2205.33,3425.07,0,0
65,TRANSFER,2074.57,C000124,5398.96,3324.39,M000127,1155.12,3229.69,0,0
65,CASH_OUT,405.18,C000269,8584.42,8179.24,M000192,3318.04,3723.22,0,0
65,CASH_OUT,226.63,C000022,985.05,758.42,M000189,6504.17,6730.8,0,0
65,TRANSFER,790.81,C000217,2209.28,1418.46,M000176,6118.33,6909.14,0,0
65,TRANSFER,401.74,C000079,6571.93,6170.18,M000024,2656.9,3058.65,0,0
65,CASH_IN,1006.26,C000082,2634.21,1627.95,M000130,39544.91,40551.17,0,0
65,CASH_OUT,753.83,C000177,3392.14,2638.31,M000100,12013.45,12767.28,0,0
65,PAYMENT,331.7,C000071,2849.17,2517.47,M000028,5983.26,6314.96,0,0
65,DEBIT,195.83,C000150,32544.98,32349.15,M000173,24680.71,24876.54,0,0
65,CASH_IN,694.66,C000060,809.77,115.11,M000008,560.49,1255.14,0,0
65,CASH_IN,144.11,C000015,5152.1,5007.99,M000133,11780.67,11924.78,0,0
65,TRANSFER,708.37,C000111,2544.17,1835.8,M000011,2006.98,2715.34,0,0
65,PAYMENT,4421.55,C000236,1375.81,0.0,M000069,3729.06,8150.61,0,0
65,PAYMENT,2194.66,C000176,3040.98,846.32,M000131,2229.46,4424.12,0,0
65,CASH_IN,108.21,C000145,8015.13,7906.93,M000150,15836.08,15944.29,0,0
65,CASH_IN,934.73,C000297,875.55,0.0,M000064,6126.16,7060.9,0,0
65,CASH_OUT,2396.78,C000062,73572.72,71175.94,M000056,19449.61,21846.39,0,0
65,TRANSFER,1293.6,C000006,3651.92,2358.32,M000176,8295.76,9589.36,1,0
65,PAYMENT,41.64,C000200,10548.07,10506.43,M000104,2534.0,2575.64,0,0
66,TRANSFER,304.62,C000205,1192.2,887.59,M000010,4634.38,4939.0,0,0
66,CASH_OUT,1172.75,C000108,10464.9,9292.15,M000118,5860.37,7033.12,0,0
66,PAYMENT,829.57,C000105,43567.95,42738.38,M000118,58154.55,58984.13,0,0
66,TRANSFER,6961.75,C000220,9437.64,2475.89,M000035,4403.09,11364.84,1,0
66,CASH_OUT,3315.03,C000259,5069.27,1754.25,M000125,3224.03,6539.05,0,0
66,CASH_IN,549.83,C000002,723.29,173.46,M000142,3891.85,4441.68,0,0
66,PAYMENT,482.03,C000235,3002.09,2520.07,M000197,2329.09,2811.12,0,0
66,TRANSFER,1354.36,C000247,12897.87,11543.51,M000044,12705.18,14059.54,0,0
66,TRANSFER,414.22,C000051,23784.06,23369.84,M000130,4319.1,4733.32,0,0
66,PAYMENT,273.03,C000065,4512.32,4239.3,M000078,1511.34,1784.36,0,0
66,TRANSFER,1038.09,C000045,3885.02,2846.93,M000144,2786.77,3824.86,0,0
66,CASH_IN,22671.23,C000288,3203.12,0.0,M000021,20284.03,42955.26,1,0
66,CASH_OUT,200.14,C000211,2120.29,1920.15,M000044,1236.65,1436.79,0,0
66,PAYMENT,242.0,C000222,743.98,501.98,M000092,6496.34,6738.33,0,0
66,PAYMENT,135.87,C000112,2015.54,1879.66,M000020,1109.58,1245.45,0,0
66,CASH_IN,268.01,C000019,14512.49,14244.47,M000001,1262.16,1530.18,0,0
66,TRANSFER,1121.95,C000118,5937.5,4815.54,M000071,5028.78,6150.73,0,0
66,PAYMENT,104.6,C000198,12115.88,12011.27,M000158,2877.88,2982.49,0,0
66,PAYMENT,1575.07,C000148,2414.2,839.12,M000052,2739.85,4314.92,0,0
66,TRANSFER,98.13,C000180,924.51,826.37,M000142,3093.37,3191.51,0,0
66,PAYMENT,445.29,C000189,4407.96,3962.67,M000048,6104.75,6550.04,0,0
66,PAYMENT,1032.83,C000090,3862.07,2829.24,M000010,9621.0,10653.83,0,0
66,PAYMENT,1364.8,C000049,5396.2,4031.4,M000037,2711.66,4076.46,0,0
66,TRANSFER,359.22,C000072,2450.64,2091.42,M000016,2313.33,2672.54,0,0
66,TRANSFER,184.16,C000242,2227.11,2042.95,M000127,7636.1,7820.26,0,0
66,PAYMENT,502.69,C000217,1612.08,1109.39,M000128,2370.44,2873.13,0,0
66,CASH_IN,637.86,C000236,3389.74,2751.87,M000066,17019.9,17657.76,0,0
66,TRANSFER,308.47,C000135,1114.74,806.26,M000091,4444.47,4752.94,0,0
66,CASH_IN,166.63,C000155,7351.47,7184.84,M000147,3596.0,3762.63,0,0
66,CASH_OUT,147.59,C000130,7889.78,7742.18,M000015,1697.75,1845.34,0,0
66,PAYMENT,400.36,C000153,1052.87,652.51,M000047,4206.8,4607.16,0,0
66,PAYMENT,1604.73,C000182,854.54,0.0,M000198,9176.63,10781.36,0,0
66,CASH_OUT,225.07,C000101,3482.16,3257.09,M000168,8662.69,8887.76,0,0
66,PAYMENT,371.11,C000287,6466.18,6095.06,M000138,22942.98,23314.09,0,0
66,PAYMENT,155.24,C000106,2956.63,2801.39,M000160,4298.72,4453.96,0,0
66,CASH_OUT,3301.37,C000118,13046.76,9745.39,M000117,1594.81,4896.18,0,0
66,CASH_OUT,121.22,C000039,13875.02,13753.8,M000056,2965.15,3086.37,0,0
66,PAYMENT,2300.47,C000087,52944.49,50644.02,M000088,42857.2,45157.67,0,0
66,CASH_OUT,4105.33,C000203,2562.09,0.0,M000047,16657.06,20762.39,0,0
66,PAYMENT,504.1,C000293,6553.74,6049.64,M000032,5816.44,6320.53,0,0
66,PAYMENT,365.23,C000237,2935.51,2570.28,M000019,53274.24,53639.48,0,0
66,TRANSFER,306.07,C000031,11205.77,10899.7,M000173,47776.27,48082.35,0,0
66,CASH_IN,1503.32,C000059,6801.35,5298.03,M000194,4464.41,5967.73,0,0
66,CASH_OUT,329.1,C000181,5961.84,5632.74,M000041,679.58,1008.68,0,0
66,CASH_OUT,2181.85,C000146,2540.81,358.95,M000136,21608.99,23790.84,0,0
66,PAYMENT,311.78,C000187,1591.82,1280.04,M000095,9578.54,9890.32,0,0
66,CASH_OUT,216.92,C000118,6451.03,6234.1,M000078,15350.68,15567.6,0,0
66,CASH_OUT,517.46,C000182,11579.75,11062.29,M000183,1146.51,1663.97,0,0
66,PAYMENT,399.16,C000053,5037.02,4637.86,M000078,1045.19,1444.35,0,0
66,TRANSFER,644.9,C000066,8157.05,7512.16,M000193,15064.97,15709.87,0,0
66,CASH_OUT,469.1,C000267,8302.46,7833.37,M000052,3240.09,3709.19,0,0
66,PAYMENT,421.14,C000066,370.11,0.0,M000156,4078.21,4499.36,0,0
66,PAYMENT,998.05,C000229,4423.15,3425.1,M000174,6510.28,7508.33,0,0
66,PAYMENT,967.64,C000213,5526.99,4559.35,M000039,3325.77,4293.41,0,0
66,CASH_IN,147.43,C000095,3867.49,3720.06,M000137,15834.7,15982.13,0,0
66,PAYMENT,382.14,C000270,4339.86,3957.73,M000084,533.63,915.77,0,0
66,CASH_OUT,52.38,C000024,5334.15,5281.77,M000070,49180.01,49232.39,0,0
66,CASH_IN,116.34,C000287,4002.71,3886.37,M000199,3272.71,3389.05,0,0
66,CASH_IN,344.01,C000183,19465.22,19121.21,M000082,2068.59,2412.6,0,0
66,TRANSFER,261.6,C000186,5597.58,5335.98,M000070,23851.77,24113.36,0,0
66,TRANSFER,1132.04,C000278,7759.23,6627.2,M000129,16697.58,17829.62,0,0
66,CASH_OUT,1919.25,C000040,17251.78,15332.53,M000088,2291.99,4211.23,0,0
66,PAYMENT,278.29,C000287,12177.98,11899.69,M000158,3732.29,4010.58,0,0
66,PAYMENT,291.77,C000245,2030.28,1738.51,M000004,5836.07,6127.84,0,0
66,CASH_IN,665.14,C000063,9020.88,8355.75,M000089,832.9,1498.04,0,0
66,TRANSFER,797.13,C000075,2315.98,1518.86,M000021,1977.37,2774.5,0,0
66,PAYMENT,227.78,C000066,39100.63,38872.85,M000075,5789.85,6017.62,0,0
66,PAYMENT,210.41,C000085,33575.67,33365.26,M000172,3458.63,3669.04,0,0
66,PAYMENT,548.58,C000149,4713.26,4164.67,M000012,735.66,1284.24,0,0
66,CASH_OUT,210.7,C000292,6045.94,5835.24,M000113,16817.59,17028.29,0,0
66,PAYMENT,166.79,C000204,2207.47,2040.67,M000167,4773.06,4939.85,0,0
66,CASH_OUT,1787.14,C000216,6253.03,4465.89,M000054,13435.49,15222.63,0,0
66,TRANSFER,377.77,C000010,3847.57,3469.79,M000120,6527.3,6905.07,0,0
66,CASH_IN,1233.85,C000156,2563.59,1329.73,M000031,5291.74,6525.59,0,0
66,CASH_IN,123.01,C000046,30710.83,30587.82,M000064,3325.85,3448.86,0,0
66,CASH_IN,302.9,C000281,1303.1,1000.19,M000058,10838.6,11141.51,0,0
66,CASH_OUT,2228.13,C000234,638.17,0.0,M000188,4100.01,6328.14,0,0
66,PAYMENT,4983.62,C000074,6327.43,1343.81,M000105,4744.17,9727.8,0,0
66,CASH_OUT,4493.84,C000203,1699.89,0.0,M000101,285.64,4779.48,0,0
66,CASH_OUT,282.62,C000029,2856.49,2573.87,M000197,4113.01,4395.63,0,0
66,TRANSFER,696.13,C000107,3268.55,2572.41,M000160,1014.54,1710.68,0,0
66,TRANSFER,396.6,C000075,7713.37,7316.77,M000080,4798.34,5194.94,0,0
66,PAYMENT,365.95,C000232,11363.33,10997.38,M000137,8340.73,8706.68,0,0
66,CASH_IN,345.87,C000003,2791.66,2445.79,M000159,10276.35,10622.22,0,0
66,CASH_IN,1039.82,C000051,4832.07,3792.24,M000178,2164.59,3204.41,0,0
66,CASH_IN,217.34,C000010,15430.42,15213.08,M000126,32073.04,32290.38,0,0
66,PAYMENT,289.73,C000166,39801.38,39511.64,M000055,7315.95,7605.68,0,0
66,PAYMENT,2715.81,C000084,9278.69,6562.88,M000068,2616.85,5332.66,0,0
66,CASH_OUT,376.82,C000119,9458.12,9081.3,M000068,4712.16,5088.98,0,0
66,PAYMENT,452.47,C000179,5418.15,4965.68,M000022,6950.09,7402.56,0,0
66,PAYMENT,832.34,C000009,2191.51,1359.17,M000173,7630.88,8463.22,0,0
66,TRANSFER,7753.06,C000142,839.8,0.0,M000107,9358.03,17111.09,0,0
66,PAYMENT,575.12,C000136,8991.27,8416.14,M000071,8471.32,9046.44,0,0
66,PAYMENT,358.33,C000213,1669.55,1311.21,M000072,12115.5,12473.84,0,0
66,CASH_OUT,52.76,C000185,4880.22,4827.46,M000042,2031.98,2084.75,0,0
66,CASH_OUT,1696.6,C000121,4445.41,2748.81,M000084,4253.77,5950.37,0,0
66,TRANSFER,138.31,C000250,223.37,85.06,M000122,8871.58,9009.89,0,0
66,CASH_OUT,228.04,C000122,4035.32,3807.28,M000014,9139.99,9368.03,0,0
66,CASH_OUT,314.59,C000204,2671.42,2356.83,M000003,21590.21,21904.8,0,0
67,PAYMENT,910.42,C000272,1317.05,406.63,M000068,4866.8,5777.22,0,0
67,CASH_IN,264.8,C000277,6476.11,6211.31,M000023,4543.16,4807.96,0,0
67,CASH_OUT,4234.91,C000068,1190.85,0.0,M000171,27328.13,31563.04,0,0
67,PAYMENT,138.71,C000062,15674.02,15535.31,M000024,7082.69,7221.4,0,0
67,TRANSFER,2230.09,C000048,25749.18,23519.08,M000110,10815.47,13045.57,0,0
67,CASH_IN,109.97,C000139,10163.3,10053.33,M000130,4482.05,4592.02,0,0
67,TRANSFER,609.56,C000008,3828.76,3219.2,M000054,4393.62,5003.17,0,0
67,DEBIT,1065.58,C000034,2466.96,1401.37,M000183,5257.57,6323.15,0,0
67,TRANSFER,302.66,C000056,11763.25,11460.59,M000071,15778.11,16080.77,0,0
67,PAYMENT,106.73,C000093,2744.0,2637.27,M000124,1704.44,1811.17,0,0
67,PAYMENT,664.86,C000000,1455.75,790.89,M000189,7520.67,8185.53,0,0
67,TRANSFER,1367.17,C000083,5914.65,4547.48,M000010,6654.4,8021.56,0,0
67,CASH_OUT,1349.65,C000299,4883.41,3533.76,M000015,3158.63,4508.28,0,0
67,PAYMENT,593.95,C000125,9158.44,8564.49,M000084,670.72,1264.68,0,0
67,PAYMENT,315.37,C000186,2014.09,1698.72,M000023,3044.05,3359.42,0,0
67,CASH_IN,911.48,C000194,2836.87,1925.39,M000093,2406.7,3318.18,0,0
67,PAYMENT,869.57,C000006,3172.83,2303.26,M000142,6688.78,7558.35,0,0
67,CASH_OUT,1053.92,C000299,3546.37,2492.45,M000138,1943.27,2997.2,0,0
67,CASH_IN,2329.58,C000254,2178.98,0.0,M000043,11124.72,13454.31,0,0
67,TRANSFER,291.55,C000014,7551.24,7259.69,M000161,3528.99,3820.54,0,0
67,PAYMENT,2991.47,C000157,1692.08,0.0,M000059,9973.5,12964.97,0,0
67,CASH_OUT,1313.59,C000292,2662.85,1349.26,M000022,7236.07,8549.65,0,0
67,CASH_IN,4579.32,C000139,7173.4,2594.08,M000187,14770.88,19350.21,0,0
67,CASH_IN,1533.71,C000155,8748.87,7215.17,M000102,25403.35,26937.05,0,0
67,PAYMENT,611.43,C000106,6339.87,5728.43,M000077,8475.6,9087.04,0,0
67,PAYMENT,1022.01,C000193,22209.06,21187.05,M000063,5507.66,6529.67,0,0
67,PAYMENT,3390.35,C000105,1159.47,0.0,M000179,4026.53,7416.88,0,0
67,TRANSFER,667.98,C000085,340.35,0.0,M000064,13204.91,13872.88,0,0
67,PAYMENT,3285.33,C000204,10943.5,7658.17,M000183,3580.98,6866.32,0,0
67,TRANSFER,412.47,C000192,9170.22,8757.75,M000037,1819.9,2232.37,0,0
67,CASH_OUT,977.07,C000289,1381.17,404.1,M000135,20626.36,21603.43,0,0
67,TRANSFER,50.73,C000240,13480.15,13429.42,M000048,10089.43,10140.16,0,0
67,PAYMENT,385.9,C000038,3543.76,3157.86,M000012,5414.75,5800.64,0,0
67,PAYMENT,1438.22,C000258,8155.45,6717.23,M000012,1552.09,2990.31,0,0
67,TRANSFER,1281.92,C000194,28230.98,26949.07,M000118,18338.11,19620.03,0,0
67,PAYMENT,504.69,C000201,6260.22,5755.53,M000169,3785.2,4289.88,0,0
67,PAYMENT,207.91,C000011,11449.98,11242.06,M000188,632.19,840.1,0,0
67,CASH_OUT,322.05,C000018,3846.7,3524.66,M000035,2401.72,2723.77,0,0
67,PAYMENT,5307.86,C000279,4238.56,0.0,M000027,3272.12,8579.97,0,0
67,PAYMENT,471.17,C000055,3414.45,2943.28,M000130,18174.01,18645.18,0,0
67,TRANSFER,393.72,C000023,6696.32,6302.6,M000001,12813.8,13207.52,0,0
67,TRANSFER,770.64,C000104,22041.66,21271.02,M000043,4380.04,5150.68,0,0
67,TRANSFER,2280.49,C000200,3033.54,753.05,M000182,57789.53,60070.02,0,0
67,CASH_OUT,768.56,C000008,501.78,0.0,M000059,11052.07,11820.62,0,0
67,DEBIT,235.38,C000226,3406.11,3170.73,M000067,1756.0,1991.38,0,0
67,CASH_OUT,301.07,C000268,4113.18,3812.11,M000179,6920.54,7221.61,1,0
67,DEBIT,134.67,C000204,89905.11,89770.44,M000158,7357.35,7492.02,0,0
67,CASH_IN,397.86,C000177,5365.32,4967.46,M000128,8918.15,9316.01,0,0
67,PAYMENT,1178.88,C000155,7157.1,5978.22,M000054,18714.41,19893.3,0,0
67,PAYMENT,276.52,C000001,10985.64,10709.12,M000192,6706.58,6983.1,0,0
67,PAYMENT,531.83,C000275,11199.33,10667.5,M000065,3394.16,3925.99,0,0
67,PAYMENT,910.18,C000090,4319.28,3409.11,M000006,9700.93,10611.11,0,0
67,CASH_OUT,688.41,C000070,5731.27,5042.86,M000130,3971.27,4659.68,0,0
67,TRANSFER,859.77,C000147,2528.11,1668.34,M000010,9834.73,10694.5,0,0
67,TRANSFER,748.38,C000212,10145.95,9397.57,M000123,968.11,1716.49,0,0
67,CASH_IN,130.95,C000118,2242.24,2111.29,M000105,2959.38,3090.33,0,0
67,TRANSFER,1189.08,C000205,2215.59,1026.5,M000193,9621.29,10810.38,0,0
67,CASH_IN,407.15,C000259,10707.25,10300.1,M000118,3273.99,3681.14,0,0
67,CASH_IN,1500.87,C000172,10995.81,9494.94,M000199,22693.54,24194.41,0,0
67,CASH_IN,1913.75,C000115,4071.9,2158.15,M000028,2500.22,4413.97,0,0
67,CASH_IN,72.31,C000232,1114.27,1041.96,M000049,10299.58,10371.89,0,0
67,PAYMENT,192.59,C000296,2580.6,2388.01,M000007,3474.82,3667.41,0,0
67,CASH_IN,905.11,C000241,1712.67,807.56,M000122,6672.51,7577.61,0,0
67,CASH_OUT,300.71,C000009,423.83,123.13,M000122,2051.86,2352.57,0,0
67,PAYMENT,165.67,C000269,16812.57,16646.9,M000079,9697.63,9863.3,0,0
67,CASH_OUT,3173.12,C000101,10302.08,7128.96,M000065,3791.64,6964.76,0,0
67,TRANSFER,2266.55,C000065,4305.83,2039.27,M000188,2930.48,5197.04,0,0
67,TRANSFER,2250.66,C000155,1824.62,0.0,M000182,46314.23,48564.88,0,0
67,CASH_OUT,867.64,C000103,6156.3,5288.66,M000119,11061.74,11929.38,0,0
67,PAYMENT,1198.5,C000183,3688.25,2489.75,M000198,3493.81,4692.31,0,0
67,PAYMENT,373.6,C000208,1116.37,742.77,M000091,1835.7,2209.29,0,0
67,PAYMENT,2241.8,C000106,3758.76,1516.96,M000167,3244.75,5486.54,0,0
67,PAYMENT,842.01,C000003,4566.83,3724.82,M000062,4658.11,5500.12,0,0
67,TRANSFER,672.04,C000036,3202.46,2530.42,M000183,27991.14,28663.18,0,0
67,TRANSFER,1635.54,C000113,5127.17,3491.63,M000132,23492.09,25127.63,0,0
67,TRANSFER,331.47,C000219,24535.92,24204.45,M000073,6710.65,7042.13,0,0
67,TRANSFER,1960.25,C000056,1208.74,0.0,M000139,38769.36,40729.61,0,0
67,PAYMENT,31.25,C000282,2372.14,2340.89,M000041,2153.8,2185.05,0,0
67,CASH_OUT,239.55,C000120,3736.59,3497.05,M000174,15587.08,15826.63,0,0
67,PAYMENT,436.9,C000146,5149.22,4712.32,M000154,4456.11,4893.01,0,0
67,PAYMENT,8965.19,C000001,9125.3,160.11,M000013,1381.48,10346.67,0,0
67,TRANSFER,727.41,C000077,41462.51,40735.1,M000086,15672.81,16400.22,0,0
67,CASH_OUT,389.8,C000224,3343.58,2953.79,M000121,10825.71,11215.5,0,0
67,PAYMENT,82.63,C000214,13878.15,13795.52,M000104,7345.72,7428.35,0,0
67,PAYMENT,478.13,C000202,958.02,479.89,M000149,6033.92,6512.05,0,0
67,DEBIT,1702.11,C000090,2146.08,443.96,M000028,14270.04,15972.15,0,0
67,PAYMENT,274.0,C000231,37508.6,37234.6,M000099,3926.33,4200.33,0,0
67,PAYMENT,873.16,C000095,1547.38,674.22,M000122,6170.81,7043.97,0,0
67,PAYMENT,580.44,C000051,6423.48,5843.04,M000108,10537.32,11117.76,0,0
67,PAYMENT,224.74,C000032,18905.35,18680.61,M000164,36321.36,36546.1,0,0
67,PAYMENT,385.62,C000126,22299.19,21913.56,M000080,1370.26,1755.88,0,0
67,PAYMENT,1034.44,C000226,907.79,0.0,M000036,2095.22,3129.66,0,0
67,CASH_OUT,310.49,C000096,20333.65,20023.15,M000168,15620.12,15930.61,0,0
67,TRANSFER,547.71,C000024,24607.83,24060.12,M000163,23138.62,23686.34,0,0
67,PAYMENT,302.24,C000189,888.67,586.44,M000177,2585.51,2887.74,0,0
68,TRANSFER,2958.13,C000138,3580.39,622.26,M000020,1475.18,4433.31,0,0
68,TRANSFER,717.43,C000090,6970.06,6252.63,M000122,5617.04,6334.47,0,0
68,CASH_IN,438.67,C000035,2270.45,1831.77,M000057,3685.79,4124.47,0,0
68,CASH_OUT,960.89,C000206,4390.69,3429.8,M000144,8540.69,9501.58,0,0
68,CASH_OUT,787.66,C000056,1175.3,387.64,M000028,4713.61,5501.28,0,0
68,TRANSFER,956.95,C000028,2486.56,1529.61,M000171,13989.54,14946.49,0,0
68,PAYMENT,233.28,C000048,4729.61,4496.32,M000052,6878.91,7112.2,0,0
68,TRANSFER,906.69,C000119,22805.25,21898.56,M000030,1650.69,2557.38,0,0
68,PAYMENT,159.39,C000107,3836.51,3677.12,M000004,3211.79,3371.18,0,0
68,TRANSFER,505.64,C000245,6984.96,6479.32,M000117,5391.21,5896.85,0,0
68,TRANSFER,100.06,C000082,14387.38,14287.32,M000025,4209.86,4309.93,0,0
68,CASH_IN,1670.72,C000274,7136.54,5465.82,M000118,4431.58,6102.29,0,0
68,PAYMENT,1918.97,C000284,2202.99,284.03,M000164,9153.4,11072.36,0,0
68,CASH_OUT,431.19,C000099,1836.53,1405.34,M000046,3439.72,3870.91,0,0
68,CASH_OUT,235.85,C000008,2744.37,2508.52,M000133,3517.86,3753.71,0,0
68,PAYMENT,224.92,C000173,1023.74,798.82,M000038,4717.05,4941.97,0,0
68,PAYMENT,112.24,C000002,2862.01,2749.77,M000046,9196.18,9308.41,0,0
68,CASH_OUT,479.71,C000127,4033.33,3553.62,M000038,4918.24,5397.94,0,0
68,TRANSFER,674.91,C000151,3562.34,2887.43,M000165,7397.46,8072.37,0,0
68,PAYMENT,1520.93,C000091,3796.21,2275.29,M000186,9065.54,10586.47,0,0
68,PAYMENT,629.03,C000004,9818.7,9189.67,M000097,3201.84,3830.87,0,0
68,PAYMENT,922.03,C000112,39099.23,38177.21,M000116,5992.2,6914.22,0,0
68,PAYMENT,337.61,C000048,2445.31,2107.7,M000052,6559.27,6896.88,0,0
68,PAYMENT,229.69,C000277,12758.15,12528.46,M000073,14909.73,15139.42,0,0
68,PAYMENT,297.24,C000265,1005.03,707.79,M000060,5482.62,5779.87,0,0
68,CASH_OUT,2150.82,C000195,4553.57,2402.75,M000190,27624.01,29774.83,0,0
68,PAYMENT,584.77,C000102,4860.82,4276.04,M000150,7160.43,7745.2,0,0
68,PAYMENT,214.33,C000054,4930.02,4715.69,M000005,8305.36,8519.7,0,0
68,TRANSFER,989.17,C000236,910.61,0.0,M000133,2704.01,3693.18,0,0
68,PAYMENT,168.07,C000298,2043.52,1875.45,M000089,2246.3,2414.37,0,0
68,PAYMENT,1774.92,C000073,9526.55,7751.63,M000067,4064.37,5839.3,0,0
68,CASH_OUT,347.61,C000071,12467.19,12119.57,M000119,7727.57,8075.18,0,0
68,PAYMENT,1795.72,C000039,8562.67,6766.95,M000063,3888.57,5684.29,0,0
68,CASH_IN,2851.6,C000005,5000.77,2149.16,M000102,4374.21,7225.81,0,0
68,CASH_OUT,10205.93,C000059,14255.18,4049.25,M000106,7946.66,18152.59,1,0
68,CASH_OUT,160.75,C000118,16727.43,16566.68,M000116,4295.6,4456.35,0,0
68,CASH_IN,67.24,C000196,13702.3,13635.06,M000020,6887.69,6954.94,0,0
68,CASH_OUT,617.94,C000184,6252.35,5634.41,M000128,9705.2,10323.15,0,0
68,CASH_OUT,76.27,C000100,2426.38,2350.11,M000066,65449.43,65525.7,0,0
68,TRANSFER,1067.66,C000001,2416.48,1348.83,M000127,2594.59,3662.24,0,0
68,CASH_OUT,3806.42,C000155,27787.42,23981.0,M000123,17589.89,21396.32,0,0
68,TRANSFER,1462.05,C000020,13050.39,11588.34,M000115,4682.14,6144.19,0,0
68,TRANSFER,1825.21,C000040,3173.5,1348.29,M000120,7488.56,9313.76,0,0
68,CASH_IN,43.35,C000000,11510.52,11467.16,M000190,2528.47,2571.83,0,0
68,TRANSFER,594.29,C000115,8895.55,8301.26,M000181,6921.7,7516.0,0,0
68,PAYMENT,1137.82,C000020,8149.3,7011.48,M000191,2124.45,3262.27,0,0
68,TRANSFER,208.27,C000263,30650.55,30442.27,M000135,2926.51,3134.79,0,0
68,PAYMENT,1371.77,C000124,2202.75,830.98,M000030,5722.59,7094.36,0,0
68,CASH_OUT,1083.18,C000275,30812.18,29729.0,M000102,2904.02,3987.21,0,0
68,PAYMENT,639.88,C000012,760.24,120.36,M000168,1090.24,1730.12,0,0
68,PAYMENT,219.42,C000157,4535.49,4316.06,M000146,3466.67,3686.09,0,0
68,PAYMENT,28.79,C000247,5668.73,5639.94,M000040,21465.13,21493.92,0,0
68,TRANSFER,421.27,C000087,1773.78,1352.52,M000024,33543.9,33965.16,0,0
68,DEBIT,2725.22,C000150,16152.96,13427.75,M000191,19208.12,21933.34,0,0
68,PAYMENT,612.99,C000129,2991.8,2378.81,M000186,5027.8,5640.8,0,0
68,TRANSFER,1647.93,C000076,21402.55,19754.62,M000029,5332.53,6980.46,0,0
68,PAYMENT,2272.73,C000293,14742.57,12469.85,M000186,17246.62,19519.35,0,0
68,PAYMENT,698.77,C000161,3137.22,2438.45,M000154,4725.04,5423.81,0,0
68,DEBIT,97.61,C000106,3786.54,3688.93,M000108,4222.74,4320.35,0,0
68,CASH_IN,846.15,C000253,8240.6,7394.45,M000093,39168.25,40014.4,0,0
68,PAYMENT,116.97,C000114,3296.37,3179.4,M000042,19153.06,19270.03,0,0
68,CASH_OUT,3069.19,C000141,11414.75,8345.56,M000097,2227.89,5297.08,0,0
68,TRANSFER,1733.47,C000273,502.4,0.0,M000057,3653.63,5387.1,0,0
68,CASH_IN,284.46,C000033,1416.23,1131.76,M000162,1503.23,1787.7,0,0
68,PAYMENT,1128.62,C000026,12155.32,11026.7,M000148,2281.63,3410.25,0,0
68,TRANSFER,1791.81,C000060,2241.68,449.87,M000183,29291.55,31083.36,0,0
68,TRANSFER,457.65,C000122,1388.66,931.01,M000183,4861.88,5319.53,0,0
68,PAYMENT,315.02,C000001,1452.46,1137.44,M000121,8286.61,8601.63,0,0
68,PAYMENT,3009.5,C000020,25944.29,22934.8,M000160,5961.96,8971.46,0,0
68,PAYMENT,106.79,C000196,9525.25,9418.47,M000181,23374.74,23481.53,0,0
68,DEBIT,105.08,C000265,2577.92,2472.84,M000005,2165.54,2270.62,0,0
68,PAYMENT,336.01,C000120,8285.98,7949.97,M000025,8681.77,9017.78,0,0
68,PAYMENT,398.57,C000156,1147.7,749.13,M000162,1802.28,2200.85,0,0
69,DEBIT,644.99,C000272,18642.88,17997.89,M000064,26722.64,27367.63,0,0
69,CASH_IN,1489.6,C000275,7251.79,5762.18,M000125,18170.36,19659.96,0,0
69,CASH_OUT,135.51,C000035,1061.4,925.89,M000131,854.74,990.26,0,0
69,CASH_IN,178.85,C000291,1908.15,1729.3,M000121,10174.6,10353.45,0,0
69,PAYMENT,247.43,C000214,6829.25,6581.82,M000120,2951.83,3199.26,0,0
69,CASH_OUT,5380.75,C000148,7804.97,2424.22,M000096,4334.63,9715.38,1,0
69,TRANSFER,333.4,C000271,15368.13,15034.73,M000125,1402.2,1735.6,0,0
69,TRANSFER,1162.63,C000013,4937.22,3774.58,M000008,13110.88,14273.51,0,0
69,CASH_IN,87.29,C000288,12750.4,12663.11,M000150,4680.8,4768.09,0,0
69,CASH_OUT,1024.9,C000076,1017.93,0.0,M000096,8464.12,9489.02,0,0
69,CASH_OUT,543.88,C000293,3626.52,3082.63,M000101,52246.27,52790.16,0,0
69,CASH_OUT,200.24,C000179,2901.13,2700.88,M000034,7152.99,7353.24,0,0
69,PAYMENT,499.13,C000003,4105.42,3606.3,M000173,6821.76,7320.88,0,0
69,CASH_IN,959.09,C000060,19906.71,18947.62,M000169,37483.2,38442.29,0,0
69,PAYMENT,1314.85,C000129,3610.08,2295.23,M000143,41253.3,42568.15,0,0
69,PAYMENT,129.56,C000291,4583.44,4453.88,M000170,2870.84,3000.4,0,0
69,TRANSFER,912.82,C000253,36149.09,35236.27,M000172,18589.93,19502.75,0,0
69,TRANSFER,330.76,C000001,3166.15,2835.39,M000189,4919.0,5249.76,0,0
69,PAYMENT,1052.96,C000258,7513.48,6460.52,M000047,3176.28,4229.25,0,0
69,CASH_OUT,1085.71,C000003,3381.28,2295.56,M000179,8845.84,9931.55,0,0
69,PAYMENT,333.48,C000164,8389.01,8055.53,M000179,3897.32,4230.8,0,0
69,TRANSFER,1056.88,C000080,1644.55,587.67,M000011,16271.97,17328.86,0,0
69,PAYMENT,862.67,C000295,5050.61,4187.94,M000072,7754.48,8617.15,0,0
69,PAYMENT,296.48,C000124,1786.13,1489.65,M000115,1834.18,2130.65,0,0
69,TRANSFER,234.25,C000152,2394.75,2160.5,M000142,13218.88,13453.13,0,0
69,CASH_OUT,875.19,C000261,5093.76,4218.57,M000034,24538.78,25413.97,0,0
69,PAYMENT,1353.16,C000054,5885.7,4532.54,M000040,9213.14,10566.3,0,0
69,PAYMENT,2271.38,C000071,12018.54,9747.16,M000183,5453.12,7724.49,0,0
69,CASH_IN,671.01,C000189,13640.91,12969.9,M000025,3439.45,4110.46,0,0
69,CASH_OUT,125.56,C000042,3349.07,3223.51,M000022,10956.02,11081.58,0,0
69,TRANSFER,616.54,C000222,6049.5,5432.96,M000155,6777.85,7394.39,0,0
69,PAYMENT,310.57,C000180,4700.08,4389.51,M000022,656.26,966.84,0,0
69,PAYMENT,509.8,C000258,1229.11,719.31,M000059,3982.53,4492.34,0,0
69,CASH_OUT,1323.38,C000148,9932.86,8609.48,M000026,1512.26,2835.64,0,0
69,TRANSFER,1044.07,C000111,19300.34,18256.28,M000194,2170.95,3215.02,0,0
69,CASH_OUT,2839.67,C000217,11728.67,8888.99,M000101,1061.97,3901.64,0,0
69,CASH_OUT,118.68,C000010,3247.67,3128.99,M000123,2729.24,2847.92,0,0
69,TRANSFER,1184.11,C000179,524.32,0.0,M000029,7305.0,8489.11,0,0
69,CASH_OUT,159.16,C000057,2511.1,2351.94,M000139,4830.62,4989.78,0,0
69,PAYMENT,1000.16,C000104,45775.58,44775.42,M000163,8936.45,9936.61,0,0
69,CASH_OUT,147.89,C000228,1316.22,1168.33,M000168,3336.84,3484.73,0,0
69,PAYMENT,658.04,C000167,2757.61,2099.57,M000177,9066.85,9724.89,0,0
69,PAYMENT,1112.43,C000094,9888.94,8776.51,M000031,1458.7,2571.13,0,0
69,TRANSFER,1775.07,C000029,2534.25,759.17,M000069,8855.5,10630.57,0,0
69,TRANSFER,173.79,C000208,1445.1,1271.31,M000060,18676.82,18850.61,0,0
69,CASH_IN,689.86,C000158,1100.85,410.98,M000173,37925.15,38615.02,0,0
69,TRANSFER,1723.38,C000245,6600.12,4876.73,M000055,4340.26,6063.65,0,0
69,TRANSFER,266.94,C000260,4676.65,4409.72,M000089,5773.03,6039.96,0,0
69,PAYMENT,369.7,C000131,2047.76,1678.06,M000131,5180.41,5550.11,0,0
69,CASH_IN,545.31,C000002,2783.2,2237.89,M000063,13687.32,14232.64,0,0
69,CASH_IN,435.29,C000056,4821.24,4385.95,M000097,13218.35,13653.64,0,0
69,PAYMENT,204.86,C000011,8998.29,8793.43,M000004,14834.13,15038.99,0,0
69,PAYMENT,121.23,C000229,6413.02,6291.79,M000167,9356.36,9477.59,0,0
69,CASH_OUT,797.26,C000229,11151.63,10354.37,M000131,19145.8,19943.07,0,0
69,CASH_OUT,143.86,C000151,3827.28,3683.42,M000072,5856.36,6000.22,0,0
69,CASH_OUT,179.19,C000234,6843.17,6663.98,M000034,3675.78,3854.97,0,0
69,CASH_IN,48.13,C000283,2188.07,2139.94,M000181,7008.77,7056.9,0,0
69,PAYMENT,258.77,C000217,1297.74,1038.97,M000107,5095.83,5354.6,0,0
69,PAYMENT,100.83,C000015,667.34,566.51,M000061,16841.57,16942.39,0,0
69,PAYMENT,988.83,C000200,6738.11,5749.28,M000156,10469.76,11458.6,0,0
69,CASH_OUT,477.28,C000112,4126.62,3649.34,M000002,3655.36,4132.64,0,0
69,TRANSFER,1328.0,C000174,3076.56,1748.56,M000062,882.1,2210.11,0,0
69,CASH_OUT,708.79,C000175,14768.22,14059.43,M000114,919.45,1628.24,0,0
69,PAYMENT,435.49,C000263,2992.15,2556.66,M000048,6567.71,7003.19,0,0
69,CASH_OUT,358.4,C000245,2586.93,2228.53,M000142,2583.3,2941.7,0,0
69,CASH_OUT,8229.51,C000154,470.43,0.0,M000032,2927.85,11157.35,0,0
69,CASH_OUT,442.33,C000004,9082.81,8640.48,M000098,9497.49,9939.82,0,0
69,CASH_OUT,536.63,C000052,4641.12,4104.49,M000135,2295.94,2832.57,0,0
69,PAYMENT,437.62,C000138,3461.17,3023.56,M000185,6967.47,7405.09,0,0
69,CASH_IN,88.11,C000012,3788.79,3700.67,M000008,4841.91,4930.03,0,0
69,TRANSFER,153.79,C000003,6455.88,6302.09,M000101,17879.73,18033.52,0,0
69,CASH_OUT,1847.48,C000015,1030.56,0.0,M000116,1529.2,3376.68,0,0
69,DEBIT,78.01,C000030,5675.68,5597.67,M000000,3485.79,3563.8,0,0
69,CASH_OUT,323.64,C000227,21334.66,21011.02,M000166,11048.33,11371.97,0,0
69,CASH_OUT,1030.68,C000291,11355.2,10324.52,M000125,10052.26,11082.95,0,0
69,CASH_OUT,309.14,C000265,1229.96,920.82,M000059,15106.12,15415.26,0,0
69,CASH_OUT,161.49,C000128,2613.12,2451.63,M000177,6373.32,6534.81,0,0
69,CASH_OUT,2551.88,C000199,17793.82,15241.94,M000146,6651.27,9203.15,0,0
69,CASH_OUT,3378.74,C000129,27741.97,24363.23,M000151,10122.01,13500.75,0,0
69,CASH_OUT,4866.19,C000090,6076.02,1209.83,M000129,7086.73,11952.92,0,0
69,CASH_OUT,89.22,C000062,1694.49,1605.27,M000178,11613.07,11702.29,0,0
69,CASH_OUT,47.37,C000179,1608.36,1560.99,M000016,7854.2,7901.56,0,0
69,CASH_IN,2800.73,C000005,3769.98,969.25,M000167,3199.8,6000.53,0,0
69,TRANSFER,948.27,C000142,2699.86,1751.59,M000181,10427.95,11376.23,0,0
69,PAYMENT,4441.34,C000097,15708.53,11267.19,M000189,4602.85,9044.19,0,0
69,PAYMENT,1562.14,C000272,21663.89,20101.75,M000117,1122.49,2684.63,0,0
69,PAYMENT,243.79,C000057,4530.82,4287.03,M000124,2186.63,2430.42,0,0
69,CASH_IN,1941.99,C000031,8905.9,6963.9,M000153,2573.69,4515.69,0,0
69,CASH_IN,968.58,C000292,2784.34,1815.76,M000047,28076.78,29045.37,0,0
69,CASH_IN,656.74,C000251,5954.75,5298.01,M000123,34857.83,35514.57,0,0
69,DEBIT,698.64,C000031,1532.05,833.4,M000182,8043.6,8742.24,0,0
69,DEBIT,1079.18,C000176,4315.87,3236.7,M000100,18579.73,19658.91,0,0
69,PAYMENT,306.96,C000103,2723.01,2416.06,M000104,20358.69,20665.64,0,0
69,PAYMENT,98.36,C000255,11617.79,11519.42,M000145,3296.7,3395.06,0,0
69,DEBIT,158.76,C000185,7838.76,7680.0,M000130,16738.82,16897.58,0,0
69,PAYMENT,437.94,C000053,693.35,255.41,M000026,5480.17,5918.1,0,0
69,PAYMENT,386.52,C000150,5094.96,4708.44,M000020,14998.61,15385.13,0,0
70,CASH_IN,866.59,C000211,2204.75,1338.16,M000051,2233.14,3099.73,0,0
70,PAYMENT,251.27,C000194,2775.85,2524.58,M000183,8975.78,9227.05,0,0
70,CASH_OUT,192.83,C000002,6411.72,6218.89,M000185,1426.76,1619.58,0,0
70,PAYMENT,258.81,C000041,14218.56,13959.74,M000077,2419.13,2677.94,0,0
70,PAYMENT,2757.61,C000053,4426.79,1669.18,M000136,789.55,3547.17,0,0
70,PAYMENT,359.98,C000030,9427.97,9067.99,M000199,9562.64,9922.62,0,0
70,TRANSFER,270.68,C000285,2763.35,2492.66,M000154,1843.09,2113.78,0,0
70,TRANSFER,2118.43,C000162,760.76,0.0,M000133,5032.23,7150.66,0,0
70,TRANSFER,285.45,C000061,3587.86,3302.4,M000045,2160.26,2445.71,0,0
70,PAYMENT,263.17,C000237,4093.04,3829.87,M000157,3258.74,3521.9,0,0
70,CASH_IN,546.19,C000218,3168.63,2622.44,M000129,13731.4,14277.59,0,0
70,PAYMENT,2398.52,C000225,4257.29,1858.77,M000190,6959.53,9358.05,0,0
70,PAYMENT,81.72,C000070,10051.69,9969.97,M000140,7901.14,7982.87,0,0
70,PAYMENT,490.85,C000284,15592.99,15102.14,M000153,4718.51,5209.36,0,0
70,CASH_OUT,1813.52,C000235,65475.19,63661.67,M000187,25243.6,27057.11,0,0
70,TRANSFER,1411.32,C000017,5745.69,4334.37,M000041,34314.65,35725.97,0,0
70,TRANSFER,1842.07,C000254,10472.1,8630.03,M000045,12530.42,14372.49,1,0
70,PAYMENT,52.4,C000105,883.34,830.95,M000076,4243.57,4295.96,0,0
70,TRANSFER,1140.25,C000131,2568.91,1428.66,M000029,28385.42,29525.68,0,0
70,TRANSFER,1254.11,C000155,2736.89,1482.79,M000119,5477.62,6731.73,0,0
70,PAYMENT,636.75,C000054,10787.8,10151.05,M000104,2924.68,3561.43,0,0
70,PAYMENT,3608.97,C000141,15376.66,11767.69,M000057,6752.54,10361.51,0,0
70,PAYMENT,97.96,C000225,1751.75,1653.79,M000043,21747.91,21845.87,0,0
70,PAYMENT,1018.96,C000196,2890.84,1871.89,M000004,22354.14,23373.09,0,0
70,PAYMENT,1730.96,C000124,1755.4,24.44,M000028,16960.79,18691.75,0,0
70,TRANSFER,166.28,C000075,1978.21,1811.93,M000185,3940.09,4106.37,0,0
70,CASH_IN,2178.23,C000098,2708.95,530.73,M000030,4842.17,7020.4,0,0
70,PAYMENT,988.19,C000277,37060.1,36071.91,M000000,4304.25,5292.44,0,0
70,PAYMENT,337.88,C000196,3516.29,3178.41,M000097,9721.02,10058.9,0,0
70,PAYMENT,270.35,C000003,2292.73,2022.38,M000020,20410.79,20681.14,0,0
70,TRANSFER,381.76,C000167,11090.62,10708.87,M000023,4609.15,4990.9,0,0
70,PAYMENT,35.69,C000141,5849.58,5813.89,M000070,1101.1,1136.8,0,0
70,CASH_OUT,98.44,C000087,39381.47,39283.04,M000086,23203.02,23301.46,0,0
70,CASH_OUT,1658.03,C000038,26394.54,24736.52,M000163,510.35,2168.38,0,0
70,CASH_OUT,1834.65,C000161,12991.23,11156.58,M000119,1910.79,3745.44,0,0
70,CASH_IN,132.64,C000117,3101.12,2968.48,M000031,2681.4,2814.04,0,0
70,DEBIT,173.23,C000217,1572.75,1399.52,M000187,4528.74,4701.97,0,0
70,PAYMENT,457.0,C000006,4666.24,4209.23,M000047,5646.65,6103.65,0,0
70,PAYMENT,1456.05,C000298,13498.37,12042.32,M000099,1537.53,2993.58,0,0
70,PAYMENT,380.54,C000126,1905.61,1525.07,M000023,23364.53,23745.06,0,0
70,TRANSFER,1042.25,C000078,2810.74,1768.49,M000109,5198.54,6240.78,0,0
70,DEBIT,1428.98,C000038,5624.98,4196.0,M000069,1222.15,2651.13,0,0
70,TRANSFER,87.48,C000075,3306.42,3218.94,M000111,10293.05,10380.53,0,0
70,PAYMENT,94.48,C000190,1575.52,1481.03,M000150,5353.35,5447.84,0,0
70,PAYMENT,1008.11,C000000,16741.73,15733.62,M000122,5183.96,6192.07,0,0
70,PAYMENT,569.24,C000202,32952.11,32382.87,M000022,21401.8,21971.04,0,0
70,TRANSFER,394.35,C000122,22605.47,22211.12,M000061,20223.46,20617.81,0,0
70,PAYMENT,765.48,C000149,7043.56,6278.07,M000195,4558.26,5323.74,0,0
70,TRANSFER,85.31,C000145,247.26,161.94,M000085,1284.45,1369.76,0,0
70,TRANSFER,178.18,C000235,2659.89,2481.71,M000050,4563.64,4741.82,0,0
70,PAYMENT,61.23,C000038,3548.85,3487.62,M000009,2375.21,2436.44,0,0
70,PAYMENT,926.94,C000245,21447.65,20520.72,M000178,4714.39,5641.33,0,0
70,TRANSFER,117.41,C000078,13724.31,13606.9,M000179,15532.08,15649.48,0,0
70,PAYMENT,119.93,C000230,3667.38,3547.45,M000180,17018.14,17138.07,0,0
70,CASH_OUT,451.5,C000222,13225.81,12774.31,M000083,5199.65,5651.15,0,0
70,CASH_OUT,59.59,C000060,6944.6,6885.01,M000042,4361.23,4420.82,0,0
70,PAYMENT,101.87,C000049,3684.41,3582.54,M000033,4059.84,4161.71,0,0
70,PAYMENT,262.05,C000273,4582.25,4320.2,M000196,4160.44,4422.5,0,0
70,PAYMENT,609.51,C000183,1297.42,687.91,M000162,35916.57,36526.08,0,0
70,TRANSFER,779.69,C000064,7679.46,6899.77,M000103,3938.07,4717.76,0,0
70,CASH_IN,238.66,C000079,18326.99,18088.33,M000185,19426.43,19665.08,0,0
70,PAYMENT,5527.92,C000086,2781.74,0.0,M000046,3782.47,9310.39,0,0
70,TRANSFER,402.57,C000024,2503.8,2101.23,M000054,7250.72,7653.29,0,0
70,CASH_IN,189.71,C000045,5624.42,5434.71,M000165,3063.83,3253.54,0,0
70,CASH_IN,765.21,C000158,36980.8,36215.59,M000084,23357.52,24122.73,0,0
70,CASH_IN,2312.91,C000250,2007.23,0.0,M000176,796.34,3109.25,0,0
70,PAYMENT,165.35,C000022,7990.37,7825.02,M000000,8422.52,8587.87,0,0
70,CASH_OUT,555.25,C000188,1320.32,765.07,M000052,9971.12,10526.37,0,0
70,CASH_OUT,322.52,C000030,5541.81,5219.29,M000171,7455.53,7778.05,0,0
70,CASH_OUT,539.42,C000140,13767.82,13228.41,M000141,5520.59,6060.01,0,0
70,CASH_IN,551.52,C000184,735.55,184.03,M000035,11097.46,11648.98,0,0
70,TRANSFER,141.63,C000021,1033.21,891.58,M000048,12228.29,12369.92,0,0
70,CASH_OUT,134.28,C000208,3970.9,3836.62,M000096,1057.5,1191.78,0,0
70,CASH_OUT,162.87,C000137,3993.3,3830.43,M000124,4288.35,4451.22,0,0
70,PAYMENT,515.07,C000046,7294.0,6778.94,M000071,27713.5,28228.56,0,0
70,CASH_OUT,715.86,C000102,13009.89,12294.03,M000012,3018.62,3734.48,0,0
70,TRANSFER,883.89,C000245,2924.13,2040.23,M000060,6363.91,7247.8,0,0
71,CASH_IN,216.28,C000203,2013.3,1797.03,M000102,15963.36,16179.63,0,0
71,DEBIT,150.98,C000238,753.09,602.11,M000099,13176.99,13327.97,0,0
71,PAYMENT,445.5,C000008,6408.92,5963.42,M000097,3150.55,3596.05,0,0
71,CASH_OUT,249.72,C000079,25427.66,25177.94,M000050,9454.19,9703.92,0,0
71,PAYMENT,265.46,C000148,3083.3,2817.84,M000177,2164.18,2429.64,0,0
71,PAYMENT,570.7,C000140,6678.86,6108.16,M000112,1430.6,2001.3,0,0
71,CASH_IN,734.46,C000058,10150.89,9416.43,M000083,4935.9,5670.36,0,0
71,PAYMENT,502.13,C000004,27348.23,26846.1,M000107,7006.77,7508.9,0,0
71,DEBIT,595.24,C000154,8244.08,7648.84,M000076,15746.85,16342.1,0,0
71,CASH_OUT,165.71,C000212,6222.93,6057.22,M000186,618.28,783.99,0,0
71,CASH_IN,813.67,C000193,7434.65,6620.98,M000118,4184.26,4997.93,0,0
71,CASH_IN,565.14,C000024,9197.55,8632.41,M000002,5736.79,6301.94,0,0
71,PAYMENT,817.09,C000295,548.63,0.0,M000064,3163.96,3981.05,0,0
71,CASH_OUT,80.1,C000157,4311.58,4231.49,M000109,14421.28,14501.38,0,0
71,TRANSFER,798.5,C000051,665.98,0.0,M000139,851.37,1649.87,0,0
71,TRANSFER,70.67,C000296,5380.59,5309.92,M000080,3321.63,3392.31,0,0
71,PAYMENT,489.51,C000298,24745.92,24256.41,M000139,25090.73,25580.25,0,0
71,CASH_IN,825.45,C000278,5164.47,4339.02,M000028,14008.22,14833.67,0,0
71,PAYMENT,84.7,C000243,16700.74,16616.04,M000132,514.08,598.78,0,0
71,PAYMENT,39.23,C000095,4691.29,4652.06,M000125,20934.82,20974.05,0,0
71,TRANSFER,881.52,C000230,1848.74,967.22,M000058,1237.01,2118.53,0,0
71,CASH_OUT,1951.67,C000188,6066.06,4114.39,M000007,2705.93,4657.6,0,0
71,TRANSFER,85.33,C000077,36108.18,36022.86,M000196,5808.49,5893.82,0,0
71,PAYMENT,931.8,C000084,10221.79,9290.0,M000043,1555.9,2487.7,0,0
71,TRANSFER,365.93,C000112,3099.96,2734.03,M000167,9499.74,9865.67,0,0
71,CASH_OUT,13.69,C000166,15964.72,15951.03,M000104,1476.42,1490.11,0,0
71,CASH_IN,493.68,C000158,10009.99,9516.3,M000079,3078.73,3572.41,0,0
71,DEBIT,671.75,C000093,2239.44,1567.69,M000121,24367.62,25039.37,0,0
71,CASH_IN,37.02,C000163,2477.96,2440.94,M000089,68179.17,68216.19,0,0
71,PAYMENT,394.39,C000258,14393.03,13998.63,M000160,14864.93,15259.33,0,0
71,PAYMENT,362.29,C000114,5309.79,4947.5,M000024,18664.66,19026.95,0,0
71,TRANSFER,1712.61,C000263,756.04,0.0,M000130,6944.56,8657.16,0,0
71,CASH_OUT,1086.47,C000104,7758.68,6672.21,M000018,20236.12,21322.59,0,0
71,PAYMENT,2003.78,C000161,1632.02,0.0,M000146,3937.89,5941.67,0,0
71,TRANSFER,287.8,C000274,6891.44,6603.64,M000179,51605.69,51893.5,0,0
71,TRANSFER,795.27,C000063,22518.97,21723.7,M000120,6147.04,6942.31,0,0
71,CASH_OUT,194.57,C000214,8985.87,8791.3,M000021,25227.87,25422.44,0,0
71,PAYMENT,708.12,C000111,4429.72,3721.6,M000199,5505.65,6213.78,0,0
71,CASH_OUT,1642.55,C000245,2866.95,1224.4,M000004,6795.03,8437.57,0,0
71,CASH_OUT,237.33,C000281,13531.17,13293.84,M000036,9354.03,9591.36,0,0
71,CASH_OUT,395.36,C000130,928.83,533.47,M000129,3889.55,4284.91,0,0
71,PAYMENT,1013.32,C000100,7528.66,6515.34,M000004,3823.78,4837.1,0,0
71,CASH_IN,674.62,C000196,3066.89,2392.27,M000078,8138.25,8812.87,0,0
71,PAYMENT,415.28,C000078,4048.63,3633.35,M000171,2715.62,3130.9,0,0
71,TRANSFER,2425.49,C000038,4078.96,1653.47,M000043,5721.09,8146.57,0,0
71,TRANSFER,3930.56,C000111,3512.68,0.0,M000040,5695.0,9625.56,0,0
71,PAYMENT,66.89,C000292,3171.62,3104.73,M000120,25251.77,25318.66,0,0
71,CASH_OUT,385.11,C000287,6106.48,5721.37,M000001,6398.08,6783.2,0,0
71,CASH_OUT,752.6,C000270,34454.21,33701.6,M000101,2473.27,3225.87,0,0
71,CASH_IN,762.45,C000168,16175.16,15412.7,M000194,3746.78,4509.23,0,0
71,CASH_OUT,634.7,C000168,1570.3,935.59,M000154,8975.14,9609.84,0,0
71,PAYMENT,109.67,C000074,6049.31,5939.64,M000132,989.2,1098.87,0,0
71,CASH_OUT,2119.98,C000198,8776.53,6656.55,M000083,18842.09,20962.08,0,0
71,CASH_IN,278.31,C000223,4233.36,3955.05,M000023,755.28,1033.59,0,0
71,CASH_IN,573.59,C000081,2599.89,2026.31,M000114,3985.33,4558.91,0,0
71,PAYMENT,220.65,C000228,12782.12,12561.47,M000166,11559.67,11780.32,0,0
71,TRANSFER,540.68,C000090,3216.64,2675.96,M000089,1972.27,2512.95,0,0
71,PAYMENT,2114.82,C000077,4229.96,2115.14,M000167,15368.36,17483.17,0,0
71,PAYMENT,391.3,C000040,21854.15,21462.85,M000060,4822.0,5213.3,0,0
71,PAYMENT,744.74,C000267,2608.33,1863.58,M000092,8147.43,8892.17,0,0
71,PAYMENT,151.48,C000135,6294.08,6142.61,M000044,1869.94,2021.42,0,0
71,PAYMENT,462.87,C000054,914.04,451.17,M000169,5834.46,6297.34,0,0
71,DEBIT,863.79,C000014,6502.49,5638.7,M000182,11240.24,12104.03,0,0
71,PAYMENT,76.92,C000184,4859.63,4782.71,M000158,1973.64,2050.56,0,0
71,PAYMENT,860.48,C000026,38518.69,37658.21,M000011,6676.89,7537.37,0,0
71,PAYMENT,5269.81,C000215,2236.09,0.0,M000194,7639.11,12908.92,0,0
71,PAYMENT,6576.51,C000263,670.69,0.0,M000122,44740.65,51317.16,0,0
71,DEBIT,2134.37,C000070,73303.95,71169.58,M000099,23586.82,25721.19,0,0
71,CASH_OUT,2741.64,C000121,8915.63,6173.99,M000006,13361.23,16102.87,1,0
71,PAYMENT,806.09,C000102,2093.14,1287.05,M000127,2948.21,3754.31,0,0
71,TRANSFER,1741.58,C000019,1167.76,0.0,M000125,2615.48,4357.07,0,0
71,CASH_IN,540.01,C000060,9690.18,9150.17,M000025,11647.32,12187.33,0,0
71,CASH_IN,247.85,C000042,6246.82,5998.98,M000106,15334.57,15582.42,0,0
71,TRANSFER,3570.84,C000203,4910.87,1340.03,M000043,18837.98,22408.82,0,0
71,PAYMENT,363.92,C000096,16194.83,15830.92,M000042,58572.81,58936.73,0,0
71,PAYMENT,87.98,C000294,8742.81,8654.84,M000048,4653.74,4741.72,0,0
71,PAYMENT,1362.77,C000166,5282.84,3920.08,M000065,14631.38,15994.14,0,0
71,CASH_IN,85.98,C000211,843.96,757.98,M000148,7705.86,7791.83,0,0
71,PAYMENT,126.1,C000177,1378.61,1252.51,M000196,13811.37,13937.47,0,0
71,PAYMENT,10985.41,C000179,7023.47,0.0,M000127,17631.25,28616.66,0,0
71,PAYMENT,2845.85,C000029,8731.63,5885.78,M000091,1096.71,3942.56,0,0
71,TRANSFER,436.48,C000126,2450.93,2014.46,M000119,737.23,1173.7,0,0
71,TRANSFER,1711.78,C000078,6985.7,5273.92,M000040,2785.12,4496.9,0,0
71,CASH_OUT,126.65,C000215,9403.11,9276.47,M000148,5525.93,5652.57,0,0
71,PAYMENT,36.49,C000020,6792.17,6755.69,M000086,8447.52,8484.01,0,0
71,TRANSFER,1462.93,C000186,3465.69,2002.76,M000175,12525.97,13988.9,0,0
71,PAYMENT,374.78,C000066,19640.33,19265.55,M000063,38911.39,39286.18,0,0
71,TRANSFER,79.27,C000052,1539.71,1460.44,M000168,9012.52,9091.79,0,0
71,PAYMENT,585.01,C000229,3497.18,2912.17,M000011,16020.16,16605.17,0,0
71,CASH_IN,1806.86,C000009,12846.38,11039.52,M000083,18309.35,20116.22,0,0
71,CASH_OUT,442.14,C000084,4068.53,3626.39,M000074,1048.67,1490.8,0,0
71,PAYMENT,133.23,C000222,9020.37,8887.14,M000094,4547.81,4681.03,0,0
71,CASH_IN,44.63,C000161,11922.6,11877.97,M000113,3747.51,3792.14,0,0
71,PAYMENT,51.1,C000123,1866.79,1815.69,M000157,7630.88,7681.98,0,0
71,TRANSFER,344.06,C000059,1900.99,1556.94,M000080,4378.21,4722.26,0,0
